Mine Name,Mine_Type,Overall_Risk_Score,Risk_Category,Risk_Drivers,Confidence_Score,Inspection_Priority,AI_Preventive_Recommendation
Aadocm,Opencast,1.5932783352951851,LOW,No major risk indicator,60.0,LOW,Review recent production trends and investigate unusual operational deviations. No immediate high-risk indicator detected; continue routine monitoring.
ABGC,Opencast,3.761386501363512,LOW,No major risk indicator,60.0,LOW,Review recent production trends and investigate unusual operational deviations. No immediate high-risk indicator detected; continue routine monitoring.
Adasa (UG to OC),Opencast,,Insufficient Evidence,No major risk indicator,0.0,INSUFFICIENT EVIDENCE,Collect additional evidence before making a risk-based inspection decision.
Adriyala Saft Project,Underground,10.747512814250374,LOW,Peer production anomaly,60.0,LOW,Review recent production trends and investigate unusual operational deviations. Compare production activity with similar mines and review the cause of significant peer deviation. No immediate high-risk indicator detected; continue routine monitoring.
AGKCC,Opencast,7.85670192615926,LOW,No major risk indicator,60.0,LOW,Review recent production trends and investigate unusual operational deviations. No immediate high-risk indicator detected; continue routine monitoring.
AKK OCP,Opencast,28.09237814279707,LOW,No major risk indicator,60.0,LOW,Review recent production trends and investigate unusual operational deviations. No immediate high-risk indicator detected; continue routine monitoring.
AKWMC,Opencast,22.069855459273917,LOW,No major risk indicator,60.0,LOW,Review recent production trends and investigate unusual operational deviations. No immediate high-risk indicator detected; continue routine monitoring.
Amadand,Opencast,7.320055236319095,LOW,No major risk indicator,60.0,LOW,Review recent production trends and investigate unusual operational deviations. No immediate high-risk indicator detected; continue routine monitoring.
Amagamated Dhansar-Industry,Opencast,1.3523774279542475,LOW,No major risk indicator,60.0,LOW,Review recent production trends and investigate unusual operational deviations. No immediate high-risk indicator detected; continue routine monitoring.
Amalgamated BOCP,Opencast,,Insufficient Evidence,No major risk indicator,0.0,INSUFFICIENT EVIDENCE,Collect additional evidence before making a risk-based inspection decision.
Amalgamated Gondegaon Ghatrohana,Opencast,4.965891038068143,LOW,No major risk indicator,60.0,LOW,Review recent production trends and investigate unusual operational deviations. No immediate high-risk indicator detected; continue routine monitoring.
Amalgamated Inder Kamptee OCM,Opencast,9.006361587705584,LOW,No major risk indicator,60.0,LOW,Review recent production trends and investigate unusual operational deviations. No immediate high-risk indicator detected; continue routine monitoring.
Amalgamated Yekona I & II,Opencast,4.965891038068143,LOW,No major risk indicator,60.0,LOW,Review recent production trends and investigate unusual operational deviations. No immediate high-risk indicator detected; continue routine monitoring.
Amalgameted Sudamdih-Patherdih,Opencast,5.447692852749995,LOW,No major risk indicator,60.0,LOW,Review recent production trends and investigate unusual operational deviations. No immediate high-risk indicator detected; continue routine monitoring.
Amelia (North ) Coal Mine,Opencast,8.524559773023729,LOW,No major risk indicator,60.0,LOW,Review recent production trends and investigate unusual operational deviations. No immediate high-risk indicator detected; continue routine monitoring.
Amelia Coal Block,Opencast,17.67879425197893,LOW,No major risk indicator,60.0,LOW,Review recent production trends and investigate unusual operational deviations. No immediate high-risk indicator detected; continue routine monitoring.
Amera,Opencast,1.7793343674777924,LOW,No major risk indicator,60.0,LOW,Review recent production trends and investigate unusual operational deviations. No immediate high-risk indicator detected; continue routine monitoring.
Amgaon,Opencast,1.29753255279594,LOW,No major risk indicator,60.0,LOW,Review recent production trends and investigate unusual operational deviations. No immediate high-risk indicator detected; continue routine monitoring.
Amlai OC,Opencast,4.965891038068143,LOW,No major risk indicator,60.0,LOW,Review recent production trends and investigate unusual operational deviations. No immediate high-risk indicator detected; continue routine monitoring.
Amlohri,Opencast,4.965891038068143,LOW,Peer production anomaly,60.0,LOW,Review recent production trends and investigate unusual operational deviations. Compare production activity with similar mines and review the cause of significant peer deviation. No immediate high-risk indicator detected; continue routine monitoring.
AMP Colliery,Mixed,65.6180748128233,HIGH,"Operational indicator, Peer production anomaly",60.0,MEDIUM,Review recent production trends and investigate unusual operational deviations. Compare production activity with similar mines and review the cause of significant peer deviation. Prioritize further assessment and focused inspection based on the identified risk indicators.
Amrapali OCP,Opencast,100.0,CRITICAL,"Operational indicator, Peer production anomaly",60.0,HIGH,Review recent production trends and investigate unusual operational deviations. Compare production activity with similar mines and review the cause of significant peer deviation. Prioritize focused inspection and immediate further assessment of the identified risk indicators.
Amritnagar Colliery,Underground,5.206791945409067,LOW,No major risk indicator,60.0,LOW,Review recent production trends and investigate unusual operational deviations. No immediate high-risk indicator detected; continue routine monitoring.
Ananta OCP,Opencast,64.89537209080046,HIGH,Operational indicator,60.0,MEDIUM,Review recent production trends and investigate unusual operational deviations. Prioritize further assessment and focused inspection based on the identified risk indicators.
ARA Reorganisation,Opencast,,Insufficient Evidence,No major risk indicator,0.0,INSUFFICIENT EVIDENCE,Collect additional evidence before making a risk-based inspection decision.
Ashoka,Opencast,25.92426997672876,LOW,No major risk indicator,60.0,LOW,Review recent production trends and investigate unusual operational deviations. No immediate high-risk indicator detected; continue routine monitoring.
Badjna Colliery,Mixed,4.48408922338629,LOW,No major risk indicator,60.0,LOW,Review recent production trends and investigate unusual operational deviations. No immediate high-risk indicator detected; continue routine monitoring.
Bagdeva,Underground,6.170395574772775,LOW,No major risk indicator,60.0,LOW,Review recent production trends and investigate unusual operational deviations. No immediate high-risk indicator detected; continue routine monitoring.
Bahula Colliery,Underground,4.965891038068143,LOW,No major risk indicator,60.0,LOW,Review recent production trends and investigate unusual operational deviations. No immediate high-risk indicator detected; continue routine monitoring.
Ballarpur 3 & 4 Pits,Underground,5.929494667431845,LOW,No major risk indicator,60.0,LOW,Review recent production trends and investigate unusual operational deviations. No immediate high-risk indicator detected; continue routine monitoring.
Ballarpur OCM,Opencast,7.80185705100095,LOW,No major risk indicator,60.0,LOW,Review recent production trends and investigate unusual operational deviations. No immediate high-risk indicator detected; continue routine monitoring.
Balram OCP,Opencast,4.965891038068143,LOW,No major risk indicator,60.0,LOW,Review recent production trends and investigate unusual operational deviations. No immediate high-risk indicator detected; continue routine monitoring.
Balrampur,Underground,4.484089223386293,LOW,No major risk indicator,60.0,LOW,Review recent production trends and investigate unusual operational deviations. No immediate high-risk indicator detected; continue routine monitoring.
Bangwar,Underground,4.965891038068143,LOW,No major risk indicator,60.0,LOW,Review recent production trends and investigate unusual operational deviations. No immediate high-risk indicator detected; continue routine monitoring.
Bankola Colliery,Underground,5.688593760090923,LOW,No major risk indicator,60.0,LOW,Review recent production trends and investigate unusual operational deviations. No immediate high-risk indicator detected; continue routine monitoring.
Bansra Colliery,Mixed,5.929494667431849,LOW,No major risk indicator,60.0,LOW,Review recent production trends and investigate unusual operational deviations. No immediate high-risk indicator detected; continue routine monitoring.
Baranj,Opencast,16.474289715274296,LOW,No major risk indicator,60.0,LOW,Review recent production trends and investigate unusual operational deviations. No immediate high-risk indicator detected; continue routine monitoring.
Barjora (North) Coal Mine,Opencast,26.40607179141058,LOW,No major risk indicator,60.0,LOW,Review recent production trends and investigate unusual operational deviations. No immediate high-risk indicator detected; continue routine monitoring.
Barmuri,Opencast,4.7249901307272175,LOW,No major risk indicator,60.0,LOW,Review recent production trends and investigate unusual operational deviations. No immediate high-risk indicator detected; continue routine monitoring.
Baroud OC,Opencast,11.897172475796705,LOW,No major risk indicator,60.0,LOW,Review recent production trends and investigate unusual operational deviations. No immediate high-risk indicator detected; continue routine monitoring.
Bartarai,Underground,4.7249901307272175,LOW,No major risk indicator,60.0,LOW,Review recent production trends and investigate unusual operational deviations. No immediate high-risk indicator detected; continue routine monitoring.
Basantimata -Dahibari,Opencast,6.893098296795552,LOW,No major risk indicator,60.0,LOW,Review recent production trends and investigate unusual operational deviations. No immediate high-risk indicator detected; continue routine monitoring.
Basdeopur,Opencast,4.965891038068143,LOW,No major risk indicator,60.0,LOW,Review recent production trends and investigate unusual operational deviations. No immediate high-risk indicator detected; continue routine monitoring.
Bastacolla,Opencast,2.0202352748187176,LOW,No major risk indicator,60.0,LOW,Review recent production trends and investigate unusual operational deviations. No immediate high-risk indicator detected; continue routine monitoring.
Basundhara (West) OCP,Opencast,,Insufficient Evidence,No major risk indicator,0.0,INSUFFICIENT EVIDENCE,Collect additional evidence before making a risk-based inspection decision.
Behraband,Underground,4.00228740870444,LOW,No major risk indicator,60.0,LOW,Review recent production trends and investigate unusual operational deviations. No immediate high-risk indicator detected; continue routine monitoring.
Bejdih Colliery,Underground,4.965891038068143,LOW,No major risk indicator,60.0,LOW,Review recent production trends and investigate unusual operational deviations. No immediate high-risk indicator detected; continue routine monitoring.
Belbaid Colliery,Underground,4.965891038068143,LOW,No major risk indicator,60.0,LOW,Review recent production trends and investigate unusual operational deviations. No immediate high-risk indicator detected; continue routine monitoring.
Belgaon Coal Mine,Underground,,Insufficient Evidence,No major risk indicator,0.0,INSUFFICIENT EVIDENCE,Collect additional evidence before making a risk-based inspection decision.
Bhadra,Underground,5.688593760090923,LOW,No major risk indicator,60.0,LOW,Review recent production trends and investigate unusual operational deviations. No immediate high-risk indicator detected; continue routine monitoring.
Bhanegaon OCM,Opencast,13.101677012501325,LOW,No major risk indicator,60.0,LOW,Review recent production trends and investigate unusual operational deviations. No immediate high-risk indicator detected; continue routine monitoring.
Bhanora West Block colliery & Bhanora OC patch (H),Mixed,4.965891038068143,LOW,No major risk indicator,60.0,LOW,Review recent production trends and investigate unusual operational deviations. No immediate high-risk indicator detected; continue routine monitoring.
Bharatpur OCP,Opencast,,Insufficient Evidence,No major risk indicator,0.0,INSUFFICIENT EVIDENCE,Collect additional evidence before making a risk-based inspection decision.
Bhatadi OC Mine,Opencast,19.901747293205577,LOW,No major risk indicator,60.0,LOW,Review recent production trends and investigate unusual operational deviations. No immediate high-risk indicator detected; continue routine monitoring.
Bhatgaon,Underground,5.929494667431849,LOW,No major risk indicator,60.0,LOW,Review recent production trends and investigate unusual operational deviations. No immediate high-risk indicator detected; continue routine monitoring.
Bhelatand Colliery,Underground,,Insufficient Evidence,No major risk indicator,0.0,INSUFFICIENT EVIDENCE,Collect additional evidence before making a risk-based inspection decision.
Bhowra(S),Opencast,3.465640718864275,LOW,No major risk indicator,60.0,LOW,Review recent production trends and investigate unusual operational deviations. No immediate high-risk indicator detected; continue routine monitoring.
Bhubaneswari OCP,Opencast,100.0,CRITICAL,"Operational indicator, Peer production anomaly",60.0,HIGH,Review recent production trends and investigate unusual operational deviations. Compare production activity with similar mines and review the cause of significant peer deviation. Prioritize focused inspection and immediate further assessment of the identified risk indicators.
Bhurkunda,Underground,,Insufficient Evidence,No major risk indicator,0.0,INSUFFICIENT EVIDENCE,Collect additional evidence before making a risk-based inspection decision.
Bhurkunda (Sangum),Opencast,11.470215536273152,LOW,No major risk indicator,60.0,LOW,Review recent production trends and investigate unusual operational deviations. No immediate high-risk indicator detected; continue routine monitoring.
Bicharpur,Underground,4.429244348227983,LOW,No major risk indicator,60.0,LOW,Review recent production trends and investigate unusual operational deviations. No immediate high-risk indicator detected; continue routine monitoring.
Bijari OC,Opencast,15.510686085910594,LOW,No major risk indicator,60.0,LOW,Review recent production trends and investigate unusual operational deviations. No immediate high-risk indicator detected; continue routine monitoring.
Bijuri,Underground,6.170395574772775,LOW,No major risk indicator,60.0,LOW,Review recent production trends and investigate unusual operational deviations. No immediate high-risk indicator detected; continue routine monitoring.
Bina Extn,Opencast,4.965891038068143,LOW,No major risk indicator,60.0,LOW,Review recent production trends and investigate unusual operational deviations. No immediate high-risk indicator detected; continue routine monitoring.
Block-B Project,Opencast,4.965891038068143,LOW,No major risk indicator,60.0,LOW,Review recent production trends and investigate unusual operational deviations. No immediate high-risk indicator detected; continue routine monitoring.
Bokaro OC (Bermo),Opencast,4.48408922338629,LOW,No major risk indicator,60.0,LOW,Review recent production trends and investigate unusual operational deviations. No immediate high-risk indicator detected; continue routine monitoring.
Bonjemehari OC (Extn),Opencast,,Insufficient Evidence,No major risk indicator,0.0,INSUFFICIENT EVIDENCE,Collect additional evidence before making a risk-based inspection decision.
C L Jambad OCP,Opencast,,Insufficient Evidence,No major risk indicator,0.0,INSUFFICIENT EVIDENCE,Collect additional evidence before making a risk-based inspection decision.
Central Kajora Colliery,Underground,5.447692852749995,LOW,No major risk indicator,60.0,LOW,Review recent production trends and investigate unusual operational deviations. No immediate high-risk indicator detected; continue routine monitoring.
Central Saunda,Underground,,Insufficient Evidence,No major risk indicator,0.0,INSUFFICIENT EVIDENCE,Collect additional evidence before making a risk-based inspection decision.
Chainpur(Sarubera) Colly.,Opencast,4.965891038068143,LOW,No major risk indicator,60.0,LOW,Review recent production trends and investigate unusual operational deviations. No immediate high-risk indicator detected; continue routine monitoring.
Chanda Rayatwari Colliery,Underground,,Insufficient Evidence,No major risk indicator,0.0,INSUFFICIENT EVIDENCE,Collect additional evidence before making a risk-based inspection decision.
Chapapur-II & Chappapur 10 Quarry (OC),Mixed,,Insufficient Evidence,No major risk indicator,0.0,INSUFFICIENT EVIDENCE,Collect additional evidence before making a risk-based inspection decision.
Chapuikhas Colliery,Underground,4.965891038068143,LOW,No major risk indicator,60.0,LOW,Review recent production trends and investigate unusual operational deviations. No immediate high-risk indicator detected; continue routine monitoring.
Chasnalla Colliery,Underground,4.002287408704437,LOW,No major risk indicator,60.0,LOW,Review recent production trends and investigate unusual operational deviations. No immediate high-risk indicator detected; continue routine monitoring.
Chatti Bariatu Coal Mining Project,Opencast,,Insufficient Evidence,No major risk indicator,0.0,INSUFFICIENT EVIDENCE,Collect additional evidence before making a risk-based inspection decision.
Chhal OC,Opencast,,Insufficient Evidence,No major risk indicator,0.0,INSUFFICIENT EVIDENCE,Collect additional evidence before making a risk-based inspection decision.
Chhatarpur -II,Underground,6.893098296795555,LOW,No major risk indicator,60.0,LOW,Review recent production trends and investigate unusual operational deviations. No immediate high-risk indicator detected; continue routine monitoring.
Chhatarpur 1,Underground,0.815730738114085,LOW,No major risk indicator,60.0,LOW,Review recent production trends and investigate unusual operational deviations. No immediate high-risk indicator detected; continue routine monitoring.
Chhinda,Opencast,,Insufficient Evidence,No major risk indicator,0.0,INSUFFICIENT EVIDENCE,Collect additional evidence before making a risk-based inspection decision.
Chinakuri Mine III,Underground,,Insufficient Evidence,No major risk indicator,0.0,INSUFFICIENT EVIDENCE,Collect additional evidence before making a risk-based inspection decision.
Chirimiri,Opencast,1.29753255279594,LOW,No major risk indicator,60.0,LOW,Review recent production trends and investigate unusual operational deviations. No immediate high-risk indicator detected; continue routine monitoring.
Chitra East OCP,Opencast,12.619875197819477,LOW,No major risk indicator,60.0,LOW,Review recent production trends and investigate unusual operational deviations. No immediate high-risk indicator detected; continue routine monitoring.
Chora 10 Pit Colliery,Underground,4.965891038068143,LOW,No major risk indicator,60.0,LOW,Review recent production trends and investigate unusual operational deviations. No immediate high-risk indicator detected; continue routine monitoring.
Chora 7&9 Pits Colliery,Underground,4.965891038068143,LOW,No major risk indicator,60.0,LOW,Review recent production trends and investigate unusual operational deviations. No immediate high-risk indicator detected; continue routine monitoring.
Chora Block Incline UG & Shankarpur OC & Banbahal OC,Mixed,,Insufficient Evidence,No major risk indicator,0.0,INSUFFICIENT EVIDENCE,Collect additional evidence before making a risk-based inspection decision.
Churcha RO,Underground,,Insufficient Evidence,Peer production anomaly,0.0,INSUFFICIENT EVIDENCE,Review recent production trends and investigate unusual operational deviations. Compare production activity with similar mines and review the cause of significant peer deviation. Collect additional evidence before making a risk-based inspection decision.
Dabor Ph-II & III OC,Opencast,0.870575613272395,LOW,No major risk indicator,60.0,LOW,Review recent production trends and investigate unusual operational deviations. No immediate high-risk indicator detected; continue routine monitoring.
Dakra Bukbuka OC,Opencast,,Insufficient Evidence,No major risk indicator,0.0,INSUFFICIENT EVIDENCE,Collect additional evidence before making a risk-based inspection decision.
Dalurband OC,Opencast,,Insufficient Evidence,No major risk indicator,0.0,INSUFFICIENT EVIDENCE,Collect additional evidence before making a risk-based inspection decision.
Damini,Underground,5.20679194540907,LOW,No major risk indicator,60.0,LOW,Review recent production trends and investigate unusual operational deviations. No immediate high-risk indicator detected; continue routine monitoring.
Damoda,Opencast,4.002287408704437,LOW,No major risk indicator,60.0,LOW,Review recent production trends and investigate unusual operational deviations. No immediate high-risk indicator detected; continue routine monitoring.
Dhankasa & Jamunia,Underground,4.965891038068143,LOW,No major risk indicator,60.0,LOW,Review recent production trends and investigate unusual operational deviations. No immediate high-risk indicator detected; continue routine monitoring.
Dhanpuri,Opencast,14.36102642436427,LOW,No major risk indicator,60.0,LOW,Review recent production trends and investigate unusual operational deviations. No immediate high-risk indicator detected; continue routine monitoring.
Dhelwadih Colliery,Underground,4.7249901307272175,LOW,No major risk indicator,60.0,LOW,Review recent production trends and investigate unusual operational deviations. No immediate high-risk indicator detected; continue routine monitoring.
Dhemomain Incl Colliery,Underground,4.965891038068143,LOW,No major risk indicator,60.0,LOW,Review recent production trends and investigate unusual operational deviations. No immediate high-risk indicator detected; continue routine monitoring.
Dhemomain Pit Colliery,Underground,4.965891038068143,LOW,No major risk indicator,60.0,LOW,Review recent production trends and investigate unusual operational deviations. No immediate high-risk indicator detected; continue routine monitoring.
Dhoptala OC (Sasti Colliery),Opencast,18.642397881342635,LOW,No major risk indicator,60.0,LOW,Review recent production trends and investigate unusual operational deviations. No immediate high-risk indicator detected; continue routine monitoring.
Dhori Khas(UG),Underground,4.7249901307272175,LOW,No major risk indicator,60.0,LOW,Review recent production trends and investigate unusual operational deviations. No immediate high-risk indicator detected; continue routine monitoring.
Dipka,Opencast,26.366646200608315,LOW,Peer production anomaly,100.0,LOW,Increase environmental monitoring and investigate potential sources of elevated pollutant levels. Review recent production trends and investigate unusual operational deviations. Compare production activity with similar mines and review the cause of significant peer deviation. No immediate high-risk indicator detected; continue routine monitoring.
Dubeswari Colliery,Underground,4.965891038068143,LOW,No major risk indicator,60.0,LOW,Review recent production trends and investigate unusual operational deviations. No immediate high-risk indicator detected; continue routine monitoring.
Dudhichua Project,Opencast,42.49158770809432,MEDIUM,No major risk indicator,60.0,MEDIUM,Review recent production trends and investigate unusual operational deviations. Continue monitoring and conduct a focused review of the identified risk indicators.
Dulanga Coal Mining Project,Opencast,4.965891038068143,LOW,No major risk indicator,60.0,LOW,Review recent production trends and investigate unusual operational deviations. No immediate high-risk indicator detected; continue routine monitoring.
Durgapur Open Cast,Opencast,13.583478827183182,LOW,No major risk indicator,60.0,LOW,Review recent production trends and investigate unusual operational deviations. No immediate high-risk indicator detected; continue routine monitoring.
Durgapur Rayatwari Colly,Underground,4.965891038068143,LOW,No major risk indicator,60.0,LOW,Review recent production trends and investigate unusual operational deviations. No immediate high-risk indicator detected; continue routine monitoring.
DVC Tubed Mines,Opencast,30.928344155729874,MEDIUM,No major risk indicator,60.0,LOW,Review recent production trends and investigate unusual operational deviations. Continue monitoring and conduct a focused review of the identified risk indicators.
E.Basuria,Opencast,,Insufficient Evidence,No major risk indicator,0.0,INSUFFICIENT EVIDENCE,Collect additional evidence before making a risk-based inspection decision.
Ena,Opencast,5.874649792273543,LOW,No major risk indicator,60.0,LOW,Review recent production trends and investigate unusual operational deviations. No immediate high-risk indicator detected; continue routine monitoring.
G & G B Coal Mine,Opencast,38.396272283298586,MEDIUM,No major risk indicator,60.0,LOW,Review recent production trends and investigate unusual operational deviations. Continue monitoring and conduct a focused review of the identified risk indicators.
Gare Palma IV 6,Opencast,,Insufficient Evidence,No major risk indicator,0.0,INSUFFICIENT EVIDENCE,Collect additional evidence before making a risk-based inspection decision.
Gare Palma IV-2&3,Opencast,,Insufficient Evidence,No major risk indicator,0.0,INSUFFICIENT EVIDENCE,Collect additional evidence before making a risk-based inspection decision.
Gare Palma IV/1,Opencast,,Insufficient Evidence,No major risk indicator,0.0,INSUFFICIENT EVIDENCE,Collect additional evidence before making a risk-based inspection decision.
Gare Palma IV/2&3,Opencast,50.496162525503216,MEDIUM,No major risk indicator,60.0,MEDIUM,Review recent production trends and investigate unusual operational deviations. Continue monitoring and conduct a focused review of the identified risk indicators.
Gare Palma IV/7,Opencast,0.815730738114085,LOW,No major risk indicator,60.0,LOW,Review recent production trends and investigate unusual operational deviations. No immediate high-risk indicator detected; continue routine monitoring.
Gare Palma Sector III,Opencast,4.188343440887053,LOW,No major risk indicator,60.0,LOW,Review recent production trends and investigate unusual operational deviations. No immediate high-risk indicator detected; continue routine monitoring.
Garjanbahal OCP,Opencast,16.95609152995615,LOW,No major risk indicator,60.0,LOW,Review recent production trends and investigate unusual operational deviations. No immediate high-risk indicator detected; continue routine monitoring.
Gayatri,Underground,4.42924434822798,LOW,No major risk indicator,60.0,LOW,Review recent production trends and investigate unusual operational deviations. No immediate high-risk indicator detected; continue routine monitoring.
Gevra,Opencast,77.86164042293184,HIGH,"Environmental indicator, Operational indicator, Peer production anomaly",100.0,URGENT,Increase environmental monitoring and investigate potential sources of elevated pollutant levels. Review recent production trends and investigate unusual operational deviations. Compare production activity with similar mines and review the cause of significant peer deviation. Prioritize further assessment and focused inspection based on the identified risk indicators.
"Ghonsa,",Opencast,1.5932783352951774,LOW,No major risk indicator,60.0,LOW,Review recent production trends and investigate unusual operational deviations. No immediate high-risk indicator detected; continue routine monitoring.
Gidi `A',Opencast,1.29753255279594,LOW,No major risk indicator,60.0,LOW,Review recent production trends and investigate unusual operational deviations. No immediate high-risk indicator detected; continue routine monitoring.
Gidi `C',Opencast,2.0750801499770275,LOW,No major risk indicator,60.0,LOW,Review recent production trends and investigate unusual operational deviations. No immediate high-risk indicator detected; continue routine monitoring.
Giridih OC,Opencast,9.78390918488667,LOW,No major risk indicator,60.0,LOW,Review recent production trends and investigate unusual operational deviations. No immediate high-risk indicator detected; continue routine monitoring.
Godavari Khani 1 & 3,Underground,5.206791945409067,LOW,No major risk indicator,60.0,LOW,Review recent production trends and investigate unusual operational deviations. No immediate high-risk indicator detected; continue routine monitoring.
Godavari Khani-11 Incline,Underground,10.506611906909445,LOW,No major risk indicator,60.0,LOW,Review recent production trends and investigate unusual operational deviations. No immediate high-risk indicator detected; continue routine monitoring.
Godavari Khani-2 & 2A,Underground,5.447692852749995,LOW,No major risk indicator,60.0,LOW,Review recent production trends and investigate unusual operational deviations. No immediate high-risk indicator detected; continue routine monitoring.
Godavarikhani V OC,Opencast,,Insufficient Evidence,No major risk indicator,0.0,INSUFFICIENT EVIDENCE,Collect additional evidence before making a risk-based inspection decision.
Gokul OC Mine + Gokul Extn.,Opencast,6.652197389454623,LOW,No major risk indicator,60.0,LOW,Review recent production trends and investigate unusual operational deviations. No immediate high-risk indicator detected; continue routine monitoring.
Gondudih/Khas Kusunda,Opencast,,Insufficient Evidence,No major risk indicator,0.0,INSUFFICIENT EVIDENCE,Collect additional evidence before making a risk-based inspection decision.
Gopalichuck,Opencast,0.388773798590545,LOW,No major risk indicator,60.0,LOW,Review recent production trends and investigate unusual operational deviations. No immediate high-risk indicator detected; continue routine monitoring.
Gopinathpur,Opencast,5.20679194540907,LOW,No major risk indicator,60.0,LOW,Review recent production trends and investigate unusual operational deviations. No immediate high-risk indicator detected; continue routine monitoring.
Gotitoria E & W,Opencast,,Insufficient Evidence,No major risk indicator,0.0,INSUFFICIENT EVIDENCE,Collect additional evidence before making a risk-based inspection decision.
Gourangdi-A OCP,Opencast,,Insufficient Evidence,No major risk indicator,0.0,INSUFFICIENT EVIDENCE,Collect additional evidence before making a risk-based inspection decision.
Gourangdih Extn OC,Opencast,,Insufficient Evidence,No major risk indicator,0.0,INSUFFICIENT EVIDENCE,Collect additional evidence before making a risk-based inspection decision.
Gouri -Pauni(A) OCM,Opencast,35.98726320988932,MEDIUM,No major risk indicator,60.0,LOW,Review recent production trends and investigate unusual operational deviations. Continue monitoring and conduct a focused review of the identified risk indicators.
Gouri Deep,Opencast,9.302107370204816,LOW,No major risk indicator,60.0,LOW,Review recent production trends and investigate unusual operational deviations. No immediate high-risk indicator detected; continue routine monitoring.
Gouthampur Khani OCP,Opencast,16.047332775750753,LOW,No major risk indicator,60.0,LOW,Review recent production trends and investigate unusual operational deviations. No immediate high-risk indicator detected; continue routine monitoring.
Govindpur,Underground,5.206791945409067,LOW,No major risk indicator,60.0,LOW,Review recent production trends and investigate unusual operational deviations. No immediate high-risk indicator detected; continue routine monitoring.
Govindpur Ph-II OCP,Opencast,,Insufficient Evidence,No major risk indicator,0.0,INSUFFICIENT EVIDENCE,Collect additional evidence before making a risk-based inspection decision.
GP-IV-8 Coal Mine,Underground,10.9884137215913,LOW,Peer production anomaly,60.0,LOW,Review recent production trends and investigate unusual operational deviations. Compare production activity with similar mines and review the cause of significant peer deviation. No immediate high-risk indicator detected; continue routine monitoring.
Haldibari,Underground,,Insufficient Evidence,No major risk indicator,0.0,INSUFFICIENT EVIDENCE,Collect additional evidence before making a risk-based inspection decision.
Hariajam,Underground,4.7249901307272175,LOW,No major risk indicator,60.0,LOW,Review recent production trends and investigate unusual operational deviations. No immediate high-risk indicator detected; continue routine monitoring.
Hindustan Lalpeth Colliery No.1,Underground,4.965891038068143,LOW,No major risk indicator,60.0,LOW,Review recent production trends and investigate unusual operational deviations. No immediate high-risk indicator detected; continue routine monitoring.
Hindustan Lalpeth OC,Opencast,4.965891038068143,LOW,No major risk indicator,60.0,LOW,Review recent production trends and investigate unusual operational deviations. No immediate high-risk indicator detected; continue routine monitoring.
Hingula OCP,Opencast,11.415370661114835,LOW,No major risk indicator,60.0,LOW,Review recent production trends and investigate unusual operational deviations. No immediate high-risk indicator detected; continue routine monitoring.
Hirakhand Bundia Mine,Underground,4.7249901307272175,LOW,No major risk indicator,60.0,LOW,Review recent production trends and investigate unusual operational deviations. No immediate high-risk indicator detected; continue routine monitoring.
Hurra C,Opencast,39.118975005321374,MEDIUM,No major risk indicator,60.0,LOW,Review recent production trends and investigate unusual operational deviations. Continue monitoring and conduct a focused review of the identified risk indicators.
"Indaram Khani-1A, Incline",Underground,11.71111644361408,LOW,No major risk indicator,60.0,LOW,Review recent production trends and investigate unusual operational deviations. No immediate high-risk indicator detected; continue routine monitoring.
Indaram Khani-OC,Opencast,11.71111644361408,LOW,No major risk indicator,60.0,LOW,Review recent production trends and investigate unusual operational deviations. No immediate high-risk indicator detected; continue routine monitoring.
Int. Lakhanpur-Belpahar-Lilari OCP,Opencast,,Insufficient Evidence,Peer production anomaly,0.0,INSUFFICIENT EVIDENCE,Review recent production trends and investigate unusual operational deviations. Compare production activity with similar mines and review the cause of significant peer deviation. Collect additional evidence before making a risk-based inspection decision.
Itapara OC Patch,Opencast,7.13399920413648,LOW,No major risk indicator,60.0,LOW,Review recent production trends and investigate unusual operational deviations. No immediate high-risk indicator detected; continue routine monitoring.
J. K. Nagar Colliery,Underground,5.447692852749995,LOW,No major risk indicator,60.0,LOW,Review recent production trends and investigate unusual operational deviations. No immediate high-risk indicator detected; continue routine monitoring.
Jaganathpur,Opencast,8.765460680364663,LOW,No major risk indicator,60.0,LOW,Review recent production trends and investigate unusual operational deviations. No immediate high-risk indicator detected; continue routine monitoring.
Jagannath Re-org OCP,Opencast,,Insufficient Evidence,No major risk indicator,0.0,INSUFFICIENT EVIDENCE,Collect additional evidence before making a risk-based inspection decision.
Jalagam Vengala Rao OC-2,Opencast,20.810506047410986,LOW,No major risk indicator,60.0,LOW,Review recent production trends and investigate unusual operational deviations. No immediate high-risk indicator detected; continue routine monitoring.
Jalipa,Opencast,,Insufficient Evidence,No major risk indicator,0.0,INSUFFICIENT EVIDENCE,Collect additional evidence before making a risk-based inspection decision.
Jamadoba Colliery,Mixed,8.579404648182038,LOW,No major risk indicator,60.0,LOW,Review recent production trends and investigate unusual operational deviations. No immediate high-risk indicator detected; continue routine monitoring.
Jambad OCP,Opencast,7.61580101881833,LOW,No major risk indicator,60.0,LOW,Review recent production trends and investigate unusual operational deviations. No immediate high-risk indicator detected; continue routine monitoring.
Jambad UG Colliery,Underground,5.688593760090923,LOW,No major risk indicator,60.0,LOW,Review recent production trends and investigate unusual operational deviations. No immediate high-risk indicator detected; continue routine monitoring.
Jamkhani Coal Mine,Opencast,29.723839619025245,LOW,No major risk indicator,60.0,LOW,Review recent production trends and investigate unusual operational deviations. No immediate high-risk indicator detected; continue routine monitoring.
Jampali,Opencast,4.965891038068143,LOW,No major risk indicator,60.0,LOW,Review recent production trends and investigate unusual operational deviations. No immediate high-risk indicator detected; continue routine monitoring.
Jamuna 9 & 10 Jamuna RO,Underground,,Insufficient Evidence,No major risk indicator,0.0,INSUFFICIENT EVIDENCE,Collect additional evidence before making a risk-based inspection decision.
Jarangdih OC,Opencast,9.72906430972836,LOW,No major risk indicator,60.0,LOW,Review recent production trends and investigate unusual operational deviations. No immediate high-risk indicator detected; continue routine monitoring.
"Jawahar Khani OC-5,",Opencast,17.251837312455383,LOW,No major risk indicator,60.0,LOW,Review recent production trends and investigate unusual operational deviations. No immediate high-risk indicator detected; continue routine monitoring.
Jayant Project,Opencast,75.49501201380124,HIGH,"Operational indicator, Peer production anomaly",60.0,HIGH,Review recent production trends and investigate unusual operational deviations. Compare production activity with similar mines and review the cause of significant peer deviation. Prioritize further assessment and focused inspection based on the identified risk indicators.
Jhanjra Project Colliery,Underground,,Insufficient Evidence,Peer production anomaly,0.0,INSUFFICIENT EVIDENCE,Review recent production trends and investigate unusual operational deviations. Compare production activity with similar mines and review the cause of significant peer deviation. Collect additional evidence before making a risk-based inspection decision.
Jharkhand OCP,Opencast,4.00228740870444,LOW,No major risk indicator,60.0,LOW,Review recent production trends and investigate unusual operational deviations. No immediate high-risk indicator detected; continue routine monitoring.
Jhilimili Colliery,Underground,3.5204855940225848,LOW,No major risk indicator,60.0,LOW,Review recent production trends and investigate unusual operational deviations. No immediate high-risk indicator detected; continue routine monitoring.
Jhingurda Project,Opencast,2.79778287199981,LOW,No major risk indicator,60.0,LOW,Review recent production trends and investigate unusual operational deviations. No immediate high-risk indicator detected; continue routine monitoring.
Jhiria,Underground,4.002287408704437,LOW,No major risk indicator,60.0,LOW,Review recent production trends and investigate unusual operational deviations. No immediate high-risk indicator detected; continue routine monitoring.
Jitpur Colliery,Underground,4.484089223386293,LOW,No major risk indicator,60.0,LOW,Review recent production trends and investigate unusual operational deviations. No immediate high-risk indicator detected; continue routine monitoring.
Jogidih,Underground,4.965891038068143,LOW,No major risk indicator,60.0,LOW,Review recent production trends and investigate unusual operational deviations. No immediate high-risk indicator detected; continue routine monitoring.
Joyrampur,Opencast,,Insufficient Evidence,No major risk indicator,0.0,INSUFFICIENT EVIDENCE,Collect additional evidence before making a risk-based inspection decision.
"Junad,",Opencast,9.06120646286389,LOW,No major risk indicator,60.0,LOW,Review recent production trends and investigate unusual operational deviations. No immediate high-risk indicator detected; continue routine monitoring.
K. Dewarkhand,Opencast,5.392847977591687,LOW,No major risk indicator,60.0,LOW,Review recent production trends and investigate unusual operational deviations. No immediate high-risk indicator detected; continue routine monitoring.
Kabribad OC,Opencast,4.911046162909832,LOW,No major risk indicator,60.0,LOW,Review recent production trends and investigate unusual operational deviations. No immediate high-risk indicator detected; continue routine monitoring.
Kakatiya Khani-1 & 1A Incline,Underground,5.688593760090923,LOW,No major risk indicator,60.0,LOW,Review recent production trends and investigate unusual operational deviations. No immediate high-risk indicator detected; continue routine monitoring.
Kakatiya Khani-5 Incline,Underground,5.20679194540907,LOW,No major risk indicator,60.0,LOW,Review recent production trends and investigate unusual operational deviations. No immediate high-risk indicator detected; continue routine monitoring.
"Kakatiya Khani-6, Incline",Underground,5.688593760090923,LOW,No major risk indicator,60.0,LOW,Review recent production trends and investigate unusual operational deviations. No immediate high-risk indicator detected; continue routine monitoring.
Kakatiya Khani-8 & 8A Incline,Underground,5.447692852749995,LOW,No major risk indicator,60.0,LOW,Review recent production trends and investigate unusual operational deviations. No immediate high-risk indicator detected; continue routine monitoring.
Kakatiya Khani-OC II,Opencast,0.815730738114085,LOW,No major risk indicator,60.0,LOW,Review recent production trends and investigate unusual operational deviations. No immediate high-risk indicator detected; continue routine monitoring.
Kakatiya Khani-OC-III,Opencast,9.24726249504651,LOW,No major risk indicator,60.0,LOW,Review recent production trends and investigate unusual operational deviations. No immediate high-risk indicator detected; continue routine monitoring.
Kakri Project,Opencast,15.083729146387045,LOW,No major risk indicator,60.0,LOW,Review recent production trends and investigate unusual operational deviations. No immediate high-risk indicator detected; continue routine monitoring.
Kalidaspur Project,Underground,4.48408922338629,LOW,No major risk indicator,60.0,LOW,Review recent production trends and investigate unusual operational deviations. No immediate high-risk indicator detected; continue routine monitoring.
Kalyan Khani OC,Opencast,6.652197389454627,LOW,No major risk indicator,60.0,LOW,Review recent production trends and investigate unusual operational deviations. No immediate high-risk indicator detected; continue routine monitoring.
Kalyan Khani-1 & 5 Incline,Underground,7.615801018818333,LOW,No major risk indicator,60.0,LOW,Review recent production trends and investigate unusual operational deviations. No immediate high-risk indicator detected; continue routine monitoring.
Kanchan OC,Opencast,4.670145255568907,LOW,No major risk indicator,60.0,LOW,Review recent production trends and investigate unusual operational deviations. No immediate high-risk indicator detected; continue routine monitoring.
Kaniha OCP,Opencast,13.156521887659636,LOW,No major risk indicator,60.0,LOW,Review recent production trends and investigate unusual operational deviations. No immediate high-risk indicator detected; continue routine monitoring.
Kankanee,Opencast,2.0750801499770275,LOW,No major risk indicator,60.0,LOW,Review recent production trends and investigate unusual operational deviations. No immediate high-risk indicator detected; continue routine monitoring.
Kapasara,Opencast,7.13399920413648,LOW,No major risk indicator,60.0,LOW,Review recent production trends and investigate unusual operational deviations. No immediate high-risk indicator detected; continue routine monitoring.
Kapurdi,Underground,,Insufficient Evidence,No major risk indicator,0.0,INSUFFICIENT EVIDENCE,Collect additional evidence before making a risk-based inspection decision.
Kargali OC,Opencast,,Insufficient Evidence,No major risk indicator,0.0,INSUFFICIENT EVIDENCE,Collect additional evidence before making a risk-based inspection decision.
Karma,Opencast,1.593278335295175,LOW,No major risk indicator,60.0,LOW,Review recent production trends and investigate unusual operational deviations. No immediate high-risk indicator detected; continue routine monitoring.
KARO SPL OC,Underground,,Insufficient Evidence,No major risk indicator,0.0,INSUFFICIENT EVIDENCE,Collect additional evidence before making a risk-based inspection decision.
Karo-I OC,Opencast,9.783909184886667,LOW,No major risk indicator,60.0,LOW,Review recent production trends and investigate unusual operational deviations. No immediate high-risk indicator detected; continue routine monitoring.
Kasipet 1 Incline,Underground,4.00228740870444,LOW,No major risk indicator,60.0,LOW,Review recent production trends and investigate unusual operational deviations. No immediate high-risk indicator detected; continue routine monitoring.
Kasipet 2 Incline,Underground,4.243188316045365,LOW,No major risk indicator,60.0,LOW,Review recent production trends and investigate unusual operational deviations. No immediate high-risk indicator detected; continue routine monitoring.
Kathara Colly,Opencast,1.8341792426361,LOW,No major risk indicator,60.0,LOW,Review recent production trends and investigate unusual operational deviations. No immediate high-risk indicator detected; continue routine monitoring.
Kathautia Open Cast Coal Mine,Opencast,3.761386501363512,LOW,No major risk indicator,60.0,LOW,Review recent production trends and investigate unusual operational deviations. No immediate high-risk indicator detected; continue routine monitoring.
Katkona 1 & 2,Underground,,Insufficient Evidence,No major risk indicator,0.0,INSUFFICIENT EVIDENCE,Collect additional evidence before making a risk-based inspection decision.
Kedla (OC),Opencast,4.965891038068143,LOW,No major risk indicator,60.0,LOW,Review recent production trends and investigate unusual operational deviations. No immediate high-risk indicator detected; continue routine monitoring.
Kedla UG,Underground,,Insufficient Evidence,No major risk indicator,0.0,INSUFFICIENT EVIDENCE,Collect additional evidence before making a risk-based inspection decision.
Kerandari,Opencast,,Insufficient Evidence,No major risk indicator,0.0,INSUFFICIENT EVIDENCE,Collect additional evidence before making a risk-based inspection decision.
Ketki,Underground,4.243188316045365,LOW,No major risk indicator,60.0,LOW,Review recent production trends and investigate unusual operational deviations. No immediate high-risk indicator detected; continue routine monitoring.
Khadia Project,Opencast,4.965891038068143,LOW,No major risk indicator,60.0,LOW,Review recent production trends and investigate unusual operational deviations. No immediate high-risk indicator detected; continue routine monitoring.
Khairagura OC,Opencast,15.028884271228742,LOW,No major risk indicator,60.0,LOW,Review recent production trends and investigate unusual operational deviations. No immediate high-risk indicator detected; continue routine monitoring.
Khairaha,Underground,4.965891038068143,LOW,Peer production anomaly,60.0,LOW,Review recent production trends and investigate unusual operational deviations. Compare production activity with similar mines and review the cause of significant peer deviation. No immediate high-risk indicator detected; continue routine monitoring.
Khandra Colliery,Underground,5.20679194540907,LOW,No major risk indicator,60.0,LOW,Review recent production trends and investigate unusual operational deviations. No immediate high-risk indicator detected; continue routine monitoring.
Kharkharee,Underground,4.965891038068143,LOW,No major risk indicator,60.0,LOW,Review recent production trends and investigate unusual operational deviations. No immediate high-risk indicator detected; continue routine monitoring.
Khas Kajora Colliery,Underground,5.688593760090923,LOW,No major risk indicator,60.0,LOW,Review recent production trends and investigate unusual operational deviations. No immediate high-risk indicator detected; continue routine monitoring.
Khoodia,Underground,4.243188316045365,LOW,No major risk indicator,60.0,LOW,Review recent production trends and investigate unusual operational deviations. No immediate high-risk indicator detected; continue routine monitoring.
Khottadih OCP,Opencast,7.13399920413648,LOW,No major risk indicator,60.0,LOW,Review recent production trends and investigate unusual operational deviations. No immediate high-risk indicator detected; continue routine monitoring.
Khottadih UG,Underground,5.447692852749995,LOW,No major risk indicator,60.0,LOW,Review recent production trends and investigate unusual operational deviations. No immediate high-risk indicator detected; continue routine monitoring.
Kistaram OC,Opencast,4.6701452555689045,LOW,No major risk indicator,60.0,LOW,Review recent production trends and investigate unusual operational deviations. No immediate high-risk indicator detected; continue routine monitoring.
"Kolarpimpri,",Opencast,4.965891038068143,LOW,No major risk indicator,60.0,LOW,Review recent production trends and investigate unusual operational deviations. No immediate high-risk indicator detected; continue routine monitoring.
Kolgaon OC,Opencast,4.965891038068143,LOW,No major risk indicator,60.0,LOW,Review recent production trends and investigate unusual operational deviations. No immediate high-risk indicator detected; continue routine monitoring.
Kondapuram UG,Underground,,Insufficient Evidence,No major risk indicator,0.0,INSUFFICIENT EVIDENCE,Collect additional evidence before making a risk-based inspection decision.
Koya Gundem OC II,Opencast,4.965891038068143,LOW,No major risk indicator,60.0,LOW,Review recent production trends and investigate unusual operational deviations. No immediate high-risk indicator detected; continue routine monitoring.
Krishnshila OCP,Opencast,4.965891038068143,LOW,No major risk indicator,60.0,LOW,Review recent production trends and investigate unusual operational deviations. No immediate high-risk indicator detected; continue routine monitoring.
Kujama,Opencast,,Insufficient Evidence,No major risk indicator,0.0,INSUFFICIENT EVIDENCE,Collect additional evidence before making a risk-based inspection decision.
Kuju Colliery,Opencast,,Insufficient Evidence,No major risk indicator,0.0,INSUFFICIENT EVIDENCE,Collect additional evidence before making a risk-based inspection decision.
Kulda OCP Balinga,Opencast,4.965891038068143,LOW,Peer production anomaly,60.0,LOW,Review recent production trends and investigate unusual operational deviations. Compare production activity with similar mines and review the cause of significant peer deviation. No immediate high-risk indicator detected; continue routine monitoring.
Kumardhubi Colliery,Underground,4.965891038068143,LOW,No major risk indicator,60.0,LOW,Review recent production trends and investigate unusual operational deviations. No immediate high-risk indicator detected; continue routine monitoring.
Kumardihi-A Colliery,Underground,4.965891038068143,LOW,No major risk indicator,60.0,LOW,Review recent production trends and investigate unusual operational deviations. No immediate high-risk indicator detected; continue routine monitoring.
Kumda 7 & 8,Underground,5.20679194540907,LOW,No major risk indicator,60.0,LOW,Review recent production trends and investigate unusual operational deviations. No immediate high-risk indicator detected; continue routine monitoring.
Kunustoria Colliery,Underground,5.447692852749995,LOW,No major risk indicator,60.0,LOW,Review recent production trends and investigate unusual operational deviations. No immediate high-risk indicator detected; continue routine monitoring.
Kurasia UG,Underground,4.7249901307272175,LOW,No major risk indicator,60.0,LOW,Review recent production trends and investigate unusual operational deviations. No immediate high-risk indicator detected; continue routine monitoring.
Kurja/Sheetaldhara/Kapildhara,Underground,,Insufficient Evidence,No major risk indicator,0.0,INSUFFICIENT EVIDENCE,Collect additional evidence before making a risk-based inspection decision.
Kusmunda Project,Opencast,100.0,CRITICAL,"Operational indicator, Peer production anomaly",60.0,HIGH,Review recent production trends and investigate unusual operational deviations. Compare production activity with similar mines and review the cause of significant peer deviation. Prioritize focused inspection and immediate further assessment of the identified risk indicators.
Kuya,Opencast,3.038683779340743,LOW,No major risk indicator,60.0,LOW,Review recent production trends and investigate unusual operational deviations. No immediate high-risk indicator detected; continue routine monitoring.
Laiyo UGP,Underground,,Insufficient Evidence,No major risk indicator,0.0,INSUFFICIENT EVIDENCE,Collect additional evidence before making a risk-based inspection decision.
Lajkura OCP,Opencast,,Insufficient Evidence,No major risk indicator,0.0,INSUFFICIENT EVIDENCE,Collect additional evidence before making a risk-based inspection decision.
Lakhimata,Underground,4.72499013072722,LOW,No major risk indicator,60.0,LOW,Review recent production trends and investigate unusual operational deviations. No immediate high-risk indicator detected; continue routine monitoring.
Lingaraj OCP,Opencast,19.846902418047208,LOW,No major risk indicator,60.0,LOW,Review recent production trends and investigate unusual operational deviations. No immediate high-risk indicator detected; continue routine monitoring.
Lower Kenda Colliery,Underground,4.965891038068143,LOW,No major risk indicator,60.0,LOW,Review recent production trends and investigate unusual operational deviations. No immediate high-risk indicator detected; continue routine monitoring.
Madhaipur,Mixed,,Insufficient Evidence,No major risk indicator,0.0,INSUFFICIENT EVIDENCE,Collect additional evidence before making a risk-based inspection decision.
Madhaipur Mixed,Mixed,,Insufficient Evidence,No major risk indicator,0.0,INSUFFICIENT EVIDENCE,Collect additional evidence before making a risk-based inspection decision.
Madhusudanpur 7 Pit & Incline,Underground,,Insufficient Evidence,No major risk indicator,0.0,INSUFFICIENT EVIDENCE,Collect additional evidence before making a risk-based inspection decision.
Magadh OCP,Opencast,100.0,CRITICAL,Operational indicator,60.0,HIGH,Review recent production trends and investigate unusual operational deviations. Prioritize focused inspection and immediate further assessment of the identified risk indicators.
Mahadeopuri,Underground,5.929494667431849,LOW,No major risk indicator,60.0,LOW,Review recent production trends and investigate unusual operational deviations. No immediate high-risk indicator detected; continue routine monitoring.
Mahakali Colliery,Underground,4.965891038068143,LOW,No major risk indicator,60.0,LOW,Review recent production trends and investigate unusual operational deviations. No immediate high-risk indicator detected; continue routine monitoring.
Maheshpur,Underground,4.965891038068143,LOW,No major risk indicator,60.0,LOW,Review recent production trends and investigate unusual operational deviations. No immediate high-risk indicator detected; continue routine monitoring.
Makardhokra-I OC Expansion Mine,Opencast,4.965891038068143,LOW,No major risk indicator,60.0,LOW,Review recent production trends and investigate unusual operational deviations. No immediate high-risk indicator detected; continue routine monitoring.
Makardhokra-III OC MINE,Opencast,,Insufficient Evidence,No major risk indicator,0.0,INSUFFICIENT EVIDENCE,Collect additional evidence before making a risk-based inspection decision.
Mandarboni,Underground,,Insufficient Evidence,No major risk indicator,0.0,INSUFFICIENT EVIDENCE,Collect additional evidence before making a risk-based inspection decision.
Manikpur,Opencast,4.965891038068143,LOW,No major risk indicator,60.0,LOW,Review recent production trends and investigate unusual operational deviations. No immediate high-risk indicator detected; continue routine monitoring.
Manki/Churi,Underground,6.893098296795552,LOW,No major risk indicator,60.0,LOW,Review recent production trends and investigate unusual operational deviations. No immediate high-risk indicator detected; continue routine monitoring.
Manna Incline,Underground,5.20679194540907,LOW,No major risk indicator,60.0,LOW,Review recent production trends and investigate unusual operational deviations. No immediate high-risk indicator detected; continue routine monitoring.
Manoharpur Coal Mine,Opencast,7.320055236319092,LOW,No major risk indicator,60.0,LOW,Review recent production trends and investigate unusual operational deviations. No immediate high-risk indicator detected; continue routine monitoring.
Manuguru Opencast,Opencast,4.965891038068143,LOW,No major risk indicator,60.0,LOW,Review recent production trends and investigate unusual operational deviations. No immediate high-risk indicator detected; continue routine monitoring.
Marki Mangli - I Coal Mine,Opencast,9.302107370204816,LOW,No major risk indicator,60.0,LOW,Review recent production trends and investigate unusual operational deviations. No immediate high-risk indicator detected; continue routine monitoring.
Marki Mangli III,Opencast,7.13399920413648,LOW,No major risk indicator,60.0,LOW,Review recent production trends and investigate unusual operational deviations. No immediate high-risk indicator detected; continue routine monitoring.
Mathani,Underground,3.0386837793407326,LOW,No major risk indicator,60.0,LOW,Review recent production trends and investigate unusual operational deviations. No immediate high-risk indicator detected; continue routine monitoring.
Meera,Underground,4.965891038068143,LOW,No major risk indicator,60.0,LOW,Review recent production trends and investigate unusual operational deviations. No immediate high-risk indicator detected; continue routine monitoring.
Methani Colliery,Underground,4.965891038068143,LOW,No major risk indicator,60.0,LOW,Review recent production trends and investigate unusual operational deviations. No immediate high-risk indicator detected; continue routine monitoring.
Metica Coal Mine,Underground,4.965891038068143,LOW,No major risk indicator,60.0,LOW,Review recent production trends and investigate unusual operational deviations. No immediate high-risk indicator detected; continue routine monitoring.
Mohan (Mohan UG),Mixed,7.61580101881833,LOW,No major risk indicator,60.0,LOW,Review recent production trends and investigate unusual operational deviations. No immediate high-risk indicator detected; continue routine monitoring.
Mohanpur (Expn),Opencast,17.19699243729708,LOW,No major risk indicator,60.0,LOW,Review recent production trends and investigate unusual operational deviations. No immediate high-risk indicator detected; continue routine monitoring.
Moher & Moher Amlohri Extn,Opencast,,Insufficient Evidence,No major risk indicator,0.0,INSUFFICIENT EVIDENCE,Collect additional evidence before making a risk-based inspection decision.
Moonidih,Underground,6.652197389454627,LOW,No major risk indicator,60.0,LOW,Review recent production trends and investigate unusual operational deviations. No immediate high-risk indicator detected; continue routine monitoring.
Mudidih,Opencast,1.35237742795425,LOW,No major risk indicator,60.0,LOW,Review recent production trends and investigate unusual operational deviations. No immediate high-risk indicator detected; continue routine monitoring.
Mungoli OCM,Opencast,17.67879425197894,LOW,No major risk indicator,60.0,LOW,Review recent production trends and investigate unusual operational deviations. No immediate high-risk indicator detected; continue routine monitoring.
N.C.P.H. Colliery (NEW),Underground,4.243188316045365,LOW,No major risk indicator,60.0,LOW,Review recent production trends and investigate unusual operational deviations. No immediate high-risk indicator detected; continue routine monitoring.
Nabakajora Colliery,Underground,,Insufficient Evidence,No major risk indicator,0.0,INSUFFICIENT EVIDENCE,Collect additional evidence before making a risk-based inspection decision.
Naigaon OCM,Opencast,4.965891038068143,LOW,No major risk indicator,60.0,LOW,Review recent production trends and investigate unusual operational deviations. No immediate high-risk indicator detected; continue routine monitoring.
NAKC,Mixed,2.797782871999808,LOW,No major risk indicator,60.0,LOW,Review recent production trends and investigate unusual operational deviations. No immediate high-risk indicator detected; continue routine monitoring.
Nakrakonda -Kumardihi 'B' UG,Mixed,,Insufficient Evidence,No major risk indicator,0.0,INSUFFICIENT EVIDENCE,Collect additional evidence before making a risk-based inspection decision.
Nandgaon Incline,Underground,,Insufficient Evidence,No major risk indicator,0.0,INSUFFICIENT EVIDENCE,Collect additional evidence before making a risk-based inspection decision.
Nandira Colliery,Underground,4.965891038068143,LOW,No major risk indicator,60.0,LOW,Review recent production trends and investigate unusual operational deviations. No immediate high-risk indicator detected; continue routine monitoring.
Narsamuda Colliery,Underground,4.965891038068143,LOW,No major risk indicator,60.0,LOW,Review recent production trends and investigate unusual operational deviations. No immediate high-risk indicator detected; continue routine monitoring.
Navapara,Underground,5.688593760090923,LOW,No major risk indicator,60.0,LOW,Review recent production trends and investigate unusual operational deviations. No immediate high-risk indicator detected; continue routine monitoring.
Neelijay OCM,Opencast,3.761386501363517,LOW,No major risk indicator,60.0,LOW,Review recent production trends and investigate unusual operational deviations. No immediate high-risk indicator detected; continue routine monitoring.
Nehariya,Underground,5.688593760090923,LOW,No major risk indicator,60.0,LOW,Review recent production trends and investigate unusual operational deviations. No immediate high-risk indicator detected; continue routine monitoring.
New Godhur-Kusunda-Alkusa,Opencast,0.6296747059314725,LOW,No major risk indicator,60.0,LOW,Review recent production trends and investigate unusual operational deviations. No immediate high-risk indicator detected; continue routine monitoring.
New Kenda Colliery,Opencast,9.72906430972836,LOW,No major risk indicator,60.0,LOW,Review recent production trends and investigate unusual operational deviations. No immediate high-risk indicator detected; continue routine monitoring.
New Majri - I(A) & II Extn. (A) OC,Opencast,,Insufficient Evidence,No major risk indicator,0.0,INSUFFICIENT EVIDENCE,Collect additional evidence before making a risk-based inspection decision.
New Majri UG to OC Expn.,Opencast,12.915620980318716,LOW,No major risk indicator,60.0,LOW,Review recent production trends and investigate unusual operational deviations. No immediate high-risk indicator detected; continue routine monitoring.
New Moghla Coal Mine,Underground,4.965891038068143,LOW,No major risk indicator,60.0,LOW,Review recent production trends and investigate unusual operational deviations. No immediate high-risk indicator detected; continue routine monitoring.
New Sethia,Opencast,,Insufficient Evidence,No major risk indicator,0.0,INSUFFICIENT EVIDENCE,Collect additional evidence before making a risk-based inspection decision.
Nichitpur,Opencast,3.5204855940225848,LOW,No major risk indicator,60.0,LOW,Review recent production trends and investigate unusual operational deviations. No immediate high-risk indicator detected; continue routine monitoring.
Nigahi Project,Opencast,4.965891038068143,LOW,Peer production anomaly,60.0,LOW,Review recent production trends and investigate unusual operational deviations. Compare production activity with similar mines and review the cause of significant peer deviation. No immediate high-risk indicator detected; continue routine monitoring.
"Nimcha Colliery , Nimcha OC (Amkola) & Nimcha Highwall",Mixed,,Insufficient Evidence,No major risk indicator,0.0,INSUFFICIENT EVIDENCE,Collect additional evidence before making a risk-based inspection decision.
Ningah Colliery,Underground,4.965891038068143,LOW,No major risk indicator,60.0,LOW,Review recent production trends and investigate unusual operational deviations. No immediate high-risk indicator detected; continue routine monitoring.
Ningha (SSI) OC,Opencast,0.62967470593147,LOW,No major risk indicator,60.0,LOW,Review recent production trends and investigate unusual operational deviations. No immediate high-risk indicator detected; continue routine monitoring.
Nirsha,Opencast,8.579404648182038,LOW,No major risk indicator,60.0,LOW,Review recent production trends and investigate unusual operational deviations. No immediate high-risk indicator detected; continue routine monitoring.
North Searsole OC Colliery,Opencast,11.656271568455772,LOW,No major risk indicator,60.0,LOW,Review recent production trends and investigate unusual operational deviations. No immediate high-risk indicator detected; continue routine monitoring.
North Urimari/Birsa-OC,Opencast,4.965891038068143,LOW,No major risk indicator,60.0,LOW,Review recent production trends and investigate unusual operational deviations. No immediate high-risk indicator detected; continue routine monitoring.
Nowrozabad (W),Underground,4.965891038068143,LOW,No major risk indicator,60.0,LOW,Review recent production trends and investigate unusual operational deviations. No immediate high-risk indicator detected; continue routine monitoring.
NTST-Jeenagora,Opencast,35.801207177706715,MEDIUM,No major risk indicator,60.0,LOW,Review recent production trends and investigate unusual operational deviations. Continue monitoring and conduct a focused review of the identified risk indicators.
Orient Mine No. 1 & 2,Underground,,Insufficient Evidence,No major risk indicator,0.0,INSUFFICIENT EVIDENCE,Collect additional evidence before making a risk-based inspection decision.
Pacchwara North Coal Mine,Opencast,36.042108085047616,MEDIUM,No major risk indicator,60.0,LOW,Review recent production trends and investigate unusual operational deviations. Continue monitoring and conduct a focused review of the identified risk indicators.
Pachhwara Central Coal Mine,Opencast,94.28528278639352,CRITICAL,Operational indicator,60.0,HIGH,Review recent production trends and investigate unusual operational deviations. Prioritize focused inspection and immediate further assessment of the identified risk indicators.
Padampur OC,Opencast,,Insufficient Evidence,No major risk indicator,0.0,INSUFFICIENT EVIDENCE,Collect additional evidence before making a risk-based inspection decision.
Padmavathi Khani No.5 Incline,Underground,,Insufficient Evidence,No major risk indicator,0.0,INSUFFICIENT EVIDENCE,Collect additional evidence before making a risk-based inspection decision.
Pakri Barwadih,Opencast,69.23158842293714,HIGH,Operational indicator,60.0,MEDIUM,Review recent production trends and investigate unusual operational deviations. Prioritize further assessment and focused inspection based on the identified risk indicators.
Pali,Underground,,Insufficient Evidence,No major risk indicator,0.0,INSUFFICIENT EVIDENCE,Collect additional evidence before making a risk-based inspection decision.
Pandaveswar UG,Underground,4.965891038068143,LOW,No major risk indicator,60.0,LOW,Review recent production trends and investigate unusual operational deviations. No immediate high-risk indicator detected; continue routine monitoring.
Pandavpara Colliery,Underground,4.243188316045365,LOW,No major risk indicator,60.0,LOW,Review recent production trends and investigate unusual operational deviations. No immediate high-risk indicator detected; continue routine monitoring.
Paoni II OCM,Opencast,4.965891038068143,LOW,No major risk indicator,60.0,LOW,Review recent production trends and investigate unusual operational deviations. No immediate high-risk indicator detected; continue routine monitoring.
Parasea Colliery,Underground,4.965891038068143,LOW,No major risk indicator,60.0,LOW,Review recent production trends and investigate unusual operational deviations. No immediate high-risk indicator detected; continue routine monitoring.
Parbelia Colliery,Underground,5.20679194540907,LOW,No major risk indicator,60.0,LOW,Review recent production trends and investigate unusual operational deviations. No immediate high-risk indicator detected; continue routine monitoring.
Parej East OCP,Opencast,5.447692852749995,LOW,No major risk indicator,60.0,LOW,Review recent production trends and investigate unusual operational deviations. No immediate high-risk indicator detected; continue routine monitoring.
Parsa East and Kanta Basan OCM,Opencast,100.0,CRITICAL,Operational indicator,60.0,HIGH,Review recent production trends and investigate unusual operational deviations. Prioritize focused inspection and immediate further assessment of the identified risk indicators.
Patansaongi Colliery,Underground,4.965891038068143,LOW,No major risk indicator,60.0,LOW,Review recent production trends and investigate unusual operational deviations. No immediate high-risk indicator detected; continue routine monitoring.
Patmohana Colliery,Underground,4.7249901307272175,LOW,No major risk indicator,60.0,LOW,Review recent production trends and investigate unusual operational deviations. No immediate high-risk indicator detected; continue routine monitoring.
Penganga OC,Opencast,26.64697269875152,LOW,No major risk indicator,60.0,LOW,Review recent production trends and investigate unusual operational deviations. No immediate high-risk indicator detected; continue routine monitoring.
"Pimpalgaon,",Opencast,,Insufficient Evidence,No major risk indicator,0.0,INSUFFICIENT EVIDENCE,Collect additional evidence before making a risk-based inspection decision.
Pindra Colliery,Opencast,4.965891038068143,LOW,No major risk indicator,60.0,LOW,Review recent production trends and investigate unusual operational deviations. No immediate high-risk indicator detected; continue routine monitoring.
Piparia,Underground,5.688593760090923,LOW,No major risk indicator,60.0,LOW,Review recent production trends and investigate unusual operational deviations. No immediate high-risk indicator detected; continue routine monitoring.
Porascol East Colliery,Underground,5.206791945409067,LOW,No major risk indicator,60.0,LOW,Review recent production trends and investigate unusual operational deviations. No immediate high-risk indicator detected; continue routine monitoring.
Porascol West Colliery,Underground,5.20679194540907,LOW,No major risk indicator,60.0,LOW,Review recent production trends and investigate unusual operational deviations. No immediate high-risk indicator detected; continue routine monitoring.
Prakasham Khani OC,Opencast,11.89717247579668,LOW,No major risk indicator,60.0,LOW,Review recent production trends and investigate unusual operational deviations. No immediate high-risk indicator detected; continue routine monitoring.
Pundi,Opencast,4.965891038068143,LOW,No major risk indicator,60.0,LOW,Review recent production trends and investigate unusual operational deviations. No immediate high-risk indicator detected; continue routine monitoring.
Pure Searsole Colliery,Underground,4.965891038068143,LOW,No major risk indicator,60.0,LOW,Review recent production trends and investigate unusual operational deviations. No immediate high-risk indicator detected; continue routine monitoring.
Purnadih,Opencast,8.338503740841112,LOW,No major risk indicator,60.0,LOW,Review recent production trends and investigate unusual operational deviations. No immediate high-risk indicator detected; continue routine monitoring.
Rajendra,Underground,4.965891038068143,LOW,No major risk indicator,60.0,LOW,Review recent production trends and investigate unusual operational deviations. No immediate high-risk indicator detected; continue routine monitoring.
Rajhara,Opencast,4.965891038068143,LOW,No major risk indicator,60.0,LOW,Review recent production trends and investigate unusual operational deviations. No immediate high-risk indicator detected; continue routine monitoring.
Rajmahal OCP,Opencast,100.0,CRITICAL,Operational indicator,60.0,HIGH,Review recent production trends and investigate unusual operational deviations. Prioritize focused inspection and immediate further assessment of the identified risk indicators.
Rajnagar RO,Underground,6.4112964821137,LOW,No major risk indicator,60.0,LOW,Review recent production trends and investigate unusual operational deviations. No immediate high-risk indicator detected; continue routine monitoring.
Rajpura,Opencast,4.72499013072722,LOW,No major risk indicator,60.0,LOW,Review recent production trends and investigate unusual operational deviations. No immediate high-risk indicator detected; continue routine monitoring.
Rajrappa Project,Opencast,5.688593760090923,LOW,No major risk indicator,60.0,LOW,Review recent production trends and investigate unusual operational deviations. No immediate high-risk indicator detected; continue routine monitoring.
Rajur UG,Underground,4.72499013072722,LOW,No major risk indicator,60.0,LOW,Review recent production trends and investigate unusual operational deviations. No immediate high-risk indicator detected; continue routine monitoring.
Ramagundam OC-I Extn. Ph-II,Opencast,4.670145255568915,LOW,No major risk indicator,60.0,LOW,Review recent production trends and investigate unusual operational deviations. No immediate high-risk indicator detected; continue routine monitoring.
Ramagundam-OC 3 & OC III,Opencast,27.31483054561598,LOW,No major risk indicator,60.0,LOW,Review recent production trends and investigate unusual operational deviations. No immediate high-risk indicator detected; continue routine monitoring.
Ramakrishnapur OC,Opencast,5.206791945409062,LOW,No major risk indicator,60.0,LOW,Review recent production trends and investigate unusual operational deviations. No immediate high-risk indicator detected; continue routine monitoring.
Ramnagar Colliery,Underground,,Insufficient Evidence,No major risk indicator,0.0,INSUFFICIENT EVIDENCE,Collect additional evidence before making a risk-based inspection decision.
Rampur Batura,Opencast,23.21951512082023,LOW,No major risk indicator,60.0,LOW,Review recent production trends and investigate unusual operational deviations. No immediate high-risk indicator detected; continue routine monitoring.
Raniatari,Underground,4.965891038068143,LOW,No major risk indicator,60.0,LOW,Review recent production trends and investigate unusual operational deviations. No immediate high-risk indicator detected; continue routine monitoring.
Ravindra Khani-5 Incline,Underground,5.447692852749995,LOW,No major risk indicator,60.0,LOW,Review recent production trends and investigate unusual operational deviations. No immediate high-risk indicator detected; continue routine monitoring.
Ravindra Khani-6 Incline,Underground,5.206791945409067,LOW,No major risk indicator,60.0,LOW,Review recent production trends and investigate unusual operational deviations. No immediate high-risk indicator detected; continue routine monitoring.
"Ravindra Khani-7,Incline",Underground,4.965891038068143,LOW,No major risk indicator,60.0,LOW,Review recent production trends and investigate unusual operational deviations. No immediate high-risk indicator detected; continue routine monitoring.
"Ravindra Khani-New Tech,",Underground,5.447692852749995,LOW,No major risk indicator,60.0,LOW,Review recent production trends and investigate unusual operational deviations. No immediate high-risk indicator detected; continue routine monitoring.
Rehar,Underground,5.929494667431849,LOW,No major risk indicator,60.0,LOW,Review recent production trends and investigate unusual operational deviations. No immediate high-risk indicator detected; continue routine monitoring.
Religara,Opencast,4.965891038068143,LOW,No major risk indicator,60.0,LOW,Review recent production trends and investigate unusual operational deviations. No immediate high-risk indicator detected; continue routine monitoring.
ROCP/S. Jharia,Opencast,7.5609561436600305,LOW,No major risk indicator,60.0,LOW,Review recent production trends and investigate unusual operational deviations. No immediate high-risk indicator detected; continue routine monitoring.
Rohini,Opencast,11.470215536273155,LOW,No major risk indicator,60.0,LOW,Review recent production trends and investigate unusual operational deviations. No immediate high-risk indicator detected; continue routine monitoring.
Samleswari OCP,Opencast,34.06005595116192,MEDIUM,No major risk indicator,60.0,LOW,Review recent production trends and investigate unusual operational deviations. Continue monitoring and conduct a focused review of the identified risk indicators.
Sankarpur Colliery,Underground,5.688593760090923,LOW,No major risk indicator,60.0,LOW,Review recent production trends and investigate unusual operational deviations. No immediate high-risk indicator detected; continue routine monitoring.
Saoner Mine - II,Underground,4.243188316045365,LOW,No major risk indicator,60.0,LOW,Review recent production trends and investigate unusual operational deviations. No immediate high-risk indicator detected; continue routine monitoring.
Saoner Mine - III,Underground,4.7249901307272175,LOW,No major risk indicator,60.0,LOW,Review recent production trends and investigate unusual operational deviations. No immediate high-risk indicator detected; continue routine monitoring.
Saoner Mine-I,Underground,4.243188316045365,LOW,No major risk indicator,60.0,LOW,Review recent production trends and investigate unusual operational deviations. No immediate high-risk indicator detected; continue routine monitoring.
Saraipali,Underground,2.315981057317958,LOW,Peer production anomaly,60.0,LOW,Review recent production trends and investigate unusual operational deviations. Compare production activity with similar mines and review the cause of significant peer deviation. No immediate high-risk indicator detected; continue routine monitoring.
Sarisatolli Coal Mine,Opencast,17.251837312455386,LOW,No major risk indicator,60.0,LOW,Review recent production trends and investigate unusual operational deviations. No immediate high-risk indicator detected; continue routine monitoring.
Sarni Mine,Underground,,Insufficient Evidence,No major risk indicator,0.0,INSUFFICIENT EVIDENCE,Collect additional evidence before making a risk-based inspection decision.
Sarubera,Underground,,Insufficient Evidence,No major risk indicator,0.0,INSUFFICIENT EVIDENCE,Collect additional evidence before making a risk-based inspection decision.
Sasti Expn. OCM,Opencast,18.456341849160022,LOW,No major risk indicator,60.0,LOW,Review recent production trends and investigate unusual operational deviations. No immediate high-risk indicator detected; continue routine monitoring.
Satgram Incline,Underground,4.965891038068143,LOW,No major risk indicator,60.0,LOW,Review recent production trends and investigate unusual operational deviations. No immediate high-risk indicator detected; continue routine monitoring.
Satgram Project,Underground,5.447692852749995,LOW,No major risk indicator,60.0,LOW,Review recent production trends and investigate unusual operational deviations. No immediate high-risk indicator detected; continue routine monitoring.
Saunda (Ncdc),Underground,,Insufficient Evidence,No major risk indicator,0.0,INSUFFICIENT EVIDENCE,Collect additional evidence before making a risk-based inspection decision.
Sayal `D',Opencast,15.269785178569665,LOW,No major risk indicator,60.0,LOW,Review recent production trends and investigate unusual operational deviations. No immediate high-risk indicator detected; continue routine monitoring.
SD OC Mine,Opencast,0.147872891249615,LOW,No major risk indicator,60.0,LOW,Review recent production trends and investigate unusual operational deviations. No immediate high-risk indicator detected; continue routine monitoring.
Sendra Bansjora,Opencast,8.097602833500185,LOW,No major risk indicator,60.0,LOW,Review recent production trends and investigate unusual operational deviations. No immediate high-risk indicator detected; continue routine monitoring.
Shampur B,Underground,4.965891038068143,LOW,No major risk indicator,60.0,LOW,Review recent production trends and investigate unusual operational deviations. No immediate high-risk indicator detected; continue routine monitoring.
Shanthi Khani,Underground,,Insufficient Evidence,No major risk indicator,0.0,INSUFFICIENT EVIDENCE,Collect additional evidence before making a risk-based inspection decision.
Sharda Highwall,Underground,3.761386501363512,LOW,No major risk indicator,60.0,LOW,Review recent production trends and investigate unusual operational deviations. No immediate high-risk indicator detected; continue routine monitoring.
Sharda UG,Underground,,Insufficient Evidence,No major risk indicator,0.0,INSUFFICIENT EVIDENCE,Collect additional evidence before making a risk-based inspection decision.
Shivani,Underground,3.761386501363512,LOW,No major risk indicator,60.0,LOW,Review recent production trends and investigate unusual operational deviations. No immediate high-risk indicator detected; continue routine monitoring.
Shyam Sundarpur Colliery,Underground,3.5204855940225874,LOW,No major risk indicator,60.0,LOW,Review recent production trends and investigate unusual operational deviations. No immediate high-risk indicator detected; continue routine monitoring.
Sial Ghogri Coal Mine,Underground,5.447692852749995,LOW,No major risk indicator,60.0,LOW,Review recent production trends and investigate unusual operational deviations. No immediate high-risk indicator detected; continue routine monitoring.
Siarmal OCP,Opencast,,Insufficient Evidence,No major risk indicator,0.0,INSUFFICIENT EVIDENCE,Collect additional evidence before making a risk-based inspection decision.
Siduli Colliery,Mixed,5.206791945409067,LOW,No major risk indicator,60.0,LOW,Review recent production trends and investigate unusual operational deviations. No immediate high-risk indicator detected; continue routine monitoring.
Sijua Colliery,Underground,4.965891038068143,LOW,No major risk indicator,60.0,LOW,Review recent production trends and investigate unusual operational deviations. No immediate high-risk indicator detected; continue routine monitoring.
Sikni OC Mine,Opencast,,Insufficient Evidence,No major risk indicator,0.0,INSUFFICIENT EVIDENCE,Collect additional evidence before making a risk-based inspection decision.
Silewara Colliery,Underground,4.48408922338629,LOW,No major risk indicator,60.0,LOW,Review recent production trends and investigate unusual operational deviations. No immediate high-risk indicator detected; continue routine monitoring.
Singhali Colliery,Underground,5.20679194540907,LOW,No major risk indicator,60.0,LOW,Review recent production trends and investigate unusual operational deviations. No immediate high-risk indicator detected; continue routine monitoring.
Singori OC,Opencast,4.965891038068143,LOW,No major risk indicator,60.0,LOW,Review recent production trends and investigate unusual operational deviations. No immediate high-risk indicator detected; continue routine monitoring.
Sirka,Opencast,2.0750801499770275,LOW,No major risk indicator,60.0,LOW,Review recent production trends and investigate unusual operational deviations. No immediate high-risk indicator detected; continue routine monitoring.
Sonepur Bazari Project OCM,Opencast,,Insufficient Evidence,No major risk indicator,0.0,INSUFFICIENT EVIDENCE,Collect additional evidence before making a risk-based inspection decision.
South Samla,Underground,,Insufficient Evidence,No major risk indicator,0.0,INSUFFICIENT EVIDENCE,Collect additional evidence before making a risk-based inspection decision.
Srirampur OC,Opencast,3.279584686681665,LOW,No major risk indicator,60.0,LOW,Review recent production trends and investigate unusual operational deviations. No immediate high-risk indicator detected; continue routine monitoring.
"Srirampur-1, Incline",Underground,9.54300827754574,LOW,No major risk indicator,60.0,LOW,Review recent production trends and investigate unusual operational deviations. No immediate high-risk indicator detected; continue routine monitoring.
Srirampur-3 & 3A Incline,Underground,9.061206462863892,LOW,No major risk indicator,60.0,LOW,Review recent production trends and investigate unusual operational deviations. No immediate high-risk indicator detected; continue routine monitoring.
Suliyari,Opencast,,Insufficient Evidence,No major risk indicator,0.0,INSUFFICIENT EVIDENCE,Collect additional evidence before making a risk-based inspection decision.
Tadicherla 1 OCM,Opencast,,Insufficient Evidence,No major risk indicator,0.0,INSUFFICIENT EVIDENCE,Collect additional evidence before making a risk-based inspection decision.
Takli Jena Bellora,Opencast,,Insufficient Evidence,No major risk indicator,0.0,INSUFFICIENT EVIDENCE,Collect additional evidence before making a risk-based inspection decision.
Talabira II & III,Opencast,,Insufficient Evidence,No major risk indicator,0.0,INSUFFICIENT EVIDENCE,Collect additional evidence before making a risk-based inspection decision.
Talaipalli Coal Mine,Opencast,100.0,CRITICAL,Operational indicator,60.0,HIGH,Review recent production trends and investigate unusual operational deviations. Prioritize focused inspection and immediate further assessment of the identified risk indicators.
Tandsi,Underground,6.170395574772773,LOW,No major risk indicator,60.0,LOW,Review recent production trends and investigate unusual operational deviations. No immediate high-risk indicator detected; continue routine monitoring.
Tapin North,Opencast,1.11147652061332,LOW,No major risk indicator,60.0,LOW,Review recent production trends and investigate unusual operational deviations. No immediate high-risk indicator detected; continue routine monitoring.
Tapin South,Opencast,2.9838389041824174,LOW,No major risk indicator,60.0,LOW,Review recent production trends and investigate unusual operational deviations. No immediate high-risk indicator detected; continue routine monitoring.
Tara(E&W),Opencast,,Insufficient Evidence,No major risk indicator,0.0,INSUFFICIENT EVIDENCE,Collect additional evidence before making a risk-based inspection decision.
Tarmi,Opencast,1.7793343674777924,LOW,No major risk indicator,60.0,LOW,Review recent production trends and investigate unusual operational deviations. No immediate high-risk indicator detected; continue routine monitoring.
Tasra Colliery,Opencast,4.243188316045365,LOW,No major risk indicator,60.0,LOW,Review recent production trends and investigate unusual operational deviations. No immediate high-risk indicator detected; continue routine monitoring.
Tawa Mine,Underground,5.206791945409067,LOW,No major risk indicator,60.0,LOW,Review recent production trends and investigate unusual operational deviations. No immediate high-risk indicator detected; continue routine monitoring.
Tawa-II,Underground,5.929494667431849,LOW,No major risk indicator,60.0,LOW,Review recent production trends and investigate unusual operational deviations. No immediate high-risk indicator detected; continue routine monitoring.
Tetaria Khar,Opencast,2.0750801499770275,LOW,No major risk indicator,60.0,LOW,Review recent production trends and investigate unusual operational deviations. No immediate high-risk indicator detected; continue routine monitoring.
Tetulmari,Opencast,4.00228740870444,LOW,No major risk indicator,60.0,LOW,Review recent production trends and investigate unusual operational deviations. No immediate high-risk indicator detected; continue routine monitoring.
Tikak Colliery,Opencast,4.965891038068143,LOW,No major risk indicator,60.0,LOW,Review recent production trends and investigate unusual operational deviations. No immediate high-risk indicator detected; continue routine monitoring.
Tilaboni Colliery,Underground,5.20679194540907,LOW,No major risk indicator,60.0,LOW,Review recent production trends and investigate unusual operational deviations. No immediate high-risk indicator detected; continue routine monitoring.
Topa Marginal Scheme,Opencast,4.965891038068143,LOW,No major risk indicator,60.0,LOW,Review recent production trends and investigate unusual operational deviations. No immediate high-risk indicator detected; continue routine monitoring.
Trans Damodar Coal Mine,Opencast,5.874649792273537,LOW,No major risk indicator,60.0,LOW,Review recent production trends and investigate unusual operational deviations. No immediate high-risk indicator detected; continue routine monitoring.
Ukni OC,Opencast,2.797782871999805,LOW,No major risk indicator,60.0,LOW,Review recent production trends and investigate unusual operational deviations. No immediate high-risk indicator detected; continue routine monitoring.
Umaria,Underground,5.20679194540907,LOW,No major risk indicator,60.0,LOW,Review recent production trends and investigate unusual operational deviations. No immediate high-risk indicator detected; continue routine monitoring.
Umrer OC Mine,Opencast,21.82895455193299,LOW,No major risk indicator,60.0,LOW,Review recent production trends and investigate unusual operational deviations. No immediate high-risk indicator detected; continue routine monitoring.
Urdhan,Opencast,4.965891038068143,LOW,No major risk indicator,60.0,LOW,Review recent production trends and investigate unusual operational deviations. No immediate high-risk indicator detected; continue routine monitoring.
Urimari,Underground,,Insufficient Evidence,No major risk indicator,0.0,INSUFFICIENT EVIDENCE,Collect additional evidence before making a risk-based inspection decision.
Utkal C Coal Mine,Opencast,,Insufficient Evidence,No major risk indicator,0.0,INSUFFICIENT EVIDENCE,Collect additional evidence before making a risk-based inspection decision.
Utkal D,Opencast,,Insufficient Evidence,No major risk indicator,0.0,INSUFFICIENT EVIDENCE,Collect additional evidence before making a risk-based inspection decision.
Vakilpalli,Underground,4.965891038068143,LOW,No major risk indicator,60.0,LOW,Review recent production trends and investigate unusual operational deviations. No immediate high-risk indicator detected; continue routine monitoring.
Vijay West,Underground,4.965891038068143,LOW,No major risk indicator,60.0,LOW,Review recent production trends and investigate unusual operational deviations. No immediate high-risk indicator detected; continue routine monitoring.
Vindhya,Underground,5.447692852749995,LOW,No major risk indicator,60.0,LOW,Review recent production trends and investigate unusual operational deviations. No immediate high-risk indicator detected; continue routine monitoring.
Vishnupuri-II,Underground,5.20679194540907,LOW,No major risk indicator,60.0,LOW,Review recent production trends and investigate unusual operational deviations. No immediate high-risk indicator detected; continue routine monitoring.
West Bokaro OC (Quarry-E & SE),Opencast,5.688593760090928,LOW,No major risk indicator,60.0,LOW,Review recent production trends and investigate unusual operational deviations. No immediate high-risk indicator detected; continue routine monitoring.
West Bokaro OC Quarry-AB,Opencast,0.3339289234322325,LOW,No major risk indicator,60.0,LOW,Review recent production trends and investigate unusual operational deviations. No immediate high-risk indicator detected; continue routine monitoring.
West Jhagrakhand,Underground,5.929494667431845,LOW,No major risk indicator,60.0,LOW,Review recent production trends and investigate unusual operational deviations. No immediate high-risk indicator detected; continue routine monitoring.
