Mine Name,Company Name,State,District,Coalfield,Area,Mine Type,Ownership,CAAQMS_Source_Name,Environmental_Risk_Score,Environmental_Anomaly,Environmental_Record_Count,Environmental_Available,Producing Mine,Production_ZScore,Production_Anomaly,Data_Sufficient,Operational_Available,Safety_Evidence_Available,Safety_Evidence_Note,Evidence_Coverage,Evidence_Status
ABGC,BCCL,Jharkhand,DHANBAD,Jharia,Govindpur,Opencast,PUBLIC,,,0,,0,ABGC,-0.1504554600545405,0,True,1,0,Mine-level safety evidence unavailable; available accident data is state/year level.,50.0,Operational Only
AGKCC,BCCL,Jharkhand,DHANBAD,Jharia,Katras,Opencast,PUBLIC,,,0,,0,AGKCC,-0.3142680770463704,0,True,1,0,Mine-level safety evidence unavailable; available accident data is state/year level.,50.0,Operational Only
AKK OCP,CCL,Jharkhand,BOKARO,E. Bokaro,B & K Area,Opencast,PUBLIC,,,0,,0,AKK OCP,-1.1236951257118828,0,True,1,0,Mine-level safety evidence unavailable; available accident data is state/year level.,50.0,Operational Only
AKWMC,BCCL,Jharkhand,DHANBAD,Jharia,Katras,Opencast,PUBLIC,,,0,,0,AKWMC,-0.8827942183709565,0,True,1,0,Mine-level safety evidence unavailable; available accident data is state/year level.,50.0,Operational Only
AMP Colliery,BCCL,Jharkhand,DHANBAD,Jharia,Barora,Mixed,PUBLIC,,,0,,0,AMP Colliery,2.624722992512932,1,True,1,0,Mine-level safety evidence unavailable; available accident data is state/year level.,50.0,Operational Only
ARA Reorganisation,CCL,Jharkhand,RAMGARH,W.Bokaro,Kuju,Opencast,PUBLIC,,,0,,0,,,0,,0,0,Mine-level safety evidence unavailable; available accident data is state/year level.,0.0,No Evidence
Aadocm,CCL,Jharkhand,BOKARO,E. Bokaro,Dhori Area,Opencast,PUBLIC,,,0,,0,Aadocm,-0.0637311334118074,0,True,1,0,Mine-level safety evidence unavailable; available accident data is state/year level.,50.0,Operational Only
Adasa (UG to OC),WCL,Maharashtra,NAGPUR,Kamptee/Silewara,Nagpur,Opencast,PUBLIC,,,0,,0,,,0,,0,0,Mine-level safety evidence unavailable; available accident data is state/year level.,0.0,No Evidence
Adriyala Saft Project,SCCL,Telangana,PEDDAPALLI,Godavari Valley,Adriyala,Underground,PUBLIC,,,0,,0,Adriyala Saft Project,-0.429900512570015,0,True,1,0,Mine-level safety evidence unavailable; available accident data is state/year level.,50.0,Operational Only
Amadand,SECL,Madhya Pradesh,SHAHDOL,Central India,Jamuna & Kotma,Opencast,PUBLIC,,,0,,0,Amadand,0.2928022094527638,0,True,1,0,Mine-level safety evidence unavailable; available accident data is state/year level.,50.0,Operational Only
Amagamated Dhansar-Industry,BCCL,Jharkhand,DHANBAD,Jharia,Kusunda,Opencast,PUBLIC,,,0,,0,Amagamated Dhansar-Industry,-0.0540950971181699,0,True,1,0,Mine-level safety evidence unavailable; available accident data is state/year level.,50.0,Operational Only
Amalgamated BOCP,BCCL,Jharkhand,DHANBAD,Jharia,Block-II,Opencast,PUBLIC,,,0,,0,,,0,,0,0,Mine-level safety evidence unavailable; available accident data is state/year level.,0.0,No Evidence
Amalgamated Gondegaon Ghatrohana,WCL,Maharashtra,NAGPUR,Kamptee/Silewara,Nagpur,Opencast,PUBLIC,,,0,,0,Amalgamated Gondegaon Ghatrohana,-0.1986356415227257,0,True,1,0,Mine-level safety evidence unavailable; available accident data is state/year level.,50.0,Operational Only
Amalgamated Inder Kamptee OCM,WCL,Maharashtra,NAGPUR,Kamptee/Silewara,Nagpur,Opencast,PUBLIC,,,0,,0,Amalgamated Inder Kamptee OCM,0.3602544635082234,0,True,1,0,Mine-level safety evidence unavailable; available accident data is state/year level.,50.0,Operational Only
Amalgamated Yekona I & II,WCL,Maharashtra,CHANDRAPUR,Wardha,Majri,Opencast,PUBLIC,,,0,,0,Amalgamated Yekona I & II,-0.1986356415227257,0,True,1,0,Mine-level safety evidence unavailable; available accident data is state/year level.,50.0,Operational Only
Amalgameted Sudamdih-Patherdih,BCCL,Jharkhand,DHANBAD,Jharia,E.Jharia,Opencast,PUBLIC,,,0,,0,Amalgameted Sudamdih-Patherdih,-0.2179077141099998,0,True,1,0,Mine-level safety evidence unavailable; available accident data is state/year level.,50.0,Operational Only
Amelia (North ) Coal Mine,JPVL,Madhya Pradesh,SINGRAULI,Singrauli,Singrauli Main Basin,Opencast,PRIVATE,,,0,,0,Amelia (North ) Coal Mine,0.3409823909209492,0,True,1,0,Mine-level safety evidence unavailable; available accident data is state/year level.,50.0,Operational Only
Amelia Coal Block,THDC,Madhya Pradesh,SINGRAULI,Singrauli,Pidarwah,Opencast,PUBLIC,,,0,,0,Amelia Coal Block,0.7071517700791571,0,True,1,0,Mine-level safety evidence unavailable; available accident data is state/year level.,50.0,Operational Only
Amera,SECL,Chhattisgarh,SURGUJA,Central India,Bisrampur,Opencast,PUBLIC,,,0,,0,Amera,0.0711733746991117,0,True,1,0,Mine-level safety evidence unavailable; available accident data is state/year level.,50.0,Operational Only
Amgaon,SECL,Chhattisgarh,SURGUJA,Central India,Bisrampur,Opencast,PUBLIC,,,0,,0,Amgaon,0.0519013021118376,0,True,1,0,Mine-level safety evidence unavailable; available accident data is state/year level.,50.0,Operational Only
Amlai OC,SECL,Madhya Pradesh,SHAHDOL,Central India,Sohagpur,Opencast,PUBLIC,,,0,,0,Amlai OC,-0.1986356415227257,0,True,1,0,Mine-level safety evidence unavailable; available accident data is state/year level.,50.0,Operational Only
Amlohri,NCL,Madhya Pradesh,SINGRAULI,Singrauli,Amlohri,Opencast,PUBLIC,,,0,,0,Amlohri,-0.1986356415227257,0,True,1,0,Mine-level safety evidence unavailable; available accident data is state/year level.,50.0,Operational Only
Amrapali OCP,CCL,Jharkhand,CHATRA,N.K.Coalfields,Amrapali,Opencast,PUBLIC,,,0,,0,Amrapali OCP,4.214668980963043,1,True,1,0,Mine-level safety evidence unavailable; available accident data is state/year level.,50.0,Operational Only
Amritnagar Colliery,ECL,West Bengal,Bardhaman,Raniganj,Kunustoria,Underground,PUBLIC,,,0,,0,Amritnagar Colliery,-0.2082716778163627,0,True,1,0,Mine-level safety evidence unavailable; available accident data is state/year level.,50.0,Operational Only
Ananta OCP,MCL,Odisha,Angul,Talcher,Jagannath,Opencast,PUBLIC,,,0,,0,Ananta OCP,2.5958148836320185,1,True,1,0,Mine-level safety evidence unavailable; available accident data is state/year level.,50.0,Operational Only
Ashoka,CCL,Jharkhand,CHATRA,N.K.Coalfields,Piparwar,Opencast,PUBLIC,,,0,,0,Ashoka,-1.0369707990691504,0,True,1,0,Mine-level safety evidence unavailable; available accident data is state/year level.,50.0,Operational Only
Badjna Colliery,ECL,Jharkhand,DHANBAD,Mugma/Salanpur,Mugma,Mixed,PUBLIC,,,0,,0,Badjna Colliery,-0.1793635689354516,0,True,1,0,Mine-level safety evidence unavailable; available accident data is state/year level.,50.0,Operational Only
Bagdeva,SECL,Chhattisgarh,KORBA,Central India,Korba,Underground,PUBLIC,,,0,,0,Bagdeva,-0.246815822990911,0,True,1,0,Mine-level safety evidence unavailable; available accident data is state/year level.,50.0,Operational Only
Bahula Colliery,ECL,West Bengal,Bardhaman,Raniganj,Kenda,Underground,PUBLIC,,,0,,0,Bahula Colliery,-0.1986356415227257,0,True,1,0,Mine-level safety evidence unavailable; available accident data is state/year level.,50.0,Operational Only
Ballarpur 3 & 4 Pits,WCL,Maharashtra,CHANDRAPUR,Wardha,Ballarpur,Underground,PUBLIC,,,0,,0,Ballarpur 3 & 4 Pits,-0.2371797866972738,0,True,1,0,Mine-level safety evidence unavailable; available accident data is state/year level.,50.0,Operational Only
Ballarpur OCM,WCL,Maharashtra,CHANDRAPUR,Wardha,Ballarpur,Opencast,PUBLIC,,,0,,0,Ballarpur OCM,0.312074282040038,0,True,1,0,Mine-level safety evidence unavailable; available accident data is state/year level.,50.0,Operational Only
Balram OCP,MCL,Odisha,Angul,Talcher,Hingula,Opencast,PUBLIC,,,0,,0,Balram OCP,-0.1986356415227257,0,True,1,0,Mine-level safety evidence unavailable; available accident data is state/year level.,50.0,Operational Only
Balrampur,SECL,Chhattisgarh,SURGUJA,Central India,Bisrampur,Underground,PUBLIC,,,0,,0,Balrampur,-0.1793635689354517,0,True,1,0,Mine-level safety evidence unavailable; available accident data is state/year level.,50.0,Operational Only
Bangwar,SECL,Madhya Pradesh,SHAHDOL,Central India,Sohagpur,Underground,PUBLIC,,,0,,0,Bangwar,-0.1986356415227257,0,True,1,0,Mine-level safety evidence unavailable; available accident data is state/year level.,50.0,Operational Only
Bankola Colliery,ECL,West Bengal,Bardhaman,Raniganj,Bankola,Underground,PUBLIC,,,0,,0,Bankola Colliery,-0.2275437504036369,0,True,1,0,Mine-level safety evidence unavailable; available accident data is state/year level.,50.0,Operational Only
Bansra Colliery,ECL,West Bengal,Bardhaman,Raniganj,Kunustoria,Mixed,PUBLIC,,,0,,0,Bansra Colliery,-0.237179786697274,0,True,1,0,Mine-level safety evidence unavailable; available accident data is state/year level.,50.0,Operational Only
Baranj,KPCL,Maharashtra,CHANDRAPUR,Warda Valley,Maijari,Opencast,PUBLIC,,,0,,0,Baranj,0.6589715886109718,0,True,1,0,Mine-level safety evidence unavailable; available accident data is state/year level.,50.0,Operational Only
Barjora (North) Coal Mine,WBPDCL,West Bengal,BANKURA,Barjora North,Barjora North,Opencast,PUBLIC,,,0,,0,Barjora (North) Coal Mine,-1.0562428716564232,0,True,1,0,Mine-level safety evidence unavailable; available accident data is state/year level.,50.0,Operational Only
Barmuri,ECL,Jharkhand,DHANBAD,Mugma/Salanpur,Mugma,Opencast,PUBLIC,,,0,,0,Barmuri,-0.1889996052290887,0,True,1,0,Mine-level safety evidence unavailable; available accident data is state/year level.,50.0,Operational Only
Baroud OC,SECL,Chhattisgarh,RAIGARH,Central India,Raigarh,Opencast,PUBLIC,,,0,,0,Baroud OC,0.4758868990318681,0,True,1,0,Mine-level safety evidence unavailable; available accident data is state/year level.,50.0,Operational Only
Bartarai,SECL,Madhya Pradesh,SHAHDOL,Central India,Jamuna & Kotma,Underground,PUBLIC,,,0,,0,Bartarai,-0.1889996052290887,0,True,1,0,Mine-level safety evidence unavailable; available accident data is state/year level.,50.0,Operational Only
Basantimata -Dahibari,BCCL,Jharkhand,DHANBAD,Mugma,Chanch/Victoria,Opencast,PUBLIC,,,0,,0,Basantimata -Dahibari,-0.2757239318718221,0,True,1,0,Mine-level safety evidence unavailable; available accident data is state/year level.,50.0,Operational Only
Basdeopur,BCCL,Jharkhand,DHANBAD,Jharia,Sijua,Opencast,PUBLIC,,,0,,0,Basdeopur,-0.1986356415227257,0,True,1,0,Mine-level safety evidence unavailable; available accident data is state/year level.,50.0,Operational Only
Bastacolla,BCCL,Jharkhand,DHANBAD,Jharia,Bastacolla,Opencast,PUBLIC,,,0,,0,Bastacolla,0.0808094109927487,0,True,1,0,Mine-level safety evidence unavailable; available accident data is state/year level.,50.0,Operational Only
Basundhara (West) OCP,MCL,Odisha,SUNDARGARH,IB Valley,Mahalaxmi,Opencast,PUBLIC,,,0,,0,,,0,,0,0,Mine-level safety evidence unavailable; available accident data is state/year level.,0.0,No Evidence
Behraband,SECL,Madhya Pradesh,SHAHDOL,Central India,Hasdeo,Underground,PUBLIC,,,0,,0,Behraband,-0.1600914963481776,0,True,1,0,Mine-level safety evidence unavailable; available accident data is state/year level.,50.0,Operational Only
Bejdih Colliery,ECL,West Bengal,Bardhaman,Raniganj,Sodepur,Underground,PUBLIC,,,0,,0,Bejdih Colliery,-0.1986356415227257,0,True,1,0,Mine-level safety evidence unavailable; available accident data is state/year level.,50.0,Operational Only
Belbaid Colliery,ECL,West Bengal,Bardhaman,Raniganj,Kunustoria,Underground,PUBLIC,,,0,,0,Belbaid Colliery,-0.1986356415227257,0,True,1,0,Mine-level safety evidence unavailable; available accident data is state/year level.,50.0,Operational Only
Belgaon Coal Mine,SISCO,Maharashtra,CHANDRAPUR,Wardha Valley,Warora,Underground,PRIVATE,,,0,,0,,,0,,0,0,Mine-level safety evidence unavailable; available accident data is state/year level.,0.0,No Evidence
Bhadra,SECL,Madhya Pradesh,SHAHDOL,Central India,Jamuna & Kotma,Underground,PUBLIC,,,0,,0,Bhadra,-0.2275437504036369,0,True,1,0,Mine-level safety evidence unavailable; available accident data is state/year level.,50.0,Operational Only
Bhanegaon OCM,WCL,Maharashtra,NAGPUR,Kamptee/Silewara,Nagpur,Opencast,PUBLIC,,,0,,0,Bhanegaon OCM,0.524067080500053,0,True,1,0,Mine-level safety evidence unavailable; available accident data is state/year level.,50.0,Operational Only
Bhanora West Block colliery & Bhanora OC patch (H),ECL,West Bengal,Bardhaman,Raniganj,Sripur,Mixed,PUBLIC,,,0,,0,Bhanora West Block colliery & Bhanora OC patch (H),-0.1986356415227257,0,True,1,0,Mine-level safety evidence unavailable; available accident data is state/year level.,50.0,Operational Only
Bharatpur OCP,MCL,Odisha,Angul,Talcher,Bharatpur,Opencast,PUBLIC,,,0,,0,,,0,,0,0,Mine-level safety evidence unavailable; available accident data is state/year level.,0.0,No Evidence
Bhatadi OC Mine,WCL,Maharashtra,CHANDRAPUR,Wardha,Chandrapur,Opencast,PUBLIC,,,0,,0,Bhatadi OC Mine,-0.7960698917282231,0,True,1,0,Mine-level safety evidence unavailable; available accident data is state/year level.,50.0,Operational Only
Bhatgaon,SECL,Chhattisgarh,SURGUJA,Central India,Bhatgaon,Underground,PUBLIC,,,0,,0,Bhatgaon,-0.237179786697274,0,True,1,0,Mine-level safety evidence unavailable; available accident data is state/year level.,50.0,Operational Only
Bhelatand Colliery,TSL,Jharkhand,DHANBAD,Jharia,Bhelatand,Underground,PRIVATE,,,0,,0,,,0,,0,0,Mine-level safety evidence unavailable; available accident data is state/year level.,0.0,No Evidence
Bhowra(S),BCCL,Jharkhand,DHANBAD,Jharia,E.Jharia,Opencast,PUBLIC,,,0,,0,Bhowra(S),0.138625628754571,0,True,1,0,Mine-level safety evidence unavailable; available accident data is state/year level.,50.0,Operational Only
Bhubaneswari OCP,MCL,Odisha,Angul,Talcher,Bhubaneswari,Opencast,PUBLIC,,,0,,0,Bhubaneswari OCP,-5.74899254665767,1,True,1,0,Mine-level safety evidence unavailable; available accident data is state/year level.,50.0,Operational Only
Bhurkunda,CCL,Jharkhand,RAMGARH,S.K.Coalfields,Barka-Sayal,Underground,PUBLIC,,,0,,0,,,0,,0,0,Mine-level safety evidence unavailable; available accident data is state/year level.,0.0,No Evidence
Bhurkunda (Sangum),CCL,Jharkhand,RAMGARH,S.K.Coalfields,Barka-Sayal,Opencast,PUBLIC,,,0,,0,Bhurkunda (Sangum),-0.4588086214509261,0,True,1,0,Mine-level safety evidence unavailable; available accident data is state/year level.,50.0,Operational Only
Bicharpur,UTCL,Madhya Pradesh,SHAHDOL,Sohagpur,Bicharpur,Underground,PRIVATE,,,0,,0,Bicharpur,0.1771697739291193,0,True,1,0,Mine-level safety evidence unavailable; available accident data is state/year level.,50.0,Operational Only
Bijari OC,SECL,Chhattisgarh,RAIGARH,Central India,Raigarh,Opencast,PUBLIC,,,0,,0,Bijari OC,0.6204274434364238,0,True,1,0,Mine-level safety evidence unavailable; available accident data is state/year level.,50.0,Operational Only
Bijuri,SECL,Madhya Pradesh,SHAHDOL,Central India,Hasdeo,Underground,PUBLIC,,,0,,0,Bijuri,-0.246815822990911,0,True,1,0,Mine-level safety evidence unavailable; available accident data is state/year level.,50.0,Operational Only
Bina Extn,NCL,Uttar Pradesh,SONBHADRA,Singrauli,Bina,Opencast,PUBLIC,,,0,,0,Bina Extn,-0.1986356415227257,0,True,1,0,Mine-level safety evidence unavailable; available accident data is state/year level.,50.0,Operational Only
Block-B Project,NCL,Madhya Pradesh,SINGRAULI,Singrauli,Block-B,Opencast,PUBLIC,,,0,,0,Block-B Project,-0.1986356415227257,0,True,1,0,Mine-level safety evidence unavailable; available accident data is state/year level.,50.0,Operational Only
Bokaro OC (Bermo),CCL,Jharkhand,BOKARO,E. Bokaro,B & K Area,Opencast,PUBLIC,,,0,,0,Bokaro OC (Bermo),-0.1793635689354516,0,True,1,0,Mine-level safety evidence unavailable; available accident data is state/year level.,50.0,Operational Only
Bonjemehari OC (Extn),ECL,West Bengal,Bardhaman,Mugma/Salanpur,Salanpur,Opencast,PUBLIC,,,0,,0,,,0,,0,0,Mine-level safety evidence unavailable; available accident data is state/year level.,0.0,No Evidence
C L Jambad OCP,ECL,West Bengal,Bardhaman,Raniganj,Kenda,Opencast,PUBLIC,,,0,,0,,,0,,0,0,Mine-level safety evidence unavailable; available accident data is state/year level.,0.0,No Evidence
Central Kajora Colliery,ECL,West Bengal,Bardhaman,Raniganj,Kajora,Underground,PUBLIC,,,0,,0,Central Kajora Colliery,-0.2179077141099998,0,True,1,0,Mine-level safety evidence unavailable; available accident data is state/year level.,50.0,Operational Only
Central Saunda,CCL,Jharkhand,RAMGARH,S.K.Coalfields,Barka-Sayal,Underground,PUBLIC,,,0,,0,,,0,,0,0,Mine-level safety evidence unavailable; available accident data is state/year level.,0.0,No Evidence
Chainpur(Sarubera) Colly.,CCL,Jharkhand,RAMGARH,W.Bokaro,Kuju,Opencast,PUBLIC,,,0,,0,Chainpur(Sarubera) Colly.,-0.1986356415227257,0,True,1,0,Mine-level safety evidence unavailable; available accident data is state/year level.,50.0,Operational Only
Chanda Rayatwari Colliery,WCL,Maharashtra,CHANDRAPUR,Wardha,Chandrapur,Underground,PUBLIC,,,0,,0,,,0,,0,0,Mine-level safety evidence unavailable; available accident data is state/year level.,0.0,No Evidence
Chapapur-II & Chappapur 10 Quarry (OC),ECL,Jharkhand,DHANBAD,Mugma/Salanpur,Mugma,Mixed,PUBLIC,,,0,,0,,,0,,0,0,Mine-level safety evidence unavailable; available accident data is state/year level.,0.0,No Evidence
Chapuikhas Colliery,ECL,West Bengal,Bardhaman,Raniganj,Satgram,Underground,PUBLIC,,,0,,0,Chapuikhas Colliery,-0.1986356415227257,0,True,1,0,Mine-level safety evidence unavailable; available accident data is state/year level.,50.0,Operational Only
Chasnalla Colliery,IISCO,Jharkhand,DHANBAD,Jharia,Chasnala,Underground,PUBLIC,,,0,,0,Chasnalla Colliery,-0.1600914963481775,0,True,1,0,Mine-level safety evidence unavailable; available accident data is state/year level.,50.0,Operational Only
Chatti Bariatu Coal Mining Project,NTPC,Jharkhand,HAZARIBAGH,North Karanpura,Keredari,Opencast,PUBLIC,,,0,,0,,,0,,0,0,Mine-level safety evidence unavailable; available accident data is state/year level.,0.0,No Evidence
Chhal OC,SECL,Chhattisgarh,RAIGARH,Central India,Raigarh,Opencast,PUBLIC,,,0,,0,,,0,,0,0,Mine-level safety evidence unavailable; available accident data is state/year level.,0.0,No Evidence
Chhatarpur -II,WCL,Madhya Pradesh,BETUL,Pathakhera,Pathakhera,Underground,PUBLIC,,,0,,0,Chhatarpur -II,-0.2757239318718222,0,True,1,0,Mine-level safety evidence unavailable; available accident data is state/year level.,50.0,Operational Only
Chhatarpur 1,WCL,Madhya Pradesh,BETUL,Pathakhera,Pathakhera,Underground,PUBLIC,,,0,,0,Chhatarpur 1,0.0326292295245634,0,True,1,0,Mine-level safety evidence unavailable; available accident data is state/year level.,50.0,Operational Only
Chhinda,WCL,Madhya Pradesh,CHHINDWARA,Pench & Kanhan,Pench,Opencast,PUBLIC,,,0,,0,,,0,,0,0,Mine-level safety evidence unavailable; available accident data is state/year level.,0.0,No Evidence
Chinakuri Mine III,ECL,West Bengal,Bardhaman,Raniganj,Sodepur,Underground,PUBLIC,,,0,,0,,,0,,0,0,Mine-level safety evidence unavailable; available accident data is state/year level.,0.0,No Evidence
Chirimiri,SECL,Chhattisgarh,KOREA,Central India,Chirimiri,Opencast,PUBLIC,,,0,,0,Chirimiri,0.0519013021118376,0,True,1,0,Mine-level safety evidence unavailable; available accident data is state/year level.,50.0,Operational Only
Chitra East OCP,ECL,Jharkhand,DEOGHAR,Saherjuri Coalfield,S. P. Mines,Opencast,PUBLIC,,,0,,0,Chitra East OCP,0.5047950079127791,0,True,1,0,Mine-level safety evidence unavailable; available accident data is state/year level.,50.0,Operational Only
Chora 10 Pit Colliery,ECL,West Bengal,Bardhaman,Raniganj,Kenda,Underground,PUBLIC,,,0,,0,Chora 10 Pit Colliery,-0.1986356415227257,0,True,1,0,Mine-level safety evidence unavailable; available accident data is state/year level.,50.0,Operational Only
Chora 7&9 Pits Colliery,ECL,West Bengal,Bardhaman,Raniganj,Kenda,Underground,PUBLIC,,,0,,0,Chora 7&9 Pits Colliery,-0.1986356415227257,0,True,1,0,Mine-level safety evidence unavailable; available accident data is state/year level.,50.0,Operational Only
Chora Block Incline UG & Shankarpur OC & Banbahal OC,ECL,West Bengal,Bardhaman,Raniganj,Kenda,Mixed,PUBLIC,,,0,,0,,,0,,0,0,Mine-level safety evidence unavailable; available accident data is state/year level.,0.0,No Evidence
Churcha RO,SECL,Chhattisgarh,KOREA,Central India,Baikunthpur,Underground,PUBLIC,,,0,,0,,,0,,0,0,Mine-level safety evidence unavailable; available accident data is state/year level.,0.0,No Evidence
DVC Tubed Mines,DVC,Jharkhand,LATEHAR,Auranga,DVC Tubed,Opencast,PUBLIC,,,0,,0,DVC Tubed Mines,1.237133766229195,0,True,1,0,Mine-level safety evidence unavailable; available accident data is state/year level.,50.0,Operational Only
Dabor Ph-II & III OC,ECL,West Bengal,Bardhaman,Mugma/Salanpur,Salanpur,Opencast,PUBLIC,,,0,,0,Dabor Ph-II & III OC,-0.0348230245308958,0,True,1,0,Mine-level safety evidence unavailable; available accident data is state/year level.,50.0,Operational Only
Dakra Bukbuka OC,CCL,Jharkhand,RANCHI,N.K.Coalfields,North Karanpura,Opencast,PUBLIC,,,0,,0,,,0,,0,0,Mine-level safety evidence unavailable; available accident data is state/year level.,0.0,No Evidence
Dalurband OC,ECL,West Bengal,Bardhaman,Raniganj,Pandaveswar,Opencast,PUBLIC,,,0,,0,,,0,,0,0,Mine-level safety evidence unavailable; available accident data is state/year level.,0.0,No Evidence
Damini,SECL,Madhya Pradesh,SHAHDOL,Central India,Sohagpur,Underground,PUBLIC,,,0,,0,Damini,-0.2082716778163628,0,True,1,0,Mine-level safety evidence unavailable; available accident data is state/year level.,50.0,Operational Only
Damoda,BCCL,Jharkhand,DHANBAD,Jharia,Barora,Opencast,PUBLIC,,,0,,0,Damoda,-0.1600914963481775,0,True,1,0,Mine-level safety evidence unavailable; available accident data is state/year level.,50.0,Operational Only
Dhankasa & Jamunia,WCL,Madhya Pradesh,CHHINDWARA,Pench & Kanhan,Pench,Underground,PUBLIC,,,0,,0,Dhankasa & Jamunia,-0.1986356415227257,0,True,1,0,Mine-level safety evidence unavailable; available accident data is state/year level.,50.0,Operational Only
Dhanpuri,SECL,Madhya Pradesh,SHAHDOL,Central India,Sohagpur,Opencast,PUBLIC,,,0,,0,Dhanpuri,-0.5744410569745708,0,True,1,0,Mine-level safety evidence unavailable; available accident data is state/year level.,50.0,Operational Only
Dhelwadih Colliery,SECL,Chhattisgarh,KORBA,Central India,Korba,Underground,PUBLIC,,,0,,0,Dhelwadih Colliery,-0.1889996052290887,0,True,1,0,Mine-level safety evidence unavailable; available accident data is state/year level.,50.0,Operational Only
Dhemomain Incl Colliery,ECL,West Bengal,Bardhaman,Raniganj,Sodepur,Underground,PUBLIC,,,0,,0,Dhemomain Incl Colliery,-0.1986356415227257,0,True,1,0,Mine-level safety evidence unavailable; available accident data is state/year level.,50.0,Operational Only
Dhemomain Pit Colliery,ECL,West Bengal,Bardhaman,Raniganj,Sodepur,Underground,PUBLIC,,,0,,0,Dhemomain Pit Colliery,-0.1986356415227257,0,True,1,0,Mine-level safety evidence unavailable; available accident data is state/year level.,50.0,Operational Only
Dhoptala OC (Sasti Colliery),WCL,Maharashtra,CHANDRAPUR,Wardha,Ballarpur,Opencast,PUBLIC,,,0,,0,Dhoptala OC (Sasti Colliery),0.7456959152537054,0,True,1,0,Mine-level safety evidence unavailable; available accident data is state/year level.,50.0,Operational Only
Dhori Khas(UG),CCL,Jharkhand,BOKARO,E. Bokaro,Dhori Area,Underground,PUBLIC,,,0,,0,Dhori Khas(UG),-0.1889996052290887,0,True,1,0,Mine-level safety evidence unavailable; available accident data is state/year level.,50.0,Operational Only
Dipka,SECL,Chhattisgarh,KORBA,Central India,Dipka,Opencast,PUBLIC,M/s Dipka Expansion Project South Eastern Coal Fields Limited Dipka Area,26.735707203797688,0,24.0,1,Dipka,1.025140967769183,0,True,1,0,Mine-level safety evidence unavailable; available accident data is state/year level.,100.0,Environmental + Operational
Dubeswari Colliery,ECL,West Bengal,PURULIA,Raniganj,Sodepur,Underground,PUBLIC,,,0,,0,Dubeswari Colliery,-0.1986356415227257,0,True,1,0,Mine-level safety evidence unavailable; available accident data is state/year level.,50.0,Operational Only
Dudhichua Project,NCL,Uttar Pradesh,SONBHADRA,Singrauli,Dudhichua,Opencast,PUBLIC,,,0,,0,Dudhichua Project,1.6996635083237726,0,True,1,0,Mine-level safety evidence unavailable; available accident data is state/year level.,50.0,Operational Only
Dulanga Coal Mining Project,NTPC,Odisha,SUNDARGARH,IB Vlley,Dulanga,Opencast,PUBLIC,,,0,,0,Dulanga Coal Mining Project,-0.1986356415227257,0,True,1,0,Mine-level safety evidence unavailable; available accident data is state/year level.,50.0,Operational Only
Durgapur Open Cast,WCL,Maharashtra,CHANDRAPUR,Wardha,Chandrapur,Opencast,PUBLIC,,,0,,0,Durgapur Open Cast,0.5433391530873273,0,True,1,0,Mine-level safety evidence unavailable; available accident data is state/year level.,50.0,Operational Only
Durgapur Rayatwari Colly,WCL,Maharashtra,CHANDRAPUR,Wardha,Chandrapur,Underground,PUBLIC,,,0,,0,Durgapur Rayatwari Colly,-0.1986356415227257,0,True,1,0,Mine-level safety evidence unavailable; available accident data is state/year level.,50.0,Operational Only
E.Basuria,BCCL,Jharkhand,DHANBAD,Jharia,Kusunda,Opencast,PUBLIC,,,0,,0,,,0,,0,0,Mine-level safety evidence unavailable; available accident data is state/year level.,0.0,No Evidence
Ena,BCCL,Jharkhand,DHANBAD,Jharia,Kusunda,Opencast,PUBLIC,,,0,,0,Ena,0.2349859916909417,0,True,1,0,Mine-level safety evidence unavailable; available accident data is state/year level.,50.0,Operational Only
G & G B Coal Mine,WBPDCL,West Bengal,BIRBHUM,Raniganj,Gangaramchak,Opencast,PUBLIC,,,0,,0,G & G B Coal Mine,1.5358508913319435,0,True,1,0,Mine-level safety evidence unavailable; available accident data is state/year level.,50.0,Operational Only
GP-IV-8 Coal Mine,AMBUJA,Chhattisgarh,RAIGARH,Mand Raigarh,Raigarh,Underground,PRIVATE,,,0,,0,GP-IV-8 Coal Mine,-0.439536548863652,0,True,1,0,Mine-level safety evidence unavailable; available accident data is state/year level.,50.0,Operational Only
Gare Palma IV 6,JSPL,Chhattisgarh,RAIGARH,Mand-Raigarh,Raigarh,Opencast,PRIVATE,,,0,,0,,,0,,0,0,Mine-level safety evidence unavailable; available accident data is state/year level.,0.0,No Evidence
Gare Palma IV-2&3,BALCO,Chhattisgarh,KORBA,Hasdeo-Arand,Korba,Opencast,PRIVATE,,,0,,0,,,0,,0,0,Mine-level safety evidence unavailable; available accident data is state/year level.,0.0,No Evidence
Gare Palma IV/1,JPL,Chhattisgarh,RAIGARH,Mand Raigarh,Gare Palma,Opencast,PRIVATE,,,0,,0,,,0,,0,0,Mine-level safety evidence unavailable; available accident data is state/year level.,0.0,No Evidence
Gare Palma IV/2&3,JPL,Chhattisgarh,RAIGARH,Mand- Raigarh,Gare Palma,Opencast,PRIVATE,,,0,,0,Gare Palma IV/2&3,-2.0198465010201287,1,True,1,0,Mine-level safety evidence unavailable; available accident data is state/year level.,50.0,Operational Only
Gare Palma IV/7,SEML,Chhattisgarh,RAIGARH,Mand Raigarh,Tamnar Tehsil,Opencast,PRIVATE,,,0,,0,Gare Palma IV/7,0.0326292295245634,0,True,1,0,Mine-level safety evidence unavailable; available accident data is state/year level.,50.0,Operational Only
Gare Palma Sector III,CSPGCL,Chhattisgarh,RAIGARH,Mand Raigarh,Raigarh,Opencast,PUBLIC,,,0,,0,Gare Palma Sector III,0.1675337376354821,0,True,1,0,Mine-level safety evidence unavailable; available accident data is state/year level.,50.0,Operational Only
Garjanbahal OCP,MCL,Odisha,SUNDARGARH,IB Valley,Basundhara,Opencast,PUBLIC,,,0,,0,Garjanbahal OCP,0.6782436611982461,0,True,1,0,Mine-level safety evidence unavailable; available accident data is state/year level.,50.0,Operational Only
Gayatri,SECL,Chhattisgarh,SURGUJA,Central India,Bisrampur,Underground,PUBLIC,,,0,,0,Gayatri,0.1771697739291192,0,True,1,0,Mine-level safety evidence unavailable; available accident data is state/year level.,50.0,Operational Only
Gevra,SECL,Chhattisgarh,KORBA,Central India,Gevra,Opencast,PUBLIC,SECL GEVRA,66.79246063439777,1,23.0,1,Gevra,6.170784348571366,1,True,1,0,Mine-level safety evidence unavailable; available accident data is state/year level.,100.0,Environmental + Operational
"Ghonsa,",WCL,Maharashtra,YAVATMAL,Wardha Valley,Wani North,Opencast,PUBLIC,,,0,,0,"Ghonsa,",-0.0637311334118071,0,True,1,0,Mine-level safety evidence unavailable; available accident data is state/year level.,50.0,Operational Only
Gidi `A',CCL,Jharkhand,HAZARIBAGH,S.K.Coalfields,Argada,Opencast,PUBLIC,,,0,,0,Gidi `A',0.0519013021118376,0,True,1,0,Mine-level safety evidence unavailable; available accident data is state/year level.,50.0,Operational Only
Gidi `C',CCL,Jharkhand,HAZARIBAGH,S.K.Coalfields,Argada,Opencast,PUBLIC,,,0,,0,Gidi `C',-0.0830032059990811,0,True,1,0,Mine-level safety evidence unavailable; available accident data is state/year level.,50.0,Operational Only
Giridih OC,CCL,Jharkhand,GIRIDIH,Giridih,Giridih OC,Opencast,PUBLIC,,,0,,0,Giridih OC,-0.3913563673954668,0,True,1,0,Mine-level safety evidence unavailable; available accident data is state/year level.,50.0,Operational Only
Godavari Khani 1 & 3,SCCL,Telangana,KHAMMAM,Godavari Valley,Ramagundam-I,Underground,PUBLIC,,,0,,0,Godavari Khani-1 & 3,-0.2082716778163627,0,True,1,0,Mine-level safety evidence unavailable; available accident data is state/year level.,50.0,Operational Only
Godavari Khani-11 Incline,SCCL,Telangana,PEDDAPALLI,Godavari Valley,Ramagundam-I,Underground,PUBLIC,,,0,,0,Godavari Khani-11 Incline,-0.4202644762763778,0,True,1,0,Mine-level safety evidence unavailable; available accident data is state/year level.,50.0,Operational Only
Godavari Khani-2 & 2A,SCCL,Telangana,KHAMMAM,Godavari Valley,Ramagundam-I,Underground,PUBLIC,,,0,,0,Godavari Khani-2 & 2A,-0.2179077141099998,0,True,1,0,Mine-level safety evidence unavailable; available accident data is state/year level.,50.0,Operational Only
Godavarikhani V OC,SCCL,Telangana,PEDDAPALLI,Godavari Valley,Ramagundam-I,Opencast,PUBLIC,,,0,,0,,,0,,0,0,Mine-level safety evidence unavailable; available accident data is state/year level.,0.0,No Evidence
Gokul OC Mine + Gokul Extn.,WCL,Maharashtra,NAGPUR,Umrer,Umrer,Opencast,PUBLIC,,,0,,0,Gokul OC Mine + Gokul Extn.,-0.2660878955781849,0,True,1,0,Mine-level safety evidence unavailable; available accident data is state/year level.,50.0,Operational Only
Gondudih/Khas Kusunda,BCCL,Jharkhand,DHANBAD,Jharia,Kusunda,Opencast,PUBLIC,,,0,,0,,,0,,0,0,Mine-level safety evidence unavailable; available accident data is state/year level.,0.0,No Evidence
Gopalichuck,BCCL,Jharkhand,DHANBAD,Jharia,P.B.Project,Opencast,PUBLIC,,,0,,0,Gopalichuck,-0.0155509519436218,0,True,1,0,Mine-level safety evidence unavailable; available accident data is state/year level.,50.0,Operational Only
Gopinathpur,ECL,Jharkhand,DHANBAD,Mugma/Salanpur,Mugma,Opencast,PUBLIC,,,0,,0,Gopinathpur,-0.2082716778163628,0,True,1,0,Mine-level safety evidence unavailable; available accident data is state/year level.,50.0,Operational Only
Gotitoria E & W,BSMPL,Madhya Pradesh,Narsinghpur,Mohpani,Dharamsthal,Opencast,PRIVATE,,,0,,0,,,0,,0,0,Mine-level safety evidence unavailable; available accident data is state/year level.,0.0,No Evidence
Gourangdi-A OCP,ECL,West Bengal,Bardhaman,Mugma/Salanpur,Salanpur,Opencast,PUBLIC,,,0,,0,,,0,,0,0,Mine-level safety evidence unavailable; available accident data is state/year level.,0.0,No Evidence
Gourangdih Extn OC,ECL,West Bengal,Bardhaman,Mugma/Salanpur,Salanpur,Opencast,PUBLIC,,,0,,0,,,0,,0,0,Mine-level safety evidence unavailable; available accident data is state/year level.,0.0,No Evidence
Gouri -Pauni(A) OCM,WCL,Maharashtra,CHANDRAPUR,Wardha,Ballarpur,Opencast,PUBLIC,,,0,,0,Gouri -Pauni(A) OCM,1.4394905283955728,0,True,1,0,Mine-level safety evidence unavailable; available accident data is state/year level.,50.0,Operational Only
Gouri Deep,WCL,Maharashtra,CHANDRAPUR,Wardha,Ballarpur,Opencast,PUBLIC,,,0,,0,Gouri Deep,-0.3720842948081927,0,True,1,0,Mine-level safety evidence unavailable; available accident data is state/year level.,50.0,Operational Only
Gouthampur Khani OCP,SCCL,Telangana,KHAMMAM,Godavari Valley,Kothagudem,Opencast,PUBLIC,,,0,,0,Gouthampur Khani OCP,-0.6418933110300301,0,True,1,0,Mine-level safety evidence unavailable; available accident data is state/year level.,50.0,Operational Only
Govindpur,CCL,Jharkhand,BOKARO,E. Bokaro,Kathara,Underground,PUBLIC,,,0,,0,"Govindpur,",-0.2082716778163627,0,True,1,0,Mine-level safety evidence unavailable; available accident data is state/year level.,50.0,Operational Only
Govindpur Ph-II OCP,CCL,Jharkhand,BOKARO,E. Bokaro,Kathara,Opencast,PUBLIC,,,0,,0,,,0,,0,0,Mine-level safety evidence unavailable; available accident data is state/year level.,0.0,No Evidence
Haldibari,SECL,Chhattisgarh,KOREA,Central India,Hasdeo,Underground,PUBLIC,,,0,,0,,,0,,0,0,Mine-level safety evidence unavailable; available accident data is state/year level.,0.0,No Evidence
Hariajam,ECL,Jharkhand,DHANBAD,Mugma/Salanpur,Mugma,Underground,PUBLIC,,,0,,0,Hariajam,-0.1889996052290887,0,True,1,0,Mine-level safety evidence unavailable; available accident data is state/year level.,50.0,Operational Only
Hindustan Lalpeth Colliery No.1,WCL,Maharashtra,CHANDRAPUR,Wardha,Chandrapur,Underground,PUBLIC,,,0,,0,Hindustan Lalpeth Colliery No.1,-0.1986356415227257,0,True,1,0,Mine-level safety evidence unavailable; available accident data is state/year level.,50.0,Operational Only
Hindustan Lalpeth OC,WCL,Maharashtra,CHANDRAPUR,Wardha,Chandrapur,Opencast,PUBLIC,,,0,,0,Hindustan Lalpeth OC,-0.1986356415227257,0,True,1,0,Mine-level safety evidence unavailable; available accident data is state/year level.,50.0,Operational Only
Hingula OCP,MCL,Odisha,Angul,Talcher,Hingula,Opencast,PUBLIC,,,0,,0,Hingula OCP,0.4566148264445935,0,True,1,0,Mine-level safety evidence unavailable; available accident data is state/year level.,50.0,Operational Only
Hirakhand Bundia Mine,MCL,Odisha,JHARSUGUDA,IB Valley,Orient,Underground,PUBLIC,,,0,,0,Hirakhand Bundia Mine,-0.1889996052290887,0,True,1,0,Mine-level safety evidence unavailable; available accident data is state/year level.,50.0,Operational Only
Hurra C,ECL,Jharkhand,GODDA,Rajmahal,Rajmahal,Opencast,PUBLIC,,,0,,0,Hurra'C',1.5647590002128549,0,True,1,0,Mine-level safety evidence unavailable; available accident data is state/year level.,50.0,Operational Only
"Indaram Khani-1A, Incline",SCCL,Telangana,MANCHERIAL,Godavari Valley,Srirampur,Underground,PUBLIC,,,0,,0,"Indaram Khani-1A, Incline",-0.4684446577445632,0,True,1,0,Mine-level safety evidence unavailable; available accident data is state/year level.,50.0,Operational Only
Indaram Khani-OC,SCCL,Telangana,MANCHERIAL,Godavari Valley,Srirampur,Opencast,PUBLIC,,,0,,0,Indaram Khani-OC,-0.4684446577445632,0,True,1,0,Mine-level safety evidence unavailable; available accident data is state/year level.,50.0,Operational Only
Int. Lakhanpur-Belpahar-Lilari OCP,MCL,Odisha,JHARSUGUDA,IB Valley,Lakhanpur,Opencast,PUBLIC,,,0,,0,,,0,,0,0,Mine-level safety evidence unavailable; available accident data is state/year level.,0.0,No Evidence
Itapara OC Patch,ECL,West Bengal,Bardhaman,Mugma/Salanpur,Salanpur,Opencast,PUBLIC,,,0,,0,Itapara OC Patch,-0.2853599681654592,0,True,1,0,Mine-level safety evidence unavailable; available accident data is state/year level.,50.0,Operational Only
J. K. Nagar Colliery,ECL,West Bengal,Bardhaman,Raniganj,Satgram,Underground,PUBLIC,,,0,,0,J. K. Nagar Colliery,-0.2179077141099998,0,True,1,0,Mine-level safety evidence unavailable; available accident data is state/year level.,50.0,Operational Only
Jaganathpur,SECL,Chhattisgarh,SURGUJA,Central India,Bhatgaon,Opencast,PUBLIC,,,0,,0,Jaganathpur,0.3506184272145865,0,True,1,0,Mine-level safety evidence unavailable; available accident data is state/year level.,50.0,Operational Only
Jagannath Re-org OCP,MCL,Odisha,Angul,Talcher,Jagannath,Opencast,PUBLIC,,,0,,0,,,0,,0,0,Mine-level safety evidence unavailable; available accident data is state/year level.,0.0,No Evidence
Jalagam Vengala Rao OC-2,SCCL,Telangana,KHAMMAM,Godavari Valley,Kothagudem,Opencast,PUBLIC,,,0,,0,Jalagam Vengala Rao OC-2,0.8324202418964394,0,True,1,0,Mine-level safety evidence unavailable; available accident data is state/year level.,50.0,Operational Only
Jalipa,HIL,Chhattisgarh,RAIGARH,Mand-Raigarh,Gare Palma Area,Opencast,PRIVATE,,,0,,0,,,0,,0,0,Mine-level safety evidence unavailable; available accident data is state/year level.,0.0,No Evidence
Jamadoba Colliery,TSL,Jharkhand,DHANBAD,Jharia,Jamadoba,Mixed,PRIVATE,,,0,,0,"Jamadoba Colliery,",-0.3431761859272815,0,True,1,0,Mine-level safety evidence unavailable; available accident data is state/year level.,50.0,Operational Only
Jambad OCP,ECL,West Bengal,Bardhaman,Raniganj,Kajora,Opencast,PUBLIC,,,0,,0,Jambad OCP,-0.3046320407527332,0,True,1,0,Mine-level safety evidence unavailable; available accident data is state/year level.,50.0,Operational Only
Jambad UG Colliery,ECL,West Bengal,Bardhaman,Raniganj,Kajora,Underground,PUBLIC,,,0,,0,Jambad UG Colliery,-0.2275437504036369,0,True,1,0,Mine-level safety evidence unavailable; available accident data is state/year level.,50.0,Operational Only
Jamkhani Coal Mine,Vedanta,Odisha,SUNDARGARH,IB River,IB River,Opencast,PRIVATE,,,0,,0,Jamkhani Coal Mine,1.1889535847610098,0,True,1,0,Mine-level safety evidence unavailable; available accident data is state/year level.,50.0,Operational Only
Jampali,SECL,Chhattisgarh,RAIGARH,Central India,Raigarh,Opencast,PUBLIC,,,0,,0,Jampali,-0.1986356415227257,0,True,1,0,Mine-level safety evidence unavailable; available accident data is state/year level.,50.0,Operational Only
Jamuna 9 & 10 Jamuna RO,SECL,Madhya Pradesh,SHAHDOL,Central India,Jamuna & Kotma,Underground,PUBLIC,,,0,,0,,,0,,0,0,Mine-level safety evidence unavailable; available accident data is state/year level.,0.0,No Evidence
Jarangdih OC,CCL,Jharkhand,BOKARO,E. Bokaro,Kathara,Opencast,PUBLIC,,,0,,0,Jarangdih OC.,0.3891625723891344,0,True,1,0,Mine-level safety evidence unavailable; available accident data is state/year level.,50.0,Operational Only
"Jawahar Khani OC-5,",SCCL,Telangana,KHAMMAM,Godavari Valley,Yellandu,Opencast,PUBLIC,,,0,,0,"Jawahar Khani OC-5,",-0.6900734924982153,0,True,1,0,Mine-level safety evidence unavailable; available accident data is state/year level.,50.0,Operational Only
Jayant Project,NCL,Madhya Pradesh,SINGRAULI,Singrauli,Jayant,Opencast,PUBLIC,,,0,,0,Jayant Project,3.0198004805520497,1,True,1,0,Mine-level safety evidence unavailable; available accident data is state/year level.,50.0,Operational Only
Jhanjra Project Colliery,ECL,West Bengal,Bardhaman,Raniganj,Jhanjra,Underground,PUBLIC,,,0,,0,,,0,,0,0,Mine-level safety evidence unavailable; available accident data is state/year level.,0.0,No Evidence
Jharkhand OCP,CCL,Jharkhand,RAMGARH,W.Bokaro,Hazaribagh,Opencast,PUBLIC,,,0,,0,Jharkhand OCP,-0.1600914963481776,0,True,1,0,Mine-level safety evidence unavailable; available accident data is state/year level.,50.0,Operational Only
Jhilimili Colliery,SECL,Chhattisgarh,KOREA,Central India,Baikunthpur,Underground,PUBLIC,,,0,,0,Jhilimili Colliery,-0.1408194237609034,0,True,1,0,Mine-level safety evidence unavailable; available accident data is state/year level.,50.0,Operational Only
Jhingurda Project,NCL,Madhya Pradesh,SINGRAULI,Singrauli,Jhingurda,Opencast,PUBLIC,,,0,,0,Jhingurda Project,-0.1119113148799924,0,True,1,0,Mine-level safety evidence unavailable; available accident data is state/year level.,50.0,Operational Only
Jhiria,SECL,Madhya Pradesh,SHAHDOL,Central India,Hasdeo,Underground,PUBLIC,,,0,,0,Jhiria,-0.1600914963481775,0,True,1,0,Mine-level safety evidence unavailable; available accident data is state/year level.,50.0,Operational Only
Jitpur Colliery,IISCO,Jharkhand,DHANBAD,Jharia,SAIL-BSL,Underground,PUBLIC,,,0,,0,Jitpur Colliery,-0.1793635689354517,0,True,1,0,Mine-level safety evidence unavailable; available accident data is state/year level.,50.0,Operational Only
Jogidih,BCCL,Jharkhand,DHANBAD,Jharia,Govindpur,Underground,PUBLIC,,,0,,0,Jogidih,-0.1986356415227257,0,True,1,0,Mine-level safety evidence unavailable; available accident data is state/year level.,50.0,Operational Only
Joyrampur,BCCL,Jharkhand,DHANBAD,Jharia,Lodna,Opencast,PUBLIC,,,0,,0,,,0,,0,0,Mine-level safety evidence unavailable; available accident data is state/year level.,0.0,No Evidence
"Junad,",WCL,Maharashtra,YAVATMAL,Wardha Valley,Wani North,Opencast,PUBLIC,,,0,,0,"Junad,",-0.3624482585145556,0,True,1,0,Mine-level safety evidence unavailable; available accident data is state/year level.,50.0,Operational Only
K. Dewarkhand,CCL,Jharkhand,RANCHI,N.K.Coalfields,North Karanpura,Opencast,PUBLIC,,,0,,0,K. Dewarkhand,0.2157139191036675,0,True,1,0,Mine-level safety evidence unavailable; available accident data is state/year level.,50.0,Operational Only
KARO SPL OC,CCL,Jharkhand,BOKARO,E. Bokaro,B & K Area,Underground,PUBLIC,,,0,,0,,,0,,0,0,Mine-level safety evidence unavailable; available accident data is state/year level.,0.0,No Evidence
Kabribad OC,CCL,Jharkhand,GIRIDIH,Giridih,Giridih OC,Opencast,PUBLIC,,,0,,0,Kabribad OC,0.1964418465163933,0,True,1,0,Mine-level safety evidence unavailable; available accident data is state/year level.,50.0,Operational Only
Kakatiya Khani-1 & 1A Incline,SCCL,Telangana,JAYASHANKAR BHUPALPALLY,Godavari Valley,Bhupalpalli,Underground,PUBLIC,,,0,,0,Kakatiya Khani-1 & 1A Incline,-0.2275437504036369,0,True,1,0,Mine-level safety evidence unavailable; available accident data is state/year level.,50.0,Operational Only
Kakatiya Khani-5 Incline,SCCL,Telangana,JAYASHANKAR BHUPALPALLY,Godavari Valley,Bhupalpalli,Underground,PUBLIC,,,0,,0,Kakatiya Khani-5 Incline,-0.2082716778163628,0,True,1,0,Mine-level safety evidence unavailable; available accident data is state/year level.,50.0,Operational Only
"Kakatiya Khani-6, Incline",SCCL,Telangana,JAYASHANKAR BHUPALPALLY,Godavari Valley,Bhupalpalli,Underground,PUBLIC,,,0,,0,"Kakatiya Khani-6, Incline",-0.2275437504036369,0,True,1,0,Mine-level safety evidence unavailable; available accident data is state/year level.,50.0,Operational Only
Kakatiya Khani-8 & 8A Incline,SCCL,Telangana,JAYASHANKAR BHUPALPALLY,Godavari Valley,Bhupalpalli,Underground,PUBLIC,,,0,,0,Kakatiya Khani-8 & 8A Incline,-0.2179077141099998,0,True,1,0,Mine-level safety evidence unavailable; available accident data is state/year level.,50.0,Operational Only
Kakatiya Khani-OC II,SCCL,Telangana,JAYASHANKAR BHUPALPALLY,Godavari Valley,Bhupalpalli,Opencast,PUBLIC,,,0,,0,Kakatiya Khani-OC II,0.0326292295245634,0,True,1,0,Mine-level safety evidence unavailable; available accident data is state/year level.,50.0,Operational Only
Kakatiya Khani-OC-III,SCCL,Telangana,JAYASHANKAR BHUPALPALLY,Godavari Valley,Bhupalpalli,Opencast,PUBLIC,,,0,,0,Kakatiya Khani-OC-III,0.3698904998018604,0,True,1,0,Mine-level safety evidence unavailable; available accident data is state/year level.,50.0,Operational Only
Kakri Project,NCL,Madhya Pradesh,SINGRAULI,Singrauli,Kakri,Opencast,PUBLIC,,,0,,0,Kakri Project,-0.6033491658554817,0,True,1,0,Mine-level safety evidence unavailable; available accident data is state/year level.,50.0,Operational Only
Kalidaspur Project,ECL,West Bengal,BANKURA,Raniganj,Satgram,Underground,PUBLIC,,,0,,0,Kalidaspur Project,-0.1793635689354516,0,True,1,0,Mine-level safety evidence unavailable; available accident data is state/year level.,50.0,Operational Only
Kalyan Khani OC,SCCL,Telangana,MANCHERIAL,Godavari Valley,Mandamari,Opencast,PUBLIC,,,0,,0,Kalyan Khani OC,-0.2660878955781851,0,True,1,0,Mine-level safety evidence unavailable; available accident data is state/year level.,50.0,Operational Only
Kalyan Khani-1 & 5 Incline,SCCL,Telangana,MANCHERIAL,Godavari Valley,Mandamari,Underground,PUBLIC,,,0,,0,Kalyan Khani-1 Incline,-0.3046320407527333,0,True,1,0,Mine-level safety evidence unavailable; available accident data is state/year level.,50.0,Operational Only
Kanchan OC,SECL,Madhya Pradesh,UMARIA,Central India,Johilla,Opencast,PUBLIC,,,0,,0,Kanchan OC,0.1868058102227563,0,True,1,0,Mine-level safety evidence unavailable; available accident data is state/year level.,50.0,Operational Only
Kaniha OCP,MCL,Odisha,Angul,Talcher,Kaniha,Opencast,PUBLIC,,,0,,0,Kaniha OCP,-0.5262608755063855,0,True,1,0,Mine-level safety evidence unavailable; available accident data is state/year level.,50.0,Operational Only
Kankanee,BCCL,Jharkhand,DHANBAD,Jharia,Sijua,Opencast,PUBLIC,,,0,,0,Kankanee,-0.0830032059990811,0,True,1,0,Mine-level safety evidence unavailable; available accident data is state/year level.,50.0,Operational Only
Kapasara,ECL,Jharkhand,DHANBAD,Mugma/Salanpur,Mugma,Opencast,PUBLIC,,,0,,0,Kapasara,-0.2853599681654592,0,True,1,0,Mine-level safety evidence unavailable; available accident data is state/year level.,50.0,Operational Only
Kapurdi,HIL,Chhattisgarh,RAIGARH,Mand-Raigarh,Gare Palma Area,Underground,PRIVATE,,,0,,0,,,0,,0,0,Mine-level safety evidence unavailable; available accident data is state/year level.,0.0,No Evidence
Kargali OC,CCL,Jharkhand,BOKARO,E. Bokaro,B & K Area,Opencast,PUBLIC,,,0,,0,,,0,,0,0,Mine-level safety evidence unavailable; available accident data is state/year level.,0.0,No Evidence
Karma,CCL,Jharkhand,RAMGARH,W.Bokaro,Kuju,Opencast,PUBLIC,,,0,,0,Karma,-0.063731133411807,0,True,1,0,Mine-level safety evidence unavailable; available accident data is state/year level.,50.0,Operational Only
Karo-I OC,CCL,Jharkhand,BOKARO,E. Bokaro,B & K Area,Opencast,PUBLIC,,,0,,0,Karo-I OC,-0.3913563673954667,0,True,1,0,Mine-level safety evidence unavailable; available accident data is state/year level.,50.0,Operational Only
Kasipet 1 Incline,SCCL,Telangana,MANCHERIAL,Godavari Valley,Mandamari,Underground,PUBLIC,,,0,,0,Kasipet 1 Incline,-0.1600914963481776,0,True,1,0,Mine-level safety evidence unavailable; available accident data is state/year level.,50.0,Operational Only
Kasipet 2 Incline,SCCL,Telangana,MANCHERIAL,Godavari Valley,Mandamari,Underground,PUBLIC,,,0,,0,Kasipet 2 Incline,-0.1697275326418146,0,True,1,0,Mine-level safety evidence unavailable; available accident data is state/year level.,50.0,Operational Only
Kathara Colly,CCL,Jharkhand,BOKARO,E. Bokaro,Kathara,Opencast,PUBLIC,,,0,,0,Kathara Colly.,-0.073367169705444,0,True,1,0,Mine-level safety evidence unavailable; available accident data is state/year level.,50.0,Operational Only
Kathautia Open Cast Coal Mine,HIL,Jharkhand,PALAMU,Daltonganj,Kathautia,Opencast,PRIVATE,,,0,,0,Kathautia Open Cast Coal Mine,-0.1504554600545405,0,True,1,0,Mine-level safety evidence unavailable; available accident data is state/year level.,50.0,Operational Only
Katkona 1 & 2,SECL,Chhattisgarh,KOREA,Central India,Baikunthpur,Underground,PUBLIC,,,0,,0,,,0,,0,0,Mine-level safety evidence unavailable; available accident data is state/year level.,0.0,No Evidence
Kedla (OC),CCL,Jharkhand,RAMGARH,W.Bokaro,Hazaribagh,Opencast,PUBLIC,,,0,,0,Kedla (OC),-0.1986356415227257,0,True,1,0,Mine-level safety evidence unavailable; available accident data is state/year level.,50.0,Operational Only
Kedla UG,CCL,Jharkhand,RAMGARH,W.Bokaro,Hazaribagh,Underground,PUBLIC,,,0,,0,,,0,,0,0,Mine-level safety evidence unavailable; available accident data is state/year level.,0.0,No Evidence
Kerandari,NTPC,Jharkhand,HAZARIBAGH,North Karanpura,Keredari,Opencast,PUBLIC,,,0,,0,,,0,,0,0,Mine-level safety evidence unavailable; available accident data is state/year level.,0.0,No Evidence
Ketki,SECL,Chhattisgarh,SURGUJA,Central India,Bisrampur,Underground,PUBLIC,,,0,,0,Ketki,-0.1697275326418146,0,True,1,0,Mine-level safety evidence unavailable; available accident data is state/year level.,50.0,Operational Only
Khadia Project,NCL,Uttar Pradesh,SONBHADRA,Singrauli,Khadia,Opencast,PUBLIC,,,0,,0,Khadia Project,-0.1986356415227257,0,True,1,0,Mine-level safety evidence unavailable; available accident data is state/year level.,50.0,Operational Only
Khairagura OC,SCCL,Telangana,Komaram Bheem,Godavari Valley,Belampalli,Opencast,PUBLIC,,,0,,0,Khairagura OC,0.6011553708491497,0,True,1,0,Mine-level safety evidence unavailable; available accident data is state/year level.,50.0,Operational Only
Khairaha,SECL,Madhya Pradesh,SHAHDOL,Central India,Sohagpur,Underground,PUBLIC,,,0,,0,Khairaha,-0.1986356415227257,0,True,1,0,Mine-level safety evidence unavailable; available accident data is state/year level.,50.0,Operational Only
Khandra Colliery,ECL,West Bengal,Bardhaman,Raniganj,Bankola,Underground,PUBLIC,,,0,,0,Khandra Colliery,-0.2082716778163628,0,True,1,0,Mine-level safety evidence unavailable; available accident data is state/year level.,50.0,Operational Only
Kharkharee,BCCL,Jharkhand,DHANBAD,Jharia,Govindpur,Underground,PUBLIC,,,0,,0,Kharkharee,-0.1986356415227257,0,True,1,0,Mine-level safety evidence unavailable; available accident data is state/year level.,50.0,Operational Only
Khas Kajora Colliery,ECL,West Bengal,Bardhaman,Raniganj,Kajora,Underground,PUBLIC,,,0,,0,Khas Kajora Colliery,-0.2275437504036369,0,True,1,0,Mine-level safety evidence unavailable; available accident data is state/year level.,50.0,Operational Only
Khoodia,ECL,Jharkhand,DHANBAD,Mugma/Salanpur,Mugma,Underground,PUBLIC,,,0,,0,Khoodia,-0.1697275326418146,0,True,1,0,Mine-level safety evidence unavailable; available accident data is state/year level.,50.0,Operational Only
Khottadih OCP,ECL,West Bengal,Bardhaman,Raniganj,Pandaveswar,Opencast,PUBLIC,,,0,,0,Khottadih OCP,-0.2853599681654592,0,True,1,0,Mine-level safety evidence unavailable; available accident data is state/year level.,50.0,Operational Only
Khottadih UG,ECL,West Bengal,Bardhaman,Raniganj,Pandaveswar,Underground,PUBLIC,,,0,,0,Khottadih UG,-0.2179077141099998,0,True,1,0,Mine-level safety evidence unavailable; available accident data is state/year level.,50.0,Operational Only
Kistaram OC,SCCL,Telangana,KHAMMAM,Godavari Valley,Kothagudem,Opencast,PUBLIC,,,0,,0,Kistaram OC,0.1868058102227562,0,True,1,0,Mine-level safety evidence unavailable; available accident data is state/year level.,50.0,Operational Only
"Kolarpimpri,",WCL,Maharashtra,YAVATMAL,Wardha Valley,Wani North,Opencast,PUBLIC,,,0,,0,"Kolarpimpri,",-0.1986356415227257,0,True,1,0,Mine-level safety evidence unavailable; available accident data is state/year level.,50.0,Operational Only
Kolgaon OC,WCL,Maharashtra,YAVATMAL,Wardha,Wani,Opencast,PUBLIC,,,0,,0,Kolgaon OC,-0.1986356415227257,0,True,1,0,Mine-level safety evidence unavailable; available accident data is state/year level.,50.0,Operational Only
Kondapuram UG,SCCL,Telangana,KHAMMAM,Godavari Valley,Manuguru,Underground,PUBLIC,,,0,,0,,,0,,0,0,Mine-level safety evidence unavailable; available accident data is state/year level.,0.0,No Evidence
Koya Gundem OC II,SCCL,Telangana,KHAMMAM,Godavari Valley,Yellandu,Opencast,PUBLIC,,,0,,0,Koya Gundem OC II,-0.1986356415227257,0,True,1,0,Mine-level safety evidence unavailable; available accident data is state/year level.,50.0,Operational Only
Krishnshila OCP,NCL,Uttar Pradesh,SONBHADRA,Singrauli,Krishnshila,Opencast,PUBLIC,,,0,,0,Krishnshila OCP,-0.1986356415227257,0,True,1,0,Mine-level safety evidence unavailable; available accident data is state/year level.,50.0,Operational Only
Kujama,BCCL,Jharkhand,DHANBAD,Jharia,Lodna,Opencast,PUBLIC,,,0,,0,,,0,,0,0,Mine-level safety evidence unavailable; available accident data is state/year level.,0.0,No Evidence
Kuju Colliery,CCL,Jharkhand,RAMGARH,W.Bokaro,Kuju,Opencast,PUBLIC,,,0,,0,,,0,,0,0,Mine-level safety evidence unavailable; available accident data is state/year level.,0.0,No Evidence
Kulda OCP Balinga,MCL,Odisha,SUNDARGARH,IB Valley,Basundhara,Opencast,PUBLIC,,,0,,0,Kulda OCP Balinga,-0.1986356415227257,0,True,1,0,Mine-level safety evidence unavailable; available accident data is state/year level.,50.0,Operational Only
Kumardhubi Colliery,ECL,Jharkhand,DHANBAD,Mugma/Salanpur,Mugma,Underground,PUBLIC,,,0,,0,Kumardhubi Colliery,-0.1986356415227257,0,True,1,0,Mine-level safety evidence unavailable; available accident data is state/year level.,50.0,Operational Only
Kumardihi-A Colliery,ECL,West Bengal,Bardhaman,Raniganj,Bankola,Underground,PUBLIC,,,0,,0,Kumardihi-A Colliery,-0.1986356415227257,0,True,1,0,Mine-level safety evidence unavailable; available accident data is state/year level.,50.0,Operational Only
Kumda 7 & 8,SECL,Chhattisgarh,SURGUJA,Central India,Bisrampur,Underground,PUBLIC,,,0,,0,Kumda 7 & 8,-0.2082716778163628,0,True,1,0,Mine-level safety evidence unavailable; available accident data is state/year level.,50.0,Operational Only
Kunustoria Colliery,ECL,West Bengal,Bardhaman,Raniganj,Kunustoria,Underground,PUBLIC,,,0,,0,Kunustoria Colliery,-0.2179077141099998,0,True,1,0,Mine-level safety evidence unavailable; available accident data is state/year level.,50.0,Operational Only
Kurasia UG,SECL,Chhattisgarh,KOREA,Central India,Chirimiri,Underground,PUBLIC,,,0,,0,Kurasia UG,-0.1889996052290887,0,True,1,0,Mine-level safety evidence unavailable; available accident data is state/year level.,50.0,Operational Only
Kurja/Sheetaldhara/Kapildhara,SECL,Madhya Pradesh,SHAHDOL,Central India,Hasdeo,Underground,PUBLIC,,,0,,0,,,0,,0,0,Mine-level safety evidence unavailable; available accident data is state/year level.,0.0,No Evidence
Kusmunda Project,SECL,Chhattisgarh,KORBA,Central India,Kusmunda,Opencast,PUBLIC,,,0,,0,Kusmunda Project,6.623678054372313,1,True,1,0,Mine-level safety evidence unavailable; available accident data is state/year level.,50.0,Operational Only
Kuya,BCCL,Jharkhand,DHANBAD,Jharia,Bastacolla,Opencast,PUBLIC,,,0,,0,Kuya,-0.1215473511736297,0,True,1,0,Mine-level safety evidence unavailable; available accident data is state/year level.,50.0,Operational Only
Laiyo UGP,CCL,Jharkhand,RAMGARH,W.Bokaro,Hazaribagh,Underground,PUBLIC,,,0,,0,,,0,,0,0,Mine-level safety evidence unavailable; available accident data is state/year level.,0.0,No Evidence
Lajkura OCP,MCL,Odisha,JHARSUGUDA,IB Valley,IB Valley,Opencast,PUBLIC,,,0,,0,,,0,,0,0,Mine-level safety evidence unavailable; available accident data is state/year level.,0.0,No Evidence
Lakhimata,ECL,Jharkhand,DHANBAD,Mugma/Salanpur,Mugma,Underground,PUBLIC,,,0,,0,Lakhimata,-0.1889996052290888,0,True,1,0,Mine-level safety evidence unavailable; available accident data is state/year level.,50.0,Operational Only
Lingaraj OCP,MCL,Odisha,Angul,Talcher,Lingaraj,Opencast,PUBLIC,,,0,,0,Lingaraj OCP,0.7938760967218883,0,True,1,0,Mine-level safety evidence unavailable; available accident data is state/year level.,50.0,Operational Only
Lower Kenda Colliery,ECL,West Bengal,Bardhaman,Raniganj,Kenda,Underground,PUBLIC,,,0,,0,Lower Kenda Colliery,-0.1986356415227257,0,True,1,0,Mine-level safety evidence unavailable; available accident data is state/year level.,50.0,Operational Only
Madhaipur,ECL,West Bengal,Bardhaman,Raniganj,Kajora,Mixed,PUBLIC,,,0,,0,,,0,,0,0,Mine-level safety evidence unavailable; available accident data is state/year level.,0.0,No Evidence
Madhaipur Mixed,ECL,West Bengal,Bardhaman,Raniganj,Pandaveswar,Mixed,PUBLIC,,,0,,0,,,0,,0,0,Mine-level safety evidence unavailable; available accident data is state/year level.,0.0,No Evidence
Madhusudanpur 7 Pit & Incline,ECL,West Bengal,Bardhaman,Raniganj,Kajora,Underground,PUBLIC,,,0,,0,,,0,,0,0,Mine-level safety evidence unavailable; available accident data is state/year level.,0.0,No Evidence
Magadh OCP,CCL,Jharkhand,CHATRA,N.K.Coalfields,Magadh,Opencast,PUBLIC,,,0,,0,Magadh OCP,4.060492400264852,1,True,1,0,Mine-level safety evidence unavailable; available accident data is state/year level.,50.0,Operational Only
Mahadeopuri,WCL,Madhya Pradesh,CHHINDWARA,Pench & Kanhan,Pench,Underground,PUBLIC,,,0,,0,Mahadeopuri,-0.237179786697274,0,True,1,0,Mine-level safety evidence unavailable; available accident data is state/year level.,50.0,Operational Only
Mahakali Colliery,WCL,Maharashtra,CHANDRAPUR,Wardha,Chandrapur,Underground,PUBLIC,,,0,,0,Mahakali Colliery,-0.1986356415227257,0,True,1,0,Mine-level safety evidence unavailable; available accident data is state/year level.,50.0,Operational Only
Maheshpur,BCCL,Jharkhand,DHANBAD,Jharia,Govindpur,Underground,PUBLIC,,,0,,0,Maheshpur,-0.1986356415227257,0,True,1,0,Mine-level safety evidence unavailable; available accident data is state/year level.,50.0,Operational Only
Makardhokra-I OC Expansion Mine,WCL,Maharashtra,NAGPUR,Umrer,Umrer,Opencast,PUBLIC,,,0,,0,Makardhokra-I OC Expansion Mine,-0.1986356415227257,0,True,1,0,Mine-level safety evidence unavailable; available accident data is state/year level.,50.0,Operational Only
Makardhokra-III OC MINE,WCL,Maharashtra,NAGPUR,Umrer,Umrer,Opencast,PUBLIC,,,0,,0,,,0,,0,0,Mine-level safety evidence unavailable; available accident data is state/year level.,0.0,No Evidence
Mandarboni,ECL,West Bengal,Bardhaman,Raniganj,Pandaveswar,Underground,PUBLIC,,,0,,0,,,0,,0,0,Mine-level safety evidence unavailable; available accident data is state/year level.,0.0,No Evidence
Manikpur,SECL,Chhattisgarh,KORBA,Central India,Korba,Opencast,PUBLIC,,,0,,0,Manikpur,-0.1986356415227257,0,True,1,0,Mine-level safety evidence unavailable; available accident data is state/year level.,50.0,Operational Only
Manki/Churi,CCL,Jharkhand,RANCHI,N.K.Coalfields,North Karanpura,Underground,PUBLIC,,,0,,0,Manki/Churi,-0.2757239318718221,0,True,1,0,Mine-level safety evidence unavailable; available accident data is state/year level.,50.0,Operational Only
Manna Incline,WCL,Maharashtra,CHANDRAPUR,Wardha,Chandrapur,Underground,PUBLIC,,,0,,0,Manna Incline,-0.2082716778163628,0,True,1,0,Mine-level safety evidence unavailable; available accident data is state/year level.,50.0,Operational Only
Manoharpur Coal Mine,OCPL,Odisha,SUNDARGARH,IB Valley,Sundargarh,Opencast,PUBLIC,,,0,,0,Manoharpur Coal Mine,0.2928022094527637,0,True,1,0,Mine-level safety evidence unavailable; available accident data is state/year level.,50.0,Operational Only
Manuguru Opencast,SCCL,Telangana,KHAMMAM,Godavari Valley,Manuguru,Opencast,PUBLIC,,,0,,0,Manuguru Opencast,-0.1986356415227257,0,True,1,0,Mine-level safety evidence unavailable; available accident data is state/year level.,50.0,Operational Only
Marki Mangli - I Coal Mine,TUML,Maharashtra,YAVATMAL,Wardha Valley,Marki Mangli-1 Coal Mine,Opencast,PRIVATE,,,0,,0,Marki Mangli - I Coal Mine,-0.3720842948081927,0,True,1,0,Mine-level safety evidence unavailable; available accident data is state/year level.,50.0,Operational Only
Marki Mangli III,BSIL,Maharashtra,YAVATMAL,Warda Valley,Marki Mangli -III,Opencast,PRIVATE,,,0,,0,Marki Mangli -III,-0.2853599681654592,0,True,1,0,Mine-level safety evidence unavailable; available accident data is state/year level.,50.0,Operational Only
Mathani,WCL,Madhya Pradesh,CHHINDWARA,Pench & Kanhan,Pench,Underground,PUBLIC,,,0,,0,Mathani,-0.1215473511736293,0,True,1,0,Mine-level safety evidence unavailable; available accident data is state/year level.,50.0,Operational Only
Meera,SECL,Madhya Pradesh,SHAHDOL,Central India,Jamuna & Kotma,Underground,PUBLIC,,,0,,0,Meera,-0.1986356415227257,0,True,1,0,Mine-level safety evidence unavailable; available accident data is state/year level.,50.0,Operational Only
Methani Colliery,ECL,West Bengal,Bardhaman,Raniganj,Sodepur,Underground,PUBLIC,,,0,,0,Methani Colliery,-0.1986356415227257,0,True,1,0,Mine-level safety evidence unavailable; available accident data is state/year level.,50.0,Operational Only
Metica Coal Mine,JKML,Jammu & Kashmir,Rajouri,Kalakota,Kalakota,Underground,PUBLIC,,,0,,0,Metica Coal Mine,-0.1986356415227257,0,True,1,0,Mine-level safety evidence unavailable; available accident data is state/year level.,50.0,Operational Only
Mohan (Mohan UG),WCL,Madhya Pradesh,CHHINDWARA,Pench & Kanhan,Kanhan,Mixed,PUBLIC,,,0,,0,Mohan (Mohan UG),-0.3046320407527332,0,True,1,0,Mine-level safety evidence unavailable; available accident data is state/year level.,50.0,Operational Only
Mohanpur (Expn),ECL,West Bengal,Bardhaman,Mugma/Salanpur,Salanpur,Opencast,PUBLIC,,,0,,0,Mohanpur (Expn),0.6878796974918832,0,True,1,0,Mine-level safety evidence unavailable; available accident data is state/year level.,50.0,Operational Only
Moher & Moher Amlohri Extn,Sasan Power Limited,Madhya Pradesh,SINGRAULI,Singrauli,Sasan Power Ltd,Opencast,PRIVATE,,,0,,0,,,0,,0,0,Mine-level safety evidence unavailable; available accident data is state/year level.,0.0,No Evidence
Moonidih,BCCL,Jharkhand,DHANBAD,Jharia,West Jharia,Underground,PUBLIC,,,0,,0,Moonidih,-0.2660878955781851,0,True,1,0,Mine-level safety evidence unavailable; available accident data is state/year level.,50.0,Operational Only
Mudidih,BCCL,Jharkhand,DHANBAD,Jharia,Sijua,Opencast,PUBLIC,,,0,,0,Mudidih,-0.05409509711817,0,True,1,0,Mine-level safety evidence unavailable; available accident data is state/year level.,50.0,Operational Only
Mungoli OCM,WCL,Maharashtra,YAVATMAL,Wardha,Wani,Opencast,PUBLIC,,,0,,0,Mungoli OCM,0.7071517700791575,0,True,1,0,Mine-level safety evidence unavailable; available accident data is state/year level.,50.0,Operational Only
N.C.P.H. Colliery (NEW),SECL,Chhattisgarh,KOREA,Central India,Chirimiri,Underground,PUBLIC,,,0,,0,N.C.P.H. Colliery (NEW),-0.1697275326418146,0,True,1,0,Mine-level safety evidence unavailable; available accident data is state/year level.,50.0,Operational Only
NAKC,BCCL,Jharkhand,DHANBAD,Jharia,Govindpur,Mixed,PUBLIC,,,0,,0,NAKC,-0.1119113148799923,0,True,1,0,Mine-level safety evidence unavailable; available accident data is state/year level.,50.0,Operational Only
NTST-Jeenagora,BCCL,Jharkhand,DHANBAD,Jharia,Lodna,Opencast,PUBLIC,,,0,,0,NTST-Jeenagora,-1.4320482871082687,0,True,1,0,Mine-level safety evidence unavailable; available accident data is state/year level.,50.0,Operational Only
Nabakajora Colliery,ECL,Jharkhand,RAMGARH,Raniganj,Kajora,Underground,PUBLIC,,,0,,0,,,0,,0,0,Mine-level safety evidence unavailable; available accident data is state/year level.,0.0,No Evidence
Naigaon OCM,WCL,Maharashtra,YAVATMAL,Wardha,Wani,Opencast,PUBLIC,,,0,,0,Naigaon OCM,-0.1986356415227257,0,True,1,0,Mine-level safety evidence unavailable; available accident data is state/year level.,50.0,Operational Only
Nakrakonda -Kumardihi 'B' UG,ECL,West Bengal,Bardhaman,Raniganj,Bankola,Mixed,PUBLIC,,,0,,0,,,0,,0,0,Mine-level safety evidence unavailable; available accident data is state/year level.,0.0,No Evidence
Nandgaon Incline,WCL,Maharashtra,CHANDRAPUR,Wardha,Chandrapur,Underground,PUBLIC,,,0,,0,,,0,,0,0,Mine-level safety evidence unavailable; available accident data is state/year level.,0.0,No Evidence
Nandira Colliery,MCL,Odisha,Angul,Talcher,Talcher (UG),Underground,PUBLIC,,,0,,0,Nandira Colliery,-0.1986356415227257,0,True,1,0,Mine-level safety evidence unavailable; available accident data is state/year level.,50.0,Operational Only
Narsamuda Colliery,ECL,West Bengal,Bardhaman,Raniganj,Sodepur,Underground,PUBLIC,,,0,,0,Narsamuda Colliery,-0.1986356415227257,0,True,1,0,Mine-level safety evidence unavailable; available accident data is state/year level.,50.0,Operational Only
Navapara,SECL,Chhattisgarh,SURGUJA,Central India,Bhatgaon,Underground,PUBLIC,,,0,,0,Navapara,-0.2275437504036369,0,True,1,0,Mine-level safety evidence unavailable; available accident data is state/year level.,50.0,Operational Only
Neelijay OCM,WCL,Maharashtra,YAVATMAL,Wardha,Wani,Opencast,PUBLIC,,,0,,0,Neelijay OCM,-0.1504554600545407,0,True,1,0,Mine-level safety evidence unavailable; available accident data is state/year level.,50.0,Operational Only
Nehariya,WCL,Madhya Pradesh,CHHINDWARA,Pench & Kanhan,Pench,Underground,PUBLIC,,,0,,0,Nehariya,-0.2275437504036369,0,True,1,0,Mine-level safety evidence unavailable; available accident data is state/year level.,50.0,Operational Only
New Godhur-Kusunda-Alkusa,BCCL,Jharkhand,DHANBAD,Jharia,Kusunda,Opencast,PUBLIC,,,0,,0,New Godhur-Kusunda-Alkusa,-0.0251869882372589,0,True,1,0,Mine-level safety evidence unavailable; available accident data is state/year level.,50.0,Operational Only
New Kenda Colliery,ECL,West Bengal,Bardhaman,Raniganj,Kenda,Opencast,PUBLIC,,,0,,0,New Kenda Colliery,0.3891625723891344,0,True,1,0,Mine-level safety evidence unavailable; available accident data is state/year level.,50.0,Operational Only
New Majri - I(A) & II Extn. (A) OC,WCL,Maharashtra,CHANDRAPUR,Wardha,Majri,Opencast,PUBLIC,,,0,,0,,,0,,0,0,Mine-level safety evidence unavailable; available accident data is state/year level.,0.0,No Evidence
New Majri UG to OC Expn.,WCL,Maharashtra,CHANDRAPUR,Wardha,Majri,Opencast,PUBLIC,,,0,,0,New Majri UG to OC Expn.,-0.5166248392127486,0,True,1,0,Mine-level safety evidence unavailable; available accident data is state/year level.,50.0,Operational Only
New Moghla Coal Mine,JKML,Jammu & Kashmir,Rajouri,Kalakota,Kalakota,Underground,PUBLIC,,,0,,0,New Moghla Coal Mine,-0.1986356415227257,0,True,1,0,Mine-level safety evidence unavailable; available accident data is state/year level.,50.0,Operational Only
New Sethia,WCL,Madhya Pradesh,CHHINDWARA,Pench & Kanhan,Pench,Opencast,PUBLIC,,,0,,0,,,0,,0,0,Mine-level safety evidence unavailable; available accident data is state/year level.,0.0,No Evidence
Nichitpur,BCCL,Jharkhand,DHANBAD,Jharia,Sijua,Opencast,PUBLIC,,,0,,0,Nichitpur,-0.1408194237609034,0,True,1,0,Mine-level safety evidence unavailable; available accident data is state/year level.,50.0,Operational Only
Nigahi Project,NCL,Madhya Pradesh,SINGRAULI,Singrauli,Nigahi,Opencast,PUBLIC,,,0,,0,Nigahi Project,-0.1986356415227257,0,True,1,0,Mine-level safety evidence unavailable; available accident data is state/year level.,50.0,Operational Only
"Nimcha Colliery , Nimcha OC (Amkola) & Nimcha Highwall",ECL,West Bengal,Bardhaman,Raniganj,Satgram,Mixed,PUBLIC,,,0,,0,,,0,,0,0,Mine-level safety evidence unavailable; available accident data is state/year level.,0.0,No Evidence
Ningah Colliery,ECL,West Bengal,Bardhaman,Raniganj,Sripur,Underground,PUBLIC,,,0,,0,Ningah Colliery,-0.1986356415227257,0,True,1,0,Mine-level safety evidence unavailable; available accident data is state/year level.,50.0,Operational Only
Ningha (SSI) OC,ECL,West Bengal,Bardhaman,Raniganj,Sripur,Opencast,PUBLIC,,,0,,0,Ningha (SSI) OC,-0.0251869882372588,0,True,1,0,Mine-level safety evidence unavailable; available accident data is state/year level.,50.0,Operational Only
Nirsha,ECL,Jharkhand,DHANBAD,Mugma/Salanpur,Mugma,Opencast,PUBLIC,,,0,,0,Nirsha,-0.3431761859272815,0,True,1,0,Mine-level safety evidence unavailable; available accident data is state/year level.,50.0,Operational Only
North Searsole OC Colliery,ECL,West Bengal,Bardhaman,Raniganj,Kunustoria,Opencast,PUBLIC,,,0,,0,North Searsole OC Colliery,0.4662508627382309,0,True,1,0,Mine-level safety evidence unavailable; available accident data is state/year level.,50.0,Operational Only
North Urimari/Birsa-OC,CCL,Jharkhand,HAZARIBAGH,S.K.Coalfields,Barka-Sayal,Opencast,PUBLIC,,,0,,0,North Urimari/Birsa-OC,-0.1986356415227257,0,True,1,0,Mine-level safety evidence unavailable; available accident data is state/year level.,50.0,Operational Only
Nowrozabad (W),SECL,Madhya Pradesh,UMARIA,Central India,Johilla,Underground,PUBLIC,,,0,,0,Nowrozabad (W),-0.1986356415227257,0,True,1,0,Mine-level safety evidence unavailable; available accident data is state/year level.,50.0,Operational Only
Orient Mine No. 1 & 2,MCL,Odisha,JHARSUGUDA,IB Valley,Orient,Underground,PUBLIC,,,0,,0,,,0,,0,0,Mine-level safety evidence unavailable; available accident data is state/year level.,0.0,No Evidence
Pacchwara North Coal Mine,WBPDCL,Jharkhand,PAKUR,Rajmahal Area,Pacchwara,Opencast,PUBLIC,,,0,,0,Pacchwara North Coal Mine,-1.4416843234019048,0,True,1,0,Mine-level safety evidence unavailable; available accident data is state/year level.,50.0,Operational Only
Pachhwara Central Coal Mine,PSPCL,Jharkhand,PAKUR,Rajmahal,Amrapara-Maheshpur,Opencast,PUBLIC,,,0,,0,Pachhwara Central Coal Mine,3.771411311455741,1,True,1,0,Mine-level safety evidence unavailable; available accident data is state/year level.,50.0,Operational Only
Padampur OC,WCL,Maharashtra,CHANDRAPUR,Wardha,Chandrapur,Opencast,PUBLIC,,,0,,0,,,0,,0,0,Mine-level safety evidence unavailable; available accident data is state/year level.,0.0,No Evidence
Padmavathi Khani No.5 Incline,SCCL,Telangana,KHAMMAM,Godavari Valley,Kothagudem,Underground,PUBLIC,,,0,,0,,,0,,0,0,Mine-level safety evidence unavailable; available accident data is state/year level.,0.0,No Evidence
Pakri Barwadih,NTPC,Jharkhand,HAZARIBAGH,North Karanpura,Hazaribagh,Opencast,PUBLIC,,,0,,0,Pakri Barwadih,2.769263536917485,1,True,1,0,Mine-level safety evidence unavailable; available accident data is state/year level.,50.0,Operational Only
Pali,SECL,Madhya Pradesh,UMARIA,Central India,Johilla,Underground,PUBLIC,,,0,,0,,,0,,0,0,Mine-level safety evidence unavailable; available accident data is state/year level.,0.0,No Evidence
Pandaveswar UG,ECL,West Bengal,Bardhaman,Raniganj,Pandaveswar,Underground,PUBLIC,,,0,,0,Pandaveswar UG,-0.1986356415227257,0,True,1,0,Mine-level safety evidence unavailable; available accident data is state/year level.,50.0,Operational Only
Pandavpara Colliery,SECL,Chhattisgarh,KOREA,Central India,Baikunthpur,Underground,PUBLIC,,,0,,0,Pandavpara Colliery,-0.1697275326418146,0,True,1,0,Mine-level safety evidence unavailable; available accident data is state/year level.,50.0,Operational Only
Paoni II OCM,WCL,Maharashtra,CHANDRAPUR,Wardha,Ballarpur,Opencast,PUBLIC,,,0,,0,Paoni II OCM,-0.1986356415227257,0,True,1,0,Mine-level safety evidence unavailable; available accident data is state/year level.,50.0,Operational Only
Parasea Colliery,ECL,West Bengal,Bardhaman,Raniganj,Kunustoria,Underground,PUBLIC,,,0,,0,Parasea Colliery,-0.1986356415227257,0,True,1,0,Mine-level safety evidence unavailable; available accident data is state/year level.,50.0,Operational Only
Parbelia Colliery,ECL,West Bengal,PURULIA,Raniganj,Sodepur,Underground,PUBLIC,,,0,,0,Parbelia Colliery,-0.2082716778163628,0,True,1,0,Mine-level safety evidence unavailable; available accident data is state/year level.,50.0,Operational Only
Parej East OCP,CCL,Jharkhand,RAMGARH,W.Bokaro,Hazaribagh,Opencast,PUBLIC,,,0,,0,Parej East OCP,-0.2179077141099998,0,True,1,0,Mine-level safety evidence unavailable; available accident data is state/year level.,50.0,Operational Only
Parsa East and Kanta Basan OCM,RRVUNL,Chhattisgarh,SURGUJA,Hasdo-Arand,Parsa East and Kanta,Opencast,PUBLIC,,,0,,0,Parsa East and Kanta Basan OCM,-5.113014151277623,1,True,1,0,Mine-level safety evidence unavailable; available accident data is state/year level.,50.0,Operational Only
Patansaongi Colliery,WCL,Maharashtra,NAGPUR,Kamptee/Silewara,Nagpur,Underground,PUBLIC,,,0,,0,Patansaongi Colliery,-0.1986356415227257,0,True,1,0,Mine-level safety evidence unavailable; available accident data is state/year level.,50.0,Operational Only
Patmohana Colliery,ECL,West Bengal,Bardhaman,Raniganj,Sodepur,Underground,PUBLIC,,,0,,0,Patmohana Colliery,-0.1889996052290887,0,True,1,0,Mine-level safety evidence unavailable; available accident data is state/year level.,50.0,Operational Only
Penganga OC,WCL,Maharashtra,CHANDRAPUR,Wardha,Wani,Opencast,PUBLIC,,,0,,0,Penganga OC,-1.0658789079500608,0,True,1,0,Mine-level safety evidence unavailable; available accident data is state/year level.,50.0,Operational Only
"Pimpalgaon,",WCL,Maharashtra,YAVATMAL,Wardha Valley,Wani North,Opencast,PUBLIC,,,0,,0,,,0,,0,0,Mine-level safety evidence unavailable; available accident data is state/year level.,0.0,No Evidence
Pindra Colliery,CCL,Jharkhand,RAMGARH,W.Bokaro,Kuju,Opencast,PUBLIC,,,0,,0,Pindra Colliery,-0.1986356415227257,0,True,1,0,Mine-level safety evidence unavailable; available accident data is state/year level.,50.0,Operational Only
Piparia,SECL,Madhya Pradesh,UMARIA,Central India,Johilla,Underground,PUBLIC,,,0,,0,Piparia,-0.2275437504036369,0,True,1,0,Mine-level safety evidence unavailable; available accident data is state/year level.,50.0,Operational Only
Porascol East Colliery,ECL,West Bengal,Bardhaman,Raniganj,Kajora,Underground,PUBLIC,,,0,,0,Porascol East Colliery,-0.2082716778163627,0,True,1,0,Mine-level safety evidence unavailable; available accident data is state/year level.,50.0,Operational Only
Porascol West Colliery,ECL,West Bengal,Bardhaman,Raniganj,Kajora,Underground,PUBLIC,,,0,,0,Porascol West Colliery,-0.2082716778163628,0,True,1,0,Mine-level safety evidence unavailable; available accident data is state/year level.,50.0,Operational Only
Prakasham Khani OC,SCCL,Telangana,KHAMMAM,Godavari Valley,Manuguru,Opencast,PUBLIC,,,0,,0,Prakasham Khani OC,0.4758868990318672,0,True,1,0,Mine-level safety evidence unavailable; available accident data is state/year level.,50.0,Operational Only
Pundi,CCL,Jharkhand,RAMGARH,W.Bokaro,Kuju,Opencast,PUBLIC,,,0,,0,Pundi,-0.1986356415227257,0,True,1,0,Mine-level safety evidence unavailable; available accident data is state/year level.,50.0,Operational Only
Pure Searsole Colliery,ECL,West Bengal,Bardhaman,Raniganj,Satgram,Underground,PUBLIC,,,0,,0,Pure Searsole Colliery,-0.1986356415227257,0,True,1,0,Mine-level safety evidence unavailable; available accident data is state/year level.,50.0,Operational Only
Purnadih,CCL,Jharkhand,RANCHI,N.K.Coalfields,North Karanpura,Opencast,PUBLIC,,,0,,0,Purnadih,-0.3335401496336445,0,True,1,0,Mine-level safety evidence unavailable; available accident data is state/year level.,50.0,Operational Only
ROCP/S. Jharia,BCCL,Jharkhand,DHANBAD,Jharia,Bastacolla,Opencast,PUBLIC,,,0,,0,ROCP/S. Jharia,0.3024382457464012,0,True,1,0,Mine-level safety evidence unavailable; available accident data is state/year level.,50.0,Operational Only
Rajendra,SECL,Madhya Pradesh,SHAHDOL,Central India,Sohagpur,Underground,PUBLIC,,,0,,0,Rajendra,-0.1986356415227257,0,True,1,0,Mine-level safety evidence unavailable; available accident data is state/year level.,50.0,Operational Only
Rajhara,CCL,Jharkhand,PALAMU,N.K.Coalfields,Rajhara,Opencast,PUBLIC,,,0,,0,Rajhara,-0.1986356415227257,0,True,1,0,Mine-level safety evidence unavailable; available accident data is state/year level.,50.0,Operational Only
Rajmahal OCP,ECL,Jharkhand,GODDA,Rajmahal,Rajmahal,Opencast,PUBLIC,,,0,,0,Rajmahal OCP,6.228600566333189,1,True,1,0,Mine-level safety evidence unavailable; available accident data is state/year level.,50.0,Operational Only
Rajnagar RO,SECL,Madhya Pradesh,SHAHDOL,Central India,Hasdeo,Underground,PUBLIC,,,0,,0,Rajnagar RO,-0.256451859284548,0,True,1,0,Mine-level safety evidence unavailable; available accident data is state/year level.,50.0,Operational Only
Rajpura,ECL,Jharkhand,DHANBAD,Mugma/Salanpur,Mugma,Opencast,PUBLIC,,,0,,0,Rajpura,-0.1889996052290888,0,True,1,0,Mine-level safety evidence unavailable; available accident data is state/year level.,50.0,Operational Only
Rajrappa Project,CCL,Jharkhand,RAMGARH,Rajrappa,Rajrappa,Opencast,PUBLIC,,,0,,0,Rajrappa Project,-0.2275437504036369,0,True,1,0,Mine-level safety evidence unavailable; available accident data is state/year level.,50.0,Operational Only
Rajur UG,WCL,Maharashtra,YAVATMAL,Wardha Valley,Wani North,Underground,PUBLIC,,,0,,0,Rajur UG,-0.1889996052290888,0,True,1,0,Mine-level safety evidence unavailable; available accident data is state/year level.,50.0,Operational Only
Ramagundam OC-I Extn. Ph-II,SCCL,Telangana,PEDDAPALLI,Godavari Valley,Ramagundam-III,Opencast,PUBLIC,,,0,,0,Ramagundam OC-I Extn. Ph-II,0.1868058102227566,0,True,1,0,Mine-level safety evidence unavailable; available accident data is state/year level.,50.0,Operational Only
Ramagundam-OC 3 & OC III,SCCL,Telangana,PEDDAPALLI,Godavari Valley,Ramagundam-II,Opencast,PUBLIC,,,0,,0,Ramagundam-OC 3 & OC III,1.0925932218246392,0,True,1,0,Mine-level safety evidence unavailable; available accident data is state/year level.,50.0,Operational Only
Ramakrishnapur OC,SCCL,Telangana,MANCHERIAL,Godavari Valley,Mandamari,Opencast,PUBLIC,,,0,,0,Ramakrishnapur OC,-0.2082716778163625,0,True,1,0,Mine-level safety evidence unavailable; available accident data is state/year level.,50.0,Operational Only
Ramnagar Colliery,IISCO,West Bengal,PASCHIM BARDHAMAN,Raniganj,Ramnagore,Opencast,PUBLIC,,,0,,0,,,0,,0,0,Mine-level safety evidence unavailable; available accident data is state/year level.,0.0,No Evidence
Rampur Batura,SECL,Madhya Pradesh,SHAHDOL,Central India,Sohagpur,Opencast,PUBLIC,,,0,,0,Rampur Batura,0.9287806048328092,0,True,1,0,Mine-level safety evidence unavailable; available accident data is state/year level.,50.0,Operational Only
Raniatari,SECL,Chhattisgarh,KOREA,Central India,Chirimiri,Underground,PUBLIC,,,0,,0,Raniatari,-0.1986356415227257,0,True,1,0,Mine-level safety evidence unavailable; available accident data is state/year level.,50.0,Operational Only
Ravindra Khani-5 Incline,SCCL,Telangana,MANCHERIAL,Godavari Valley,Srirampur,Underground,PUBLIC,,,0,,0,Ravindra Khani-5 Incline,-0.2179077141099998,0,True,1,0,Mine-level safety evidence unavailable; available accident data is state/year level.,50.0,Operational Only
Ravindra Khani-6 Incline,SCCL,Telangana,MANCHERIAL,Godavari Valley,Srirampur,Underground,PUBLIC,,,0,,0,Ravindra Khani-6 Incline,-0.2082716778163627,0,True,1,0,Mine-level safety evidence unavailable; available accident data is state/year level.,50.0,Operational Only
"Ravindra Khani-7,Incline",SCCL,Telangana,MANCHERIAL,Godavari Valley,Srirampur,Underground,PUBLIC,,,0,,0,"Ravindra Khani-7,Incline",-0.1986356415227257,0,True,1,0,Mine-level safety evidence unavailable; available accident data is state/year level.,50.0,Operational Only
"Ravindra Khani-New Tech,",SCCL,Telangana,MANCHERIAL,Godavari Valley,Srirampur,Underground,PUBLIC,,,0,,0,"Ravindra Khani-New Tech,",-0.2179077141099998,0,True,1,0,Mine-level safety evidence unavailable; available accident data is state/year level.,50.0,Operational Only
Rehar,SECL,Chhattisgarh,SURGUJA,Central India,Bisrampur,Underground,PUBLIC,,,0,,0,Rehar,-0.237179786697274,0,True,1,0,Mine-level safety evidence unavailable; available accident data is state/year level.,50.0,Operational Only
Religara,CCL,Jharkhand,HAZARIBAGH,S.K.Coalfields,Argada,Opencast,PUBLIC,,,0,,0,Religara,-0.1986356415227257,0,True,1,0,Mine-level safety evidence unavailable; available accident data is state/year level.,50.0,Operational Only
Rohini,CCL,Jharkhand,RANCHI,N.K.Coalfields,North Karanpura,Opencast,PUBLIC,,,0,,0,Rohini,-0.4588086214509262,0,True,1,0,Mine-level safety evidence unavailable; available accident data is state/year level.,50.0,Operational Only
SD OC Mine,CCL,Jharkhand,BOKARO,E. Bokaro,Dhori Area,Opencast,PUBLIC,,,0,,0,SD OC Mine,-0.0059149156499846,0,True,1,0,Mine-level safety evidence unavailable; available accident data is state/year level.,50.0,Operational Only
Samleswari OCP,MCL,Odisha,JHARSUGUDA,IB Valley,IB Valley,Opencast,PUBLIC,,,0,,0,Samleswari OCP,1.3624022380464769,0,True,1,0,Mine-level safety evidence unavailable; available accident data is state/year level.,50.0,Operational Only
Sankarpur Colliery,ECL,West Bengal,Bardhaman,Raniganj,Bankola,Underground,PUBLIC,,,0,,0,Sankarpur Colliery,-0.2275437504036369,0,True,1,0,Mine-level safety evidence unavailable; available accident data is state/year level.,50.0,Operational Only
Saoner Mine - II,WCL,Maharashtra,NAGPUR,Kamptee/Silewara,Nagpur,Underground,PUBLIC,,,0,,0,Saoner Mine - II,-0.1697275326418146,0,True,1,0,Mine-level safety evidence unavailable; available accident data is state/year level.,50.0,Operational Only
Saoner Mine - III,WCL,Maharashtra,NAGPUR,Kamptee/Silewara,Nagpur,Underground,PUBLIC,,,0,,0,Saoner Mine - III,-0.1889996052290887,0,True,1,0,Mine-level safety evidence unavailable; available accident data is state/year level.,50.0,Operational Only
Saoner Mine-I,WCL,Maharashtra,NAGPUR,Kamptee/Silewara,Nagpur,Underground,PUBLIC,,,0,,0,Saoner Mine-I,-0.1697275326418146,0,True,1,0,Mine-level safety evidence unavailable; available accident data is state/year level.,50.0,Operational Only
Saraipali,SECL,Chhattisgarh,KORBA,Central India,Korba,Underground,PUBLIC,,,0,,0,Saraipali,-0.0926392422927183,0,True,1,0,Mine-level safety evidence unavailable; available accident data is state/year level.,50.0,Operational Only
Sarisatolli Coal Mine,CESC,West Bengal,PASCHIM BARDHAMAN,Raniganj,Sarisatolli,Opencast,PRIVATE,,,0,,0,Sarisatolli Coal Mine,-0.6900734924982155,0,True,1,0,Mine-level safety evidence unavailable; available accident data is state/year level.,50.0,Operational Only
Sarni Mine,WCL,Madhya Pradesh,BETUL,Pathakhera,Pathakhera,Underground,PUBLIC,,,0,,0,,,0,,0,0,Mine-level safety evidence unavailable; available accident data is state/year level.,0.0,No Evidence
Sarubera,CCL,Jharkhand,RAMGARH,W.Bokaro,Kuju,Underground,PUBLIC,,,0,,0,,,0,,0,0,Mine-level safety evidence unavailable; available accident data is state/year level.,0.0,No Evidence
Sasti Expn. OCM,WCL,Maharashtra,CHANDRAPUR,Wardha,Ballarpur,Opencast,PUBLIC,,,0,,0,Sasti Expn. OCM,-0.738253673966401,0,True,1,0,Mine-level safety evidence unavailable; available accident data is state/year level.,50.0,Operational Only
Satgram Incline,ECL,West Bengal,Bardhaman,Raniganj,Satgram,Underground,PUBLIC,,,0,,0,Satgram Incline,-0.1986356415227257,0,True,1,0,Mine-level safety evidence unavailable; available accident data is state/year level.,50.0,Operational Only
Satgram Project,ECL,West Bengal,Bardhaman,Raniganj,Satgram,Underground,PUBLIC,,,0,,0,Satgram Project,-0.2179077141099998,0,True,1,0,Mine-level safety evidence unavailable; available accident data is state/year level.,50.0,Operational Only
Saunda (Ncdc),CCL,Jharkhand,RAMGARH,S.K.Coalfields,Barka-Sayal,Underground,PUBLIC,,,0,,0,,,0,,0,0,Mine-level safety evidence unavailable; available accident data is state/year level.,0.0,No Evidence
Sayal `D',CCL,Jharkhand,RAMGARH,S.K.Coalfields,Barka-Sayal,Opencast,PUBLIC,,,0,,0,Sayal `D',0.6107914071427866,0,True,1,0,Mine-level safety evidence unavailable; available accident data is state/year level.,50.0,Operational Only
Sendra Bansjora,BCCL,Jharkhand,DHANBAD,Jharia,Sijua,Opencast,PUBLIC,,,0,,0,Sendra Bansjora,-0.3239041133400074,0,True,1,0,Mine-level safety evidence unavailable; available accident data is state/year level.,50.0,Operational Only
Shampur B,ECL,Jharkhand,DHANBAD,Mugma/Salanpur,Mugma,Underground,PUBLIC,,,0,,0,Shampur B,-0.1986356415227257,0,True,1,0,Mine-level safety evidence unavailable; available accident data is state/year level.,50.0,Operational Only
Shanthi Khani,SCCL,Telangana,MANCHERIAL,Godavari Valley,Mandamari,Underground,PUBLIC,,,0,,0,,,0,,0,0,Mine-level safety evidence unavailable; available accident data is state/year level.,0.0,No Evidence
Sharda Highwall,SECL,Madhya Pradesh,SHAHDOL,Central India,Sohagpur,Underground,PUBLIC,,,0,,0,Sharda Highwall,-0.1504554600545405,0,True,1,0,Mine-level safety evidence unavailable; available accident data is state/year level.,50.0,Operational Only
Sharda UG,WCL,Madhya Pradesh,CHHINDWARA,Pench & Kanhan,Kanhan,Underground,PUBLIC,,,0,,0,,,0,,0,0,Mine-level safety evidence unavailable; available accident data is state/year level.,0.0,No Evidence
Shivani,SECL,Chhattisgarh,SURGUJA,Central India,Bhatgaon,Underground,PUBLIC,,,0,,0,Shivani,-0.1504554600545405,0,True,1,0,Mine-level safety evidence unavailable; available accident data is state/year level.,50.0,Operational Only
Shyam Sundarpur Colliery,ECL,West Bengal,Bardhaman,Raniganj,Bankola,Underground,PUBLIC,,,0,,0,Shyam Sundarpur Colliery,-0.1408194237609035,0,True,1,0,Mine-level safety evidence unavailable; available accident data is state/year level.,50.0,Operational Only
Sial Ghogri Coal Mine,RCCPL,Madhya Pradesh,CHHINDWARA,Pench- Kanhan,Sial Ghogri,Underground,PRIVATE,,,0,,0,Sial Ghogri Coal Mine,-0.2179077141099998,0,True,1,0,Mine-level safety evidence unavailable; available accident data is state/year level.,50.0,Operational Only
Siarmal OCP,MCL,Odisha,SUNDARGARH,IB Valley,Mahalaxmi,Opencast,PUBLIC,,,0,,0,,,0,,0,0,Mine-level safety evidence unavailable; available accident data is state/year level.,0.0,No Evidence
Siduli Colliery,ECL,West Bengal,Bardhaman,Raniganj,Kenda,Mixed,PUBLIC,,,0,,0,Siduli Colliery,-0.2082716778163627,0,True,1,0,Mine-level safety evidence unavailable; available accident data is state/year level.,50.0,Operational Only
Sijua Colliery,TSL,Jharkhand,DHANBAD,Jharia,Sijua,Underground,PRIVATE,,,0,,0,"Sijua Colliery,",-0.1986356415227257,0,True,1,0,Mine-level safety evidence unavailable; available accident data is state/year level.,50.0,Operational Only
Sikni OC Mine,JSMDCL,Jharkhand,LATEHAR,Auranga,Sikni,Opencast,PUBLIC,,,0,,0,,,0,,0,0,Mine-level safety evidence unavailable; available accident data is state/year level.,0.0,No Evidence
Silewara Colliery,WCL,Maharashtra,NAGPUR,Kamptee/Silewara,Nagpur,Underground,PUBLIC,,,0,,0,Silewara Colliery,-0.1793635689354516,0,True,1,0,Mine-level safety evidence unavailable; available accident data is state/year level.,50.0,Operational Only
Singhali Colliery,SECL,Chhattisgarh,KORBA,Central India,Korba,Underground,PUBLIC,,,0,,0,Singhali Colliery,-0.2082716778163628,0,True,1,0,Mine-level safety evidence unavailable; available accident data is state/year level.,50.0,Operational Only
Singori OC,WCL,Maharashtra,NAGPUR,Kamptee/Silewara,Nagpur,Opencast,PUBLIC,,,0,,0,Singori OC,-0.1986356415227257,0,True,1,0,Mine-level safety evidence unavailable; available accident data is state/year level.,50.0,Operational Only
Sirka,CCL,Jharkhand,RAMGARH,S.K.Coalfields,Argada,Opencast,PUBLIC,,,0,,0,Sirka,-0.0830032059990811,0,True,1,0,Mine-level safety evidence unavailable; available accident data is state/year level.,50.0,Operational Only
Sonepur Bazari Project OCM,ECL,West Bengal,Bardhaman,Raniganj,Sonepur-Bazari,Opencast,PUBLIC,,,0,,0,,,0,,0,0,Mine-level safety evidence unavailable; available accident data is state/year level.,0.0,No Evidence
South Samla,ECL,West Bengal,Bardhaman,Raniganj,Pandaveswar,Underground,PUBLIC,,,0,,0,,,0,,0,0,Mine-level safety evidence unavailable; available accident data is state/year level.,0.0,No Evidence
Srirampur OC,SCCL,Telangana,MANCHERIAL,Godavari Valley,Srirampur,Opencast,PUBLIC,,,0,,0,Srirampur OC,-0.1311833874672666,0,True,1,0,Mine-level safety evidence unavailable; available accident data is state/year level.,50.0,Operational Only
"Srirampur-1, Incline",SCCL,Telangana,MANCHERIAL,Godavari Valley,Srirampur,Underground,PUBLIC,,,0,,0,"Srirampur-1, Incline",-0.3817203311018297,0,True,1,0,Mine-level safety evidence unavailable; available accident data is state/year level.,50.0,Operational Only
Srirampur-3 & 3A Incline,SCCL,Telangana,MANCHERIAL,Godavari Valley,Srirampur,Underground,PUBLIC,,,0,,0,Srirampur-3 & 3A Incline,-0.3624482585145557,0,True,1,0,Mine-level safety evidence unavailable; available accident data is state/year level.,50.0,Operational Only
Suliyari,APMDCL,Madhya Pradesh,SINGRAULI,Singrauli,Suliyari,Opencast,PUBLIC,,,0,,0,,,0,,0,0,Mine-level safety evidence unavailable; available accident data is state/year level.,0.0,No Evidence
Tadicherla 1 OCM,TGGENCO,Telangana,JAYASHANKAR BHUPALPALLY,Godavari Valley,Tadicherla 1,Opencast,PUBLIC,,,0,,0,,,0,,0,0,Mine-level safety evidence unavailable; available accident data is state/year level.,0.0,No Evidence
Takli Jena Bellora,AIPL,Maharashtra,CHANDRAPUR,Wardha,Wardha,Opencast,PRIVATE,,,0,,0,,,0,,0,0,Mine-level safety evidence unavailable; available accident data is state/year level.,0.0,No Evidence
Talabira II & III,NLCIL,Odisha,SAMBALPUR,IB Valley,Neyvelli Lignite Field,Opencast,PUBLIC,,,0,,0,,,0,,0,0,Mine-level safety evidence unavailable; available accident data is state/year level.,0.0,No Evidence
Talaipalli Coal Mine,NTPC,Chhattisgarh,RAIGARH,Mand-Raigarh,Talaipalli,Opencast,PUBLIC,,,0,,0,Talaipalli Coal Mine,4.75428701340672,1,True,1,0,Mine-level safety evidence unavailable; available accident data is state/year level.,50.0,Operational Only
Tandsi,WCL,Madhya Pradesh,CHHINDWARA,Pench & Kanhan,Kanhan,Underground,PUBLIC,,,0,,0,Tandsi,-0.2468158229909109,0,True,1,0,Mine-level safety evidence unavailable; available accident data is state/year level.,50.0,Operational Only
Tapin North,CCL,Jharkhand,RAMGARH,W.Bokaro,Hazaribagh,Opencast,PUBLIC,,,0,,0,Tapin North,-0.0444590608245328,0,True,1,0,Mine-level safety evidence unavailable; available accident data is state/year level.,50.0,Operational Only
Tapin South,CCL,Jharkhand,HAZARIBAGH,W.Bokaro,Hazaribagh,Opencast,PUBLIC,,,0,,0,Tapin South,0.1193535561672967,0,True,1,0,Mine-level safety evidence unavailable; available accident data is state/year level.,50.0,Operational Only
Tara(E&W),WBPDCL,West Bengal,BIRBHUM,Raniganj,Gangaramchak,Opencast,PUBLIC,,,0,,0,,,0,,0,0,Mine-level safety evidence unavailable; available accident data is state/year level.,0.0,No Evidence
Tarmi,CCL,Jharkhand,BOKARO,E. Bokaro,Dhori Area,Opencast,PUBLIC,,,0,,0,Tarmi,0.0711733746991117,0,True,1,0,Mine-level safety evidence unavailable; available accident data is state/year level.,50.0,Operational Only
Tasra Colliery,SAIL,Jharkhand,DHANBAD,Jharia,Tasra,Opencast,PUBLIC,,,0,,0,Tasra Colliery,-0.1697275326418146,0,True,1,0,Mine-level safety evidence unavailable; available accident data is state/year level.,50.0,Operational Only
Tawa Mine,WCL,Madhya Pradesh,BETUL,Pathakhera,Pathakhera,Underground,PUBLIC,,,0,,0,Tawa Mine,-0.2082716778163627,0,True,1,0,Mine-level safety evidence unavailable; available accident data is state/year level.,50.0,Operational Only
Tawa-II,WCL,Madhya Pradesh,BETUL,Pathakhera,Pathakhera,Underground,PUBLIC,,,0,,0,Tawa-II,-0.237179786697274,0,True,1,0,Mine-level safety evidence unavailable; available accident data is state/year level.,50.0,Operational Only
Tetaria Khar,CCL,Jharkhand,LATEHAR,N.K.Coalfields,Rajhara,Opencast,PUBLIC,,,0,,0,Tetaria Khar,-0.0830032059990811,0,True,1,0,Mine-level safety evidence unavailable; available accident data is state/year level.,50.0,Operational Only
Tetulmari,BCCL,Jharkhand,DHANBAD,Jharia,Sijua,Opencast,PUBLIC,,,0,,0,Tetulmari,-0.1600914963481776,0,True,1,0,Mine-level safety evidence unavailable; available accident data is state/year level.,50.0,Operational Only
Tikak Colliery,NEC,Assam,TINSUKIA,Makum,Margherita,Opencast,PUBLIC,,,0,,0,Tikak Colliery,-0.1986356415227257,0,True,1,0,Mine-level safety evidence unavailable; available accident data is state/year level.,50.0,Operational Only
Tilaboni Colliery,ECL,West Bengal,Bardhaman,Raniganj,Bankola,Underground,PUBLIC,,,0,,0,Tilaboni Colliery,-0.2082716778163628,0,True,1,0,Mine-level safety evidence unavailable; available accident data is state/year level.,50.0,Operational Only
Topa Marginal Scheme,CCL,Jharkhand,RAMGARH,W.Bokaro,Kuju,Opencast,PUBLIC,,,0,,0,Topa Marginal Scheme,-0.1986356415227257,0,True,1,0,Mine-level safety evidence unavailable; available accident data is state/year level.,50.0,Operational Only
Trans Damodar Coal Mine,DPL,West Bengal,PASCHIM BARDHAMAN,Raniganj,Kasta,Opencast,PUBLIC,,,0,,0,Trans Damodar Coal Mine,0.2349859916909415,0,True,1,0,Mine-level safety evidence unavailable; available accident data is state/year level.,50.0,Operational Only
Ukni OC,WCL,Maharashtra,YAVATMAL,Wardha Valley,Wani North,Opencast,PUBLIC,,,0,,0,Ukni OC,-0.1119113148799922,0,True,1,0,Mine-level safety evidence unavailable; available accident data is state/year level.,50.0,Operational Only
Umaria,SECL,Madhya Pradesh,UMARIA,Central India,Johilla,Underground,PUBLIC,,,0,,0,Umaria,-0.2082716778163628,0,True,1,0,Mine-level safety evidence unavailable; available accident data is state/year level.,50.0,Operational Only
Umrer OC Mine,WCL,Maharashtra,NAGPUR,Umrer,Umrer,Opencast,PUBLIC,,,0,,0,Umrer OC Mine,-0.8731581820773197,0,True,1,0,Mine-level safety evidence unavailable; available accident data is state/year level.,50.0,Operational Only
Urdhan,WCL,Madhya Pradesh,CHHINDWARA,Pench & Kanhan,Pench,Opencast,PUBLIC,,,0,,0,Urdhan,-0.1986356415227257,0,True,1,0,Mine-level safety evidence unavailable; available accident data is state/year level.,50.0,Operational Only
Urimari,CCL,Jharkhand,HAZARIBAGH,S.K.Coalfields,Barka-Sayal,Underground,PUBLIC,,,0,,0,,,0,,0,0,Mine-level safety evidence unavailable; available accident data is state/year level.,0.0,No Evidence
Utkal C Coal Mine,JSPL,Odisha,Angul,Talchar,Angul,Opencast,PRIVATE,,,0,,0,,,0,,0,0,Mine-level safety evidence unavailable; available accident data is state/year level.,0.0,No Evidence
Utkal D,NALCO,Odisha,Angul,Talchar,Utkal D,Opencast,PUBLIC,,,0,,0,,,0,,0,0,Mine-level safety evidence unavailable; available accident data is state/year level.,0.0,No Evidence
Vakilpalli,SCCL,Telangana,PEDDAPALLI,Godavari Valley,Ramagundam-II,Underground,PUBLIC,,,0,,0,Vakilpalli,-0.1986356415227257,0,True,1,0,Mine-level safety evidence unavailable; available accident data is state/year level.,50.0,Operational Only
Vijay West,SECL,Chhattisgarh,KORBA,Central India,Chirimiri,Underground,PUBLIC,,,0,,0,Vijay West,-0.1986356415227257,0,True,1,0,Mine-level safety evidence unavailable; available accident data is state/year level.,50.0,Operational Only
Vindhya,SECL,Madhya Pradesh,UMARIA,Central India,Johilla,Underground,PUBLIC,,,0,,0,Vindhya,-0.2179077141099998,0,True,1,0,Mine-level safety evidence unavailable; available accident data is state/year level.,50.0,Operational Only
Vishnupuri-II,WCL,Madhya Pradesh,CHHINDWARA,Pench & Kanhan,Pench,Underground,PUBLIC,,,0,,0,Vishnupuri-II,-0.2082716778163628,0,True,1,0,Mine-level safety evidence unavailable; available accident data is state/year level.,50.0,Operational Only
West Bokaro OC (Quarry-E & SE),TSL,Jharkhand,HAZARIBAGH,West Bokaro,West Bokaro,Opencast,PRIVATE,,,0,,0,West Bokaro OC Quarry-SE,-0.2275437504036371,0,True,1,0,Mine-level safety evidence unavailable; available accident data is state/year level.,50.0,Operational Only
West Bokaro OC Quarry-AB,TSL,Jharkhand,HAZARIBAGH,West Bokaro,West Bokaro,Opencast,PRIVATE,,,0,,0,West Bokaro OC Quarry-AB,0.0133571569372893,0,True,1,0,Mine-level safety evidence unavailable; available accident data is state/year level.,50.0,Operational Only
West Jhagrakhand,SECL,Chhattisgarh,KOREA,Central India,Hasdeo,Underground,PUBLIC,,,0,,0,West Jhagrakhand,-0.2371797866972738,0,True,1,0,Mine-level safety evidence unavailable; available accident data is state/year level.,50.0,Operational Only
