Source,Source_Mine_Name,Source_Company,Source_State,Master_Mine_Name,Master_Company,Master_State,Master_District,Master_Coalfield,Master_Area,Master_Mine_Type,Master_Ownership,Match_Type,Match_Score,Score_Gap,Review_Required,Mapping_Status
CAAQMS,M/s Dipka Expansion Project South Eastern Coal Fields Limited Dipka Area,SECL,Chhattisgarh,Dipka,SECL,Chhattisgarh,KORBA,Central India,Dipka,Opencast,PUBLIC,Verified_Manual,1.0,1.0,No,Verified
CAAQMS,SECL GEVRA,SECL,Chhattisgarh,Gevra,SECL,Chhattisgarh,KORBA,Central India,Gevra,Opencast,PUBLIC,Verified_Manual,1.0,1.0,No,Verified
CAAQMS,South Eastern Coalfields  Limited - AQMS_H_Q,,,,,,,,,,,Unmatched,0.0,0.0,Yes,Unmatched
Production,5/6 Pit KB,BCCL,Jharkhand,,,,,,,,,Unmatched,0.42,0.0292,Yes,Unmatched
Production,"6 & 7 Pits Colliery,",TSL,Jharkhand,,,,,,,,,Unmatched,0.4253,0.0512,Yes,Unmatched
Production,ABGC,BCCL,Jharkhand,ABGC,BCCL,Jharkhand,DHANBAD,Jharia,Govindpur,Opencast,PUBLIC,Contextual_Fuzzy,1.0,0.42,Yes,Matched_Review
Production,AEB Simlabhal,BCCL,Jharkhand,,,,,,,,,Unmatched,0.4782,0.0255,Yes,Unmatched
Production,AGKCC,BCCL,Jharkhand,AGKCC,BCCL,Jharkhand,DHANBAD,Jharia,Katras,Opencast,PUBLIC,Contextual_Fuzzy,1.0,0.42,Yes,Matched_Review
Production,AKK OCP,CCL,Jharkhand,AKK OCP,CCL,Jharkhand,BOKARO,E. Bokaro,B & K Area,Opencast,PUBLIC,Contextual_Fuzzy,1.0,0.3547,Yes,Matched_Review
Production,AKWMC,BCCL,Jharkhand,AKWMC,BCCL,Jharkhand,DHANBAD,Jharia,Katras,Opencast,PUBLIC,Contextual_Fuzzy,1.0,0.42,Yes,Matched_Review
Production,AMP Colliery,BCCL,Jharkhand,AMP Colliery,BCCL,Jharkhand,DHANBAD,Jharia,Barora,Mixed,PUBLIC,Contextual_Fuzzy,1.0,0.49,Yes,Matched_Review
Production,ARA,CCL,Jharkhand,,,,,,,,,Unmatched,0.615,0.055,Yes,Unmatched
Production,ARA Reorganisation,CCL,Jharkhand,ARA Reorganisation,CCL,Jharkhand,RAMGARH,W.Bokaro,Kuju,Opencast,PUBLIC,Contextual_Fuzzy,1.0,0.52,Yes,Matched_Review
Production,Aadocm,CCL,Jharkhand,Aadocm,CCL,Jharkhand,BOKARO,E. Bokaro,Dhori Area,Opencast,PUBLIC,Contextual_Fuzzy,1.0,0.4375,Yes,Matched_Review
Production,Adasa,WCL,Maharashtra,,,,,,,,,Unmatched,0.5911,0.0811,Yes,Unmatched
Production,Adasa (UG to OC),WCL,Maharashtra,Adasa (UG to OC),WCL,Maharashtra,NAGPUR,Kamptee/Silewara,Nagpur,Opencast,PUBLIC,Contextual_Fuzzy,1.0,0.353,Yes,Matched_Review
Production,Adriyala Project Area,SCCL,Telangana,Adriyala Saft Project,SCCL,Telangana,PEDDAPALLI,Godavari Valley,Adriyala,Underground,PUBLIC,Possible,0.7164,0.2531,Yes,Matched_Review
Production,Adriyala Saft Project,SCCL,Telangana,Adriyala Saft Project,SCCL,Telangana,PEDDAPALLI,Godavari Valley,Adriyala,Underground,PUBLIC,Contextual_Fuzzy,1.0,0.5367,Yes,Matched_Review
Production,Amadand,SECL,Madhya Pradesh,Amadand,SECL,Madhya Pradesh,SHAHDOL,Central India,Jamuna & Kotma,Opencast,PUBLIC,Contextual_Fuzzy,1.0,0.49,Yes,Matched_Review
Production,Amagamated Dhansar-Industry,BCCL,Jharkhand,Amagamated Dhansar-Industry,BCCL,Jharkhand,DHANBAD,Jharia,Kusunda,Opencast,PUBLIC,Contextual_Fuzzy,1.0,0.4789,Yes,Matched_Review
Production,Amalgamated B OCP,BCCL,Jharkhand,Amalgamated BOCP,BCCL,Jharkhand,DHANBAD,Jharia,Block-II,Opencast,PUBLIC,Possible,0.7773,0.2244,Yes,Matched_Review
Production,Amalgamated BOCP,BCCL,Jharkhand,Amalgamated BOCP,BCCL,Jharkhand,DHANBAD,Jharia,Block-II,Opencast,PUBLIC,Contextual_Fuzzy,1.0,0.4809,Yes,Matched_Review
Production,Amalgamated Gondegaon Ghatrohana,WCL,Maharashtra,Amalgamated Gondegaon Ghatrohana,WCL,Maharashtra,NAGPUR,Kamptee/Silewara,Nagpur,Opencast,PUBLIC,Contextual_Fuzzy,1.0,0.409,Yes,Matched_Review
Production,Amalgamated Inder Kamptee OCM,WCL,Maharashtra,Amalgamated Inder Kamptee OCM,WCL,Maharashtra,NAGPUR,Kamptee/Silewara,Nagpur,Opencast,PUBLIC,Contextual_Fuzzy,1.0,0.4192,Yes,Matched_Review
Production,Amalgamated Yekona I & II,WCL,Maharashtra,Amalgamated Yekona I & II,WCL,Maharashtra,CHANDRAPUR,Wardha,Majri,Opencast,PUBLIC,Contextual_Fuzzy,1.0,0.409,Yes,Matched_Review
Production,Amalgameted Sudamdih-Patherdih,BCCL,Jharkhand,Amalgameted Sudamdih-Patherdih,BCCL,Jharkhand,DHANBAD,Jharia,E.Jharia,Opencast,PUBLIC,Contextual_Fuzzy,1.0,0.4809,Yes,Matched_Review
Production,Amanand OC,SECL,Madhya Pradesh,,,,,,,,,Unmatched,0.6873,0.014,Yes,Unmatched
Production,Amelia (North ) Coal Mine,JPVL,Madhya Pradesh,Amelia (North ) Coal Mine,JPVL,Madhya Pradesh,SINGRAULI,Singrauli,Singrauli Main Basin,Opencast,PRIVATE,Contextual_Fuzzy,1.0,0.4904,Yes,Matched_Review
Production,Amelia Coal Block,THDC,Madhya Pradesh,Amelia Coal Block,THDC,Madhya Pradesh,SINGRAULI,Singrauli,Pidarwah,Opencast,PUBLIC,Contextual_Fuzzy,1.0,0.5513,Yes,Matched_Review
Production,Amera,SECL,Chhattisgarh,Amera,SECL,Chhattisgarh,SURGUJA,Central India,Bisrampur,Opencast,PUBLIC,Contextual_Fuzzy,1.0,0.448,Yes,Matched_Review
Production,Amgaon,SECL,Chhattisgarh,Amgaon,SECL,Chhattisgarh,SURGUJA,Central India,Bisrampur,Opencast,PUBLIC,Contextual_Fuzzy,1.0,0.4,Yes,Matched_Review
Production,Amlabad,BCCL,Jharkhand,,,,,,,,,Unmatched,0.4938,0.0,Yes,Unmatched
Production,Amlai OC,SECL,Madhya Pradesh,Amlai OC,SECL,Madhya Pradesh,SHAHDOL,Central India,Sohagpur,Opencast,PUBLIC,Contextual_Fuzzy,1.0,0.3733,Yes,Matched_Review
Production,Amlai UG,SECL,Madhya Pradesh,Amlai OC,SECL,Madhya Pradesh,SHAHDOL,Central India,Sohagpur,Opencast,PUBLIC,Possible,0.7083,0.1724,Yes,Matched_Review
Production,Amlo,CCL,Jharkhand,,,,,,,,,Unmatched,0.51,0.0233,Yes,Unmatched
Production,Amlohri,NCL,Madhya Pradesh,Amlohri,NCL,Madhya Pradesh,SINGRAULI,Singrauli,Amlohri,Opencast,PUBLIC,Contextual_Fuzzy,1.0,0.49,Yes,Matched_Review
Production,Amrapali OCP,CCL,Jharkhand,Amrapali OCP,CCL,Jharkhand,CHATRA,N.K.Coalfields,Amrapali,Opencast,PUBLIC,Contextual_Fuzzy,1.0,0.3715,Yes,Matched_Review
Production,Amritnagar Colliery,ECL,West Bengal,Amritnagar Colliery,ECL,West Bengal,Bardhaman,Raniganj,Kunustoria,Underground,PUBLIC,Contextual_Fuzzy,1.0,0.4789,Yes,Matched_Review
Production,Ananta OCP,MCL,Odisha,Ananta OCP,MCL,Odisha,Angul,Talcher,Jagannath,Opencast,PUBLIC,Contextual_Fuzzy,1.0,0.3127,Yes,Matched_Review
Production,Ardhagram,OCL,Odisha,,,,,,,,,Unmatched,0.39,0.03,Yes,Unmatched
Production,Argada,CCL,Jharkhand,,,,,,,,,Unmatched,0.54,0.0109,Yes,Unmatched
Production,Ashoka,CCL,Jharkhand,Ashoka,CCL,Jharkhand,CHATRA,N.K.Coalfields,Piparwar,Opencast,PUBLIC,Contextual_Fuzzy,1.0,0.4709,Yes,Matched_Review
Production,B' - Seam,SECL,Chhattisgarh,,,,,,,,,Unmatched,0.4938,0.0258,Yes,Unmatched
Production,B.S.I. UG,CCL,Jharkhand,,,,,,,,,Unmatched,0.55,0.0172,Yes,Unmatched
Production,Bachra,CCL,Jharkhand,,,,,,,,,Unmatched,0.5291,0.0191,Yes,Unmatched
Production,Badjna Colliery,ECL,Jharkhand,Badjna Colliery,ECL,Jharkhand,DHANBAD,Mugma/Salanpur,Mugma,Mixed,PUBLIC,Contextual_Fuzzy,1.0,0.49,Yes,Matched_Review
Production,Bagadeva,SECL,Chhattisgarh,,,,,,,,,Unmatched,0.692,0.1335,Yes,Unmatched
Production,Bagdeva,SECL,Chhattisgarh,Bagdeva,SECL,Chhattisgarh,KORBA,Central India,Korba,Underground,PUBLIC,Contextual_Fuzzy,1.0,0.42,Yes,Matched_Review
Production,Bagdigi,BCCL,Jharkhand,,,,,,,,,Unmatched,0.48,0.0,Yes,Unmatched
Production,Bahula Colliery,ECL,West Bengal,Bahula Colliery,ECL,West Bengal,Bardhaman,Raniganj,Kenda,Underground,PUBLIC,Contextual_Fuzzy,1.0,0.4415,Yes,Matched_Review
Production,Baiga,SECL,Madhya Pradesh,,,,,,,,,Unmatched,0.58,0.0509,Yes,Unmatched
Production,Balanda Colliery,MCL,Odisha,,,,,,,,,Unmatched,0.54,0.0424,Yes,Unmatched
Production,Balgi,SECL,Chhattisgarh,,,,,,,,,Unmatched,0.51,0.0,Yes,Unmatched
Production,Ballarpur 3 & 4 Pits,WCL,Maharashtra,Ballarpur 3 & 4 Pits,WCL,Maharashtra,CHANDRAPUR,Wardha,Ballarpur,Underground,PUBLIC,Contextual_Fuzzy,1.0,0.373,Yes,Matched_Review
Production,Ballarpur OCM,WCL,Maharashtra,Ballarpur OCM,WCL,Maharashtra,CHANDRAPUR,Wardha,Ballarpur,Opencast,PUBLIC,Contextual_Fuzzy,1.0,0.373,Yes,Matched_Review
Production,Balram OCP,MCL,Odisha,Balram OCP,MCL,Odisha,Angul,Talcher,Hingula,Opencast,PUBLIC,Contextual_Fuzzy,1.0,0.3145,Yes,Matched_Review
Production,Balrampur,SECL,Chhattisgarh,Balrampur,SECL,Chhattisgarh,SURGUJA,Central India,Bisrampur,Underground,PUBLIC,Contextual_Fuzzy,1.0,0.49,Yes,Matched_Review
Production,Bangwar,SECL,Madhya Pradesh,Bangwar,SECL,Madhya Pradesh,SHAHDOL,Central India,Sohagpur,Underground,PUBLIC,Contextual_Fuzzy,1.0,0.4667,Yes,Matched_Review
Production,Banki,SECL,Chhattisgarh,,,,,,,,,Unmatched,0.51,0.0162,Yes,Unmatched
Production,Bankola Colliery,ECL,West Bengal,Bankola Colliery,ECL,West Bengal,Bardhaman,Raniganj,Bankola,Underground,PUBLIC,Contextual_Fuzzy,1.0,0.4415,Yes,Matched_Review
Production,Bansdeopur,BCCL,Jharkhand,,,,,,,,,Unmatched,0.6979,0.1768,Yes,Unmatched
Production,Bansra Colliery,ECL,West Bengal,Bansra Colliery,ECL,West Bengal,Bardhaman,Raniganj,Kunustoria,Mixed,PUBLIC,Contextual_Fuzzy,1.0,0.4415,Yes,Matched_Review
Production,Baranj,KPCL,Maharashtra,Baranj,KPCL,Maharashtra,CHANDRAPUR,Warda Valley,Maijari,Opencast,PUBLIC,Contextual_Fuzzy,1.0,0.6216,Yes,Matched_Review
Production,Bararee,BCCL,Jharkhand,,,,,,,,,Unmatched,0.5965,0.0725,Yes,Unmatched
Production,Barjora (North) Coal Mine,WBPDCL,West Bengal,Barjora (North) Coal Mine,WBPDCL,West Bengal,BANKURA,Barjora North,Barjora North,Opencast,PUBLIC,Contextual_Fuzzy,1.0,0.3445,Yes,Matched_Review
Production,Barjora Coal Mine,WBPDCL,West Bengal,Barjora (North) Coal Mine,WBPDCL,West Bengal,BANKURA,Barjora North,Barjora North,Opencast,PUBLIC,Possible,0.8227,0.2236,Yes,Matched_Review
Production,Barkui,WCL,Madhya Pradesh,,,,,,,,,Unmatched,0.48,0.0032,Yes,Unmatched
Production,Barmuri,ECL,Jharkhand,Barmuri,ECL,Jharkhand,DHANBAD,Mugma/Salanpur,Mugma,Opencast,PUBLIC,Contextual_Fuzzy,1.0,0.49,Yes,Matched_Review
Production,Baroud,SECL,Chhattisgarh,Baroud OC,SECL,Chhattisgarh,RAIGARH,Central India,Raigarh,Opencast,PUBLIC,Possible,0.776,0.252,Yes,Matched_Review
Production,Baroud OC,SECL,Chhattisgarh,Baroud OC,SECL,Chhattisgarh,RAIGARH,Central India,Raigarh,Opencast,PUBLIC,Contextual_Fuzzy,1.0,0.3267,Yes,Matched_Review
Production,Bartarai,SECL,Madhya Pradesh,Bartarai,SECL,Madhya Pradesh,SHAHDOL,Central India,Jamuna & Kotma,Underground,PUBLIC,Contextual_Fuzzy,1.0,0.46,Yes,Matched_Review
Production,Bartunga Hill,SECL,Chhattisgarh,,,,,,,,,Unmatched,0.5,0.0091,Yes,Unmatched
Production,Basantimata -Dahibari,BCCL,Jharkhand,Basantimata -Dahibari,BCCL,Jharkhand,DHANBAD,Mugma,Chanch/Victoria,Opencast,PUBLIC,Contextual_Fuzzy,1.0,0.5034,Yes,Matched_Review
Production,Basdeopur,BCCL,Jharkhand,Basdeopur,BCCL,Jharkhand,DHANBAD,Jharia,Sijua,Opencast,PUBLIC,Contextual_Fuzzy,1.0,0.4667,Yes,Matched_Review
Production,Bastacolla,BCCL,Jharkhand,Bastacolla,BCCL,Jharkhand,DHANBAD,Jharia,Bastacolla,Opencast,PUBLIC,Contextual_Fuzzy,1.0,0.5232,Yes,Matched_Review
Production,Basundhara (West),MCL,Odisha,Basundhara (West) OCP,MCL,Odisha,SUNDARGARH,IB Valley,Mahalaxmi,Opencast,PUBLIC,Possible,0.8573,0.3663,Yes,Matched_Review
Production,Basundhara (West) OCP,MCL,Odisha,Basundhara (West) OCP,MCL,Odisha,SUNDARGARH,IB Valley,Mahalaxmi,Opencast,PUBLIC,Contextual_Fuzzy,1.0,0.3675,Yes,Matched_Review
Production,Basuriya,BCCL,Jharkhand,,,,,,,,,Unmatched,0.6459,0.0988,Yes,Unmatched
Production,Behraband,SECL,Madhya Pradesh,Behraband,SECL,Madhya Pradesh,SHAHDOL,Central India,Hasdeo,Underground,PUBLIC,Contextual_Fuzzy,1.0,0.476,Yes,Matched_Review
Production,Bejdih Colliery,ECL,West Bengal,Bejdih Colliery,ECL,West Bengal,Bardhaman,Raniganj,Sodepur,Underground,PUBLIC,Contextual_Fuzzy,1.0,0.5062,Yes,Matched_Review
Production,Belampalli OC-II,SCCL,Telangana,,,,,,,,,Unmatched,0.622,0.0064,Yes,Unmatched
Production,Belbaid Colliery,ECL,West Bengal,Belbaid Colliery,ECL,West Bengal,Bardhaman,Raniganj,Kunustoria,Underground,PUBLIC,Contextual_Fuzzy,1.0,0.476,Yes,Matched_Review
Production,Belgaon Coal Mine,SIL,Maharashtra,Belgaon Coal Mine,SISCO,Maharashtra,CHANDRAPUR,Wardha Valley,Warora,Underground,PRIVATE,Possible,0.86,0.3812,Yes,Matched_Review
Production,Belgaon UG Coal Mine,SIL,Maharashtra,Belgaon Coal Mine,SISCO,Maharashtra,CHANDRAPUR,Wardha Valley,Warora,Underground,PRIVATE,Possible,0.72,0.284,Yes,Matched_Review
Production,Bellora Naigaon Deep,WCL,Maharashtra,,,,,,,,,Unmatched,0.594,0.0072,Yes,Unmatched
Production,Belpahar OCP,MCL,Odisha,,,,,,,,,Unmatched,0.6621,0.0015,Yes,Unmatched
Production,Bera,BCCL,Jharkhand,,,,,,,,,Unmatched,0.552,0.012,Yes,Unmatched
Production,Bhadra,SECL,Madhya Pradesh,Bhadra,SECL,Madhya Pradesh,SHAHDOL,Central India,Jamuna & Kotma,Underground,PUBLIC,Contextual_Fuzzy,1.0,0.46,Yes,Matched_Review
Production,Bhagabandh,BCCL,Jharkhand,,,,,,,,,Unmatched,0.4575,0.0175,Yes,Unmatched
Production,Bhajipani,WCL,Madhya Pradesh,,,,,,,,,Unmatched,0.51,0.0084,Yes,Unmatched
Production,Bhanegaon,WCL,Maharashtra,Bhanegaon OCM,WCL,Maharashtra,NAGPUR,Kamptee/Silewara,Nagpur,Opencast,PUBLIC,Possible,0.7836,0.2626,Yes,Matched_Review
Production,Bhanegaon OCM,WCL,Maharashtra,Bhanegaon OCM,WCL,Maharashtra,NAGPUR,Kamptee/Silewara,Nagpur,Opencast,PUBLIC,Contextual_Fuzzy,1.0,0.2917,Yes,Matched_Review
Production,Bhanora West Block colliery & Bhanora OC patch (H),ECL,West Bengal,Bhanora West Block colliery & Bhanora OC patch (H),ECL,West Bengal,Bardhaman,Raniganj,Sripur,Mixed,PUBLIC,Contextual_Fuzzy,1.0,0.414,Yes,Matched_Review
Production,Bharatpur,MCL,Odisha,Bharatpur OCP,MCL,Odisha,Angul,Talcher,Bharatpur,Opencast,PUBLIC,Possible,0.7836,0.2626,Yes,Matched_Review
Production,Bharatpur OCP,MCL,Odisha,Bharatpur OCP,MCL,Odisha,Angul,Talcher,Bharatpur,Opencast,PUBLIC,Contextual_Fuzzy,1.0,0.3145,Yes,Matched_Review
Production,Bhatadi OC Mine,WCL,Maharashtra,Bhatadi OC Mine,WCL,Maharashtra,CHANDRAPUR,Wardha,Chandrapur,Opencast,PUBLIC,Contextual_Fuzzy,1.0,0.32,Yes,Matched_Review
Production,Bhatgaon,SECL,Chhattisgarh,Bhatgaon,SECL,Chhattisgarh,SURGUJA,Central India,Bhatgaon,Underground,PUBLIC,Contextual_Fuzzy,1.0,0.4,Yes,Matched_Review
Production,"Bhelatand 'A' Colliery,",TSL,Jharkhand,Bhelatand Colliery,TSL,Jharkhand,DHANBAD,Jharia,Bhelatand,Underground,PRIVATE,Possible,0.818,0.398,Yes,Matched_Review
Production,"Bhelatand Colliery,",TSLJH,Jharkhand,Bhelatand Colliery,TSL,Jharkhand,DHANBAD,Jharia,Bhelatand,Underground,PRIVATE,Possible,0.89,0.5173,Yes,Matched_Review
Production,Bhowra(N),BCCL,Jharkhand,Bhowra(S),BCCL,Jharkhand,DHANBAD,Jharia,E.Jharia,Opencast,PUBLIC,Possible,0.8,0.3518,Yes,Matched_Review
Production,Bhowra(S),BCCL,Jharkhand,Bhowra(S),BCCL,Jharkhand,DHANBAD,Jharia,E.Jharia,Opencast,PUBLIC,Contextual_Fuzzy,1.0,0.532,Yes,Matched_Review
Production,Bhubaneswari OCP,MCL,Odisha,Bhubaneswari OCP,MCL,Odisha,Angul,Talcher,Bhubaneswari,Opencast,PUBLIC,Contextual_Fuzzy,1.0,0.2987,Yes,Matched_Review
Production,Bhurkunda,CCL,Jharkhand,Bhurkunda,CCL,Jharkhand,RAMGARH,S.K.Coalfields,Barka-Sayal,Underground,PUBLIC,Contextual_Fuzzy,1.0,0.2576,Yes,Matched_Review
Production,Bhurkunda (Sangum),CCL,Jharkhand,Bhurkunda (Sangum),CCL,Jharkhand,RAMGARH,S.K.Coalfields,Barka-Sayal,Opencast,PUBLIC,Contextual_Fuzzy,1.0,0.2576,Yes,Matched_Review
Production,Bicharpur,UTCL,Madhya Pradesh,Bicharpur,UTCL,Madhya Pradesh,SHAHDOL,Sohagpur,Bicharpur,Underground,PRIVATE,Contextual_Fuzzy,1.0,0.5514,Yes,Matched_Review
Production,Bijari OC,SECL,Chhattisgarh,Bijari OC,SECL,Chhattisgarh,RAIGARH,Central India,Raigarh,Opencast,PUBLIC,Contextual_Fuzzy,1.0,0.3267,Yes,Matched_Review
Production,Bijuri,SECL,Madhya Pradesh,Bijuri,SECL,Madhya Pradesh,SHAHDOL,Central India,Hasdeo,Underground,PUBLIC,Contextual_Fuzzy,1.0,0.49,Yes,Matched_Review
Production,Bina Extn,NCL,Uttar Pradesh,Bina Extn,NCL,Uttar Pradesh,SONBHADRA,Singrauli,Bina,Opencast,PUBLIC,Contextual_Fuzzy,1.0,0.56,Yes,Matched_Review
Production,Birsinghpur,SECL,Madhya Pradesh,,,,,,,,,Unmatched,0.4976,0.011,Yes,Unmatched
Production,"Bisrampur,",SECL,Chhattisgarh,,,,,,,,,Unmatched,0.6267,0.129,Yes,Unmatched
Production,Block-B OCP,NCL,Madhya Pradesh,Block-B Project,NCL,Madhya Pradesh,SINGRAULI,Singrauli,Block-B,Opencast,PUBLIC,Possible,0.8133,0.3285,Yes,Matched_Review
Production,Block-B Project,NCL,Madhya Pradesh,Block-B Project,NCL,Madhya Pradesh,SINGRAULI,Singrauli,Block-B,Opencast,PUBLIC,Contextual_Fuzzy,1.0,0.5513,Yes,Matched_Review
Production,Bokaro OC (Bermo),CCL,Jharkhand,Bokaro OC (Bermo),CCL,Jharkhand,BOKARO,E. Bokaro,B & K Area,Opencast,PUBLIC,Contextual_Fuzzy,1.0,0.399,Yes,Matched_Review
Production,Bonjemehari OC (Extn),ECL,West Bengal,Bonjemehari OC (Extn),ECL,West Bengal,Bardhaman,Mugma/Salanpur,Salanpur,Opencast,PUBLIC,Contextual_Fuzzy,1.0,0.3784,Yes,Matched_Review
Production,Bonjemihari (Extn),ECL,West Bengal,Bonjemehari OC (Extn),ECL,West Bengal,Bardhaman,Mugma/Salanpur,Salanpur,Opencast,PUBLIC,Possible,0.73,0.1376,Yes,Matched_Review
Production,Buragarh,BCCL,Jharkhand,,,,,,,,,Unmatched,0.4976,0.0176,Yes,Unmatched
Production,C L Jambad Colliery,ECL,West Bengal,C L Jambad OCP,ECL,West Bengal,Bardhaman,Raniganj,Kenda,Opencast,PUBLIC,Possible,0.86,0.2247,Yes,Matched_Review
Production,Central Kajora Colliery,ECL,West Bengal,Central Kajora Colliery,ECL,West Bengal,Bardhaman,Raniganj,Kajora,Underground,PUBLIC,Contextual_Fuzzy,1.0,0.3379,Yes,Matched_Review
Production,Central Saunda,CCL,Jharkhand,Central Saunda,CCL,Jharkhand,RAMGARH,S.K.Coalfields,Barka-Sayal,Underground,PUBLIC,Contextual_Fuzzy,1.0,0.4051,Yes,Matched_Review
Production,Chachai,SECL,Madhya Pradesh,,,,,,,,,Unmatched,0.4976,0.0038,Yes,Unmatched
Production,Chainpur(Sarubera) Colly.,CCL,Jharkhand,Chainpur(Sarubera) Colly.,CCL,Jharkhand,RAMGARH,W.Bokaro,Kuju,Opencast,PUBLIC,Contextual_Fuzzy,1.0,0.3899,Yes,Matched_Review
Production,Chanda Rayatwari Colly.,WCL,Maharashtra,Chanda Rayatwari Colliery,WCL,Maharashtra,CHANDRAPUR,Wardha,Chandrapur,Underground,PUBLIC,Possible,0.8404,0.0899,Yes,Matched_Review
Production,Chapapur-II,ECL,Jharkhand,,,,,,,,,Unmatched,0.5987,0.0467,Yes,Unmatched
Production,Chapapur-II & Chappapur 10 Quarry (OC),ECL,Jharkhand,Chapapur-II & Chappapur 10 Quarry (OC),ECL,Jharkhand,DHANBAD,Mugma/Salanpur,Mugma,Mixed,PUBLIC,Contextual_Fuzzy,1.0,0.58,Yes,Matched_Review
Production,Chapuikhas Colliery,ECL,West Bengal,Chapuikhas Colliery,ECL,West Bengal,Bardhaman,Raniganj,Satgram,Underground,PUBLIC,Contextual_Fuzzy,1.0,0.49,Yes,Matched_Review
Production,Charanpur OCP,ECL,West Bengal,,,,,,,,,Unmatched,0.6125,0.0253,Yes,Unmatched
Production,Chasnalla Colliery,IISCO,Jharkhand,Chasnalla Colliery,IISCO,Jharkhand,DHANBAD,Jharia,Chasnala,Underground,PUBLIC,Contextual_Fuzzy,1.0,0.5964,Yes,Matched_Review
Production,Chatti Bariatu Coal Mining Project,NTPC_CB,Chhattisgarh,Chatti Bariatu Coal Mining Project,NTPC,Jharkhand,HAZARIBAGH,North Karanpura,Keredari,Opencast,PUBLIC,Possible,0.8444,0.4178,Yes,Matched_Review
Production,Chendipada OCP,MCL,Odisha,,,,,,,,,Unmatched,0.6383,0.0098,Yes,Unmatched
Production,Chhal,SECL,Chhattisgarh,Chhal OC,SECL,Chhattisgarh,RAIGARH,Central India,Raigarh,Opencast,PUBLIC,Possible,0.7631,0.2391,Yes,Matched_Review
Production,Chhal Incline,SECL,Chhattisgarh,,,,,,,,,Unmatched,0.6733,0.1824,Yes,Unmatched
Production,Chhal OC,SECL,Chhattisgarh,Chhal OC,SECL,Chhattisgarh,RAIGARH,Central India,Raigarh,Opencast,PUBLIC,Contextual_Fuzzy,1.0,0.409,Yes,Matched_Review
Production,Chhatarpur -II,WCL,Madhya Pradesh,Chhatarpur -II,WCL,Madhya Pradesh,BETUL,Pathakhera,Pathakhera,Underground,PUBLIC,Contextual_Fuzzy,1.0,0.2371,Yes,Matched_Review
Production,Chhatarpur 1,WCL,Madhya Pradesh,Chhatarpur 1,WCL,Madhya Pradesh,BETUL,Pathakhera,Pathakhera,Underground,PUBLIC,Contextual_Fuzzy,1.0,0.2371,Yes,Matched_Review
Production,Chhinda,WCL,Madhya Pradesh,Chhinda,WCL,Madhya Pradesh,CHHINDWARA,Pench & Kanhan,Pench,Opencast,PUBLIC,Contextual_Fuzzy,1.0,0.5232,Yes,Matched_Review
Production,Chinakuri - III Colliery,ECL,West Bengal,Chinakuri Mine III,ECL,West Bengal,Bardhaman,Raniganj,Sodepur,Underground,PUBLIC,Possible,0.8389,0.3026,Yes,Matched_Review
Production,Chinakuri Mine III,ECL,West Bengal,Chinakuri Mine III,ECL,West Bengal,Bardhaman,Raniganj,Sodepur,Underground,PUBLIC,Contextual_Fuzzy,1.0,0.4836,Yes,Matched_Review
Production,Chirimiri,SECL,Chhattisgarh,Chirimiri,SECL,Chhattisgarh,KOREA,Central India,Chirimiri,Opencast,PUBLIC,Contextual_Fuzzy,1.0,0.42,Yes,Matched_Review
Production,Chirimiri Anjan Hill,SECL,Chhattisgarh,,,,,,,,,Unmatched,0.654,0.1802,Yes,Unmatched
Production,Chirimiri Bartunga Hill,SECL,Chhattisgarh,,,,,,,,,Unmatched,0.6296,0.1721,Yes,Unmatched
Production,Chitra East OCP,ECL,Jharkhand,Chitra East OCP,ECL,Jharkhand,DEOGHAR,Saherjuri Coalfield,S. P. Mines,Opencast,PUBLIC,Contextual_Fuzzy,1.0,0.3903,Yes,Matched_Review
Production,Chora 10 Pit Colliery,ECL,West Bengal,Chora 10 Pit Colliery,ECL,West Bengal,Bardhaman,Raniganj,Kenda,Underground,PUBLIC,Contextual_Fuzzy,1.0,0.3303,Yes,Matched_Review
Production,Chora 7&9 Pits Colliery,ECL,West Bengal,Chora 7&9 Pits Colliery,ECL,West Bengal,Bardhaman,Raniganj,Kenda,Underground,PUBLIC,Contextual_Fuzzy,1.0,0.3303,Yes,Matched_Review
Production,Chora Block Incline UG & Shankarpur OC & Banbahal OC,ECL,West Bengal,Chora Block Incline UG & Shankarpur OC & Banbahal OC,ECL,West Bengal,Bardhaman,Raniganj,Kenda,Mixed,PUBLIC,Contextual_Fuzzy,1.0,0.4317,Yes,Matched_Review
Production,Chora Block Incline UG & Shankarpur OC (D) & Banbahal(H),ECL,West Bengal,Chora Block Incline UG & Shankarpur OC & Banbahal OC,ECL,West Bengal,Bardhaman,Raniganj,Kenda,Mixed,PUBLIC,Contextual_Fuzzy,0.9161,0.3215,Yes,Matched_Review
Production,Chotia Coal Mine,BALCO,Chhattisgarh,,,,,,,,,Unmatched,0.4785,0.0386,Yes,Unmatched
Production,Churcha,SECL,Chhattisgarh,Churcha RO,SECL,Chhattisgarh,KOREA,Central India,Baikunthpur,Underground,PUBLIC,Possible,0.7859,0.2619,Yes,Matched_Review
Production,Churcha RO,SECL,Chhattisgarh,Churcha RO,SECL,Chhattisgarh,KOREA,Central India,Baikunthpur,Underground,PUBLIC,Contextual_Fuzzy,1.0,0.42,Yes,Matched_Review
Production,Churcha West,SECL,Chhattisgarh,,,,,,,,,Unmatched,0.6988,0.0764,Yes,Unmatched
Production,DVC Bermo Mines,DVC,Jharkhand,DVC Tubed Mines,DVC,Jharkhand,LATEHAR,Auranga,DVC Tubed,Opencast,PUBLIC,Possible,0.776,0.384,Yes,Matched_Review
Production,DVC Tubed Mines,DVC_T,Jharkhand,DVC Tubed Mines,DVC,Jharkhand,LATEHAR,Auranga,DVC Tubed,Opencast,PUBLIC,Contextual_Fuzzy,0.93,0.5648,Yes,Matched_Review
Production,Dabor Ph-II & III OC,ECL,West Bengal,Dabor Ph-II & III OC,ECL,West Bengal,Bardhaman,Mugma/Salanpur,Salanpur,Opencast,PUBLIC,Contextual_Fuzzy,1.0,0.4733,Yes,Matched_Review
Production,Dakra Bukbuka,CCL,Jharkhand,Dakra Bukbuka OC,CCL,Jharkhand,RANCHI,N.K.Coalfields,North Karanpura,Opencast,PUBLIC,Possible,0.8632,0.3616,Yes,Matched_Review
Production,Dalurband OC,ECL,West Bengal,Dalurband OC,ECL,West Bengal,Bardhaman,Raniganj,Pandaveswar,Opencast,PUBLIC,Contextual_Fuzzy,1.0,0.406,Yes,Matched_Review
Production,Dalurband OC Patch,ECL,West Bengal,Dalurband OC,ECL,West Bengal,Bardhaman,Raniganj,Pandaveswar,Opencast,PUBLIC,Possible,0.8227,0.0862,Yes,Matched_Review
Production,Damagoria OCP,BCCL,West Bengal,,,,,,,,,Unmatched,0.5176,0.009,Yes,Unmatched
Production,Damini,SECL,Madhya Pradesh,Damini,SECL,Madhya Pradesh,SHAHDOL,Central India,Sohagpur,Underground,PUBLIC,Contextual_Fuzzy,1.0,0.5062,Yes,Matched_Review
Production,Damoda,BCCL,Jharkhand,Damoda,BCCL,Jharkhand,DHANBAD,Jharia,Barora,Opencast,PUBLIC,Contextual_Fuzzy,1.0,0.49,Yes,Matched_Review
Production,Dhankasa & Jamunia,WCL,Madhya Pradesh,Dhankasa & Jamunia,WCL,Madhya Pradesh,CHHINDWARA,Pench & Kanhan,Pench,Underground,PUBLIC,Contextual_Fuzzy,1.0,0.532,Yes,Matched_Review
Production,Dhanpuri,SECL,Madhya Pradesh,Dhanpuri,SECL,Madhya Pradesh,SHAHDOL,Central India,Sohagpur,Opencast,PUBLIC,Contextual_Fuzzy,1.0,0.46,Yes,Matched_Review
Production,Dharam Incline,SECL,Chhattisgarh,,,,,,,,,Unmatched,0.5594,0.0403,Yes,Unmatched
Production,Dharmabandh/S.Govindpur/Teturiya,BCCL,Jharkhand,,,,,,,,,Unmatched,0.49,0.0279,Yes,Unmatched
Production,Dhelwadih Colliery,SECL,Chhattisgarh,Dhelwadih Colliery,SECL,Chhattisgarh,KORBA,Central India,Korba,Underground,PUBLIC,Contextual_Fuzzy,1.0,0.5133,Yes,Matched_Review
Production,Dhemomain Incl Colliery,ECL,West Bengal,Dhemomain Incl Colliery,ECL,West Bengal,Bardhaman,Raniganj,Sodepur,Underground,PUBLIC,Contextual_Fuzzy,1.0,0.2644,Yes,Matched_Review
Production,Dhemomain Pit Colliery,ECL,West Bengal,Dhemomain Pit Colliery,ECL,West Bengal,Bardhaman,Raniganj,Sodepur,Underground,PUBLIC,Contextual_Fuzzy,1.0,0.2644,Yes,Matched_Review
Production,Dhoptala OC (Sasti Colliery),WCL,Maharashtra,Dhoptala OC (Sasti Colliery),WCL,Maharashtra,CHANDRAPUR,Wardha,Ballarpur,Opencast,PUBLIC,Contextual_Fuzzy,1.0,0.434,Yes,Matched_Review
Production,Dhore East OC,CCL,Jharkhand,,,,,,,,,Unmatched,0.6671,0.0971,Yes,Unmatched
Production,Dhori Khas(OC),CCL,Jharkhand,Dhori Khas(UG),CCL,Jharkhand,BOKARO,E. Bokaro,Dhori Area,Underground,PUBLIC,Possible,0.7954,0.2063,Yes,Matched_Review
Production,Dhori Khas(UG),CCL,Jharkhand,Dhori Khas(UG),CCL,Jharkhand,BOKARO,E. Bokaro,Dhori Area,Underground,PUBLIC,Contextual_Fuzzy,1.0,0.43,Yes,Matched_Review
Production,Dhorwasa OC,WCL,Maharashtra,,,,,,,,,Unmatched,0.61,0.0167,Yes,Unmatched
Production,"Digwadih Colliery,",TSL,Jharkhand,,,,,,,,,Unmatched,0.4292,0.0149,Yes,Unmatched
Production,Dipka,SECL,Chhattisgarh,Dipka,SECL,Chhattisgarh,KORBA,Central India,Dipka,Opencast,PUBLIC,Contextual_Fuzzy,1.0,0.52,Yes,Matched_Review
Production,Dobari,BCCL,Jharkhand,,,,,,,,,Unmatched,0.524,0.014,Yes,Unmatched
Production,Dubeswari Colliery,ECL,West Bengal,Dubeswari Colliery,ECL,West Bengal,PURULIA,Raniganj,Sodepur,Underground,PUBLIC,Contextual_Fuzzy,1.0,0.4809,Yes,Matched_Review
Production,Dudhichua OCP,NCL,Uttar Pradesh,Dudhichua Project,NCL,Uttar Pradesh,SONBHADRA,Singrauli,Dudhichua,Opencast,PUBLIC,Possible,0.7836,0.1803,Yes,Matched_Review
Production,Dudhichua Project,NCL,Uttar Pradesh,Dudhichua Project,NCL,Uttar Pradesh,SONBHADRA,Singrauli,Dudhichua,Opencast,PUBLIC,Contextual_Fuzzy,1.0,0.532,Yes,Matched_Review
Production,Dugga,SECL,Chhattisgarh,,,,,,,,,Unmatched,0.468,0.0,Yes,Unmatched
Production,Dulanga Coal Mining Project,NTPC,Odisha,Dulanga Coal Mining Project,NTPC,Odisha,SUNDARGARH,IB Vlley,Dulanga,Opencast,PUBLIC,Contextual_Fuzzy,1.0,0.522,Yes,Matched_Review
Production,Duman Hill,SECL,Chhattisgarh,,,,,,,,,Unmatched,0.4867,0.0098,Yes,Unmatched
Production,Durgapur OC,WCL,Maharashtra,,,,,,,,,Unmatched,0.6988,0.0102,Yes,Unmatched
Production,Durgapur Open Cast,WCL,Maharashtra,Durgapur Open Cast,WCL,Maharashtra,CHANDRAPUR,Wardha,Chandrapur,Opencast,PUBLIC,Contextual_Fuzzy,1.0,0.424,Yes,Matched_Review
Production,Durgapur Rayatwari Colly,WCL,Maharashtra,Durgapur Rayatwari Colly,WCL,Maharashtra,CHANDRAPUR,Wardha,Chandrapur,Underground,PUBLIC,Contextual_Fuzzy,1.0,0.378,Yes,Matched_Review
Production,E. Bassuriya,BCCL,Jharkhand,E.Basuria,BCCL,Jharkhand,DHANBAD,Jharia,Kusunda,Opencast,PUBLIC,Possible,0.7713,0.2452,Yes,Matched_Review
Production,E.Basuria,BCCL,Jharkhand,E.Basuria,BCCL,Jharkhand,DHANBAD,Jharia,Kusunda,Opencast,PUBLIC,Contextual_Fuzzy,1.0,0.455,Yes,Matched_Review
Production,E.Katras,BCCL,Jharkhand,,,,,,,,,Unmatched,0.591,0.111,Yes,Unmatched
Production,Ena,BCCL,Jharkhand,Ena,BCCL,Jharkhand,DHANBAD,Jharia,Kusunda,Opencast,PUBLIC,Contextual_Fuzzy,1.0,0.46,Yes,Matched_Review
Production,G & G B Coal Mine,WBPDCL_GB,West Bengal,G & G B Coal Mine,WBPDCL,West Bengal,BIRBHUM,Raniganj,Gangaramchak,Opencast,PUBLIC,Contextual_Fuzzy,0.936,0.464,Yes,Matched_Review
Production,GP-IV-8 Coal Mine,AMBUJA,Chhattisgarh,GP-IV-8 Coal Mine,AMBUJA,Chhattisgarh,RAIGARH,Mand Raigarh,Raigarh,Underground,PRIVATE,Contextual_Fuzzy,1.0,0.6122,Yes,Matched_Review
Production,Gangaramchak Bhadulia,WBPDCL,West Bengal,,,,,,,,,Unmatched,0.4355,0.0196,Yes,Unmatched
Production,Gare Palma 1,JPL,Chhattisgarh,Gare Palma IV/1,JPL,Chhattisgarh,RAIGARH,Mand Raigarh,Gare Palma,Opencast,PRIVATE,Possible,0.8833,0.1714,Yes,Matched_Review
Production,Gare Palma IV/1,JPL,Chhattisgarh,Gare Palma IV/1,JPL,Chhattisgarh,RAIGARH,Mand Raigarh,Gare Palma,Opencast,PRIVATE,Contextual_Fuzzy,1.0,0.1925,Yes,Matched_Review
Production,Gare Palma IV/2 &3,JPL_IV/2 & 3,Chhattisgarh,Gare Palma IV/2&3,JPL,Chhattisgarh,RAIGARH,Mand- Raigarh,Gare Palma,Opencast,PRIVATE,Possible,0.8754,0.0582,Yes,Matched_Review
Production,Gare Palma IV/2&3,SECL,Chhattisgarh,Gare Palma IV/2&3,SECL,Chhattisgarh,RAIGARH,Central India,Raigarh,Opencast,PUBLIC,Contextual_Fuzzy,1.0,0.1657,Yes,Matched_Review
Production,Gare Palma IV/4 Coal Mine,HIL,Chhattisgarh,,,,,,,,,Unmatched,0.616,0.0057,Yes,Unmatched
Production,Gare Palma IV/5 Coal Mine,HIL,Chhattisgarh,,,,,,,,,Unmatched,0.616,0.0057,Yes,Unmatched
Production,Gare Palma IV/7,SEML,Chhattisgarh,Gare Palma IV/7,SEML,Chhattisgarh,RAIGARH,Mand Raigarh,Tamnar Tehsil,Opencast,PRIVATE,Contextual_Fuzzy,1.0,0.28,Yes,Matched_Review
Production,Gare Palma Sector III,CSPGCL,Chhattisgarh,Gare Palma Sector III,CSPGCL,Chhattisgarh,RAIGARH,Mand Raigarh,Raigarh,Opencast,PUBLIC,Contextual_Fuzzy,1.0,0.4547,Yes,Matched_Review
Production,Gare palma IV/6 vill- Kenjemura,JSPL_GP IV/6,Chhattisgarh,,,,,,,,,Unmatched,0.6467,0.1173,Yes,Unmatched
Production,Garjanbahal OCP,MCL,Odisha,Garjanbahal OCP,MCL,Odisha,SUNDARGARH,IB Valley,Basundhara,Opencast,PUBLIC,Contextual_Fuzzy,1.0,0.3379,Yes,Matched_Review
Production,"Gautham Khani,",SCCL,Telangana,,,,,,,,,Unmatched,0.6841,0.0086,Yes,Unmatched
Production,Gayatri,SECL,Chhattisgarh,Gayatri,SECL,Chhattisgarh,SURGUJA,Central India,Bisrampur,Underground,PUBLIC,Contextual_Fuzzy,1.0,0.4375,Yes,Matched_Review
Production,Gevra,SECL,Chhattisgarh,Gevra,SECL,Chhattisgarh,KORBA,Central India,Gevra,Opencast,PUBLIC,Contextual_Fuzzy,1.0,0.42,Yes,Matched_Review
Production,Ghanoodih,BCCL,Jharkhand,,,,,,,,,Unmatched,0.5471,0.0371,Yes,Unmatched
Production,"Ghonsa,",WCL,Maharashtra,"Ghonsa,",WCL,Maharashtra,YAVATMAL,Wardha Valley,Wani North,Opencast,PUBLIC,Contextual_Fuzzy,1.0,0.5425,Yes,Matched_Review
Production,Ghorawari-1,WCL,Madhya Pradesh,,,,,,,,,Unmatched,0.6125,0.1258,Yes,Unmatched
Production,Ghorawari-2/Bharat OC,WCL,Madhya Pradesh,,,,,,,,,Unmatched,0.4841,0.0246,Yes,Unmatched
Production,Ghugus OCM,WCL,Maharashtra,,,,,,,,,Unmatched,0.5933,0.0,Yes,Unmatched
Production,Gidi `A',CCL,Jharkhand,Gidi `A',CCL,Jharkhand,HAZARIBAGH,S.K.Coalfields,Argada,Opencast,PUBLIC,Contextual_Fuzzy,1.0,0.2567,Yes,Matched_Review
Production,Gidi `C',CCL,Jharkhand,Gidi `C',CCL,Jharkhand,HAZARIBAGH,S.K.Coalfields,Argada,Opencast,PUBLIC,Contextual_Fuzzy,1.0,0.2567,Yes,Matched_Review
Production,Giridih OC,CCL,Jharkhand,Giridih OC,CCL,Jharkhand,GIRIDIH,Giridih,Giridih OC,Opencast,PUBLIC,Contextual_Fuzzy,1.0,0.3394,Yes,Matched_Review
Production,Giridih UG,CCL,Jharkhand,Giridih OC,CCL,Jharkhand,GIRIDIH,Giridih,Giridih OC,Opencast,PUBLIC,Possible,0.7293,0.1402,Yes,Matched_Review
Production,Godavari Khani-1 & 3,SCCL,Telangana,Godavari Khani 1 & 3,SCCL,Telangana,KHAMMAM,Godavari Valley,Ramagundam-I,Underground,PUBLIC,Contextual_Fuzzy,1.0,0.2434,Yes,Matched_Review
Production,Godavari Khani-11,SCCL,Telangana,Godavari Khani-11 Incline,SCCL,Telangana,PEDDAPALLI,Godavari Valley,Ramagundam-I,Underground,PUBLIC,Possible,0.85,0.054,Yes,Matched_Review
Production,Godavari Khani-11 Incline,SCCL,Telangana,Godavari Khani-11 Incline,SCCL,Telangana,PEDDAPALLI,Godavari Valley,Ramagundam-I,Underground,PUBLIC,Contextual_Fuzzy,1.0,0.2746,Yes,Matched_Review
Production,Godavari Khani-2 & 2A,SCCL,Telangana,Godavari Khani-2 & 2A,SCCL,Telangana,KHAMMAM,Godavari Valley,Ramagundam-I,Underground,PUBLIC,Contextual_Fuzzy,1.0,0.2434,Yes,Matched_Review
Production,Godavari Khani-7 LEP,SCCL,Telangana,Godavari Khani 1 & 3,SCCL,Telangana,KHAMMAM,Godavari Valley,Ramagundam-I,Underground,PUBLIC,Possible,0.747,0.0091,Yes,Matched_Review
Production,Godavarikhani V OC,SCCL,Telangana,Godavarikhani V OC,SCCL,Telangana,PEDDAPALLI,Godavari Valley,Ramagundam-I,Opencast,PUBLIC,Contextual_Fuzzy,1.0,0.35,Yes,Matched_Review
Production,Godavarikhani v OC,SCCL,Telangana,Godavarikhani V OC,SCCL,Telangana,PEDDAPALLI,Godavari Valley,Ramagundam-I,Opencast,PUBLIC,Contextual_Fuzzy,1.0,0.35,Yes,Matched_Review
Production,Gokul Mine,WCL,Maharashtra,,,,,,,,,Unmatched,0.6871,0.0979,Yes,Unmatched
Production,Gokul OC Mine + Gokul Extn.,WCL,Maharashtra,Gokul OC Mine + Gokul Extn.,WCL,Maharashtra,NAGPUR,Umrer,Umrer,Opencast,PUBLIC,Contextual_Fuzzy,1.0,0.3837,Yes,Matched_Review
Production,Gondegaon,WCL,Maharashtra,,,,,,,,,Unmatched,0.5777,0.0486,Yes,Unmatched
Production,Gondudih/K.Kusunda,BCCL,Jharkhand,Gondudih/Khas Kusunda,BCCL,Jharkhand,DHANBAD,Jharia,Kusunda,Opencast,PUBLIC,Possible,0.8277,0.2466,Yes,Matched_Review
Production,Gondudih/Khas Kusunda,BCCL,Jharkhand,Gondudih/Khas Kusunda,BCCL,Jharkhand,DHANBAD,Jharia,Kusunda,Opencast,PUBLIC,Contextual_Fuzzy,1.0,0.4342,Yes,Matched_Review
Production,Gopalichuck,BCCL,Jharkhand,Gopalichuck,BCCL,Jharkhand,DHANBAD,Jharia,P.B.Project,Opencast,PUBLIC,Contextual_Fuzzy,1.0,0.532,Yes,Matched_Review
Production,Gopinathpur,ECL,Jharkhand,Gopinathpur,ECL,Jharkhand,DHANBAD,Mugma/Salanpur,Mugma,Opencast,PUBLIC,Contextual_Fuzzy,1.0,0.5133,Yes,Matched_Review
Production,Gotitoria (East & West),BSMPL,Madhya Pradesh,,,,,,,,,Unmatched,0.6973,0.3514,Yes,Unmatched
Production,Gotitoria (East) & Gotitora (West),BSMPL,Madhya Pradesh,,,,,,,,,Unmatched,0.613,0.311,Yes,Unmatched
Production,Gourandi Begunia,ECL,West Bengal,,,,,,,,,Unmatched,0.5718,0.0008,Yes,Unmatched
Production,Gourangdhi Extn OC,ECL,West Bengal,Gourangdih Extn OC,ECL,West Bengal,Bardhaman,Mugma/Salanpur,Salanpur,Opencast,PUBLIC,Possible,0.8367,0.2058,Yes,Matched_Review
Production,Gourangdih Extn OC,ECL,West Bengal,Gourangdih Extn OC,ECL,West Bengal,Bardhaman,Mugma/Salanpur,Salanpur,Opencast,PUBLIC,Contextual_Fuzzy,1.0,0.3691,Yes,Matched_Review
Production,Gouri -Pauni(A) OCM,WCL,Maharashtra,Gouri -Pauni(A) OCM,WCL,Maharashtra,CHANDRAPUR,Wardha,Ballarpur,Opencast,PUBLIC,Contextual_Fuzzy,1.0,0.3926,Yes,Matched_Review
Production,Gouri Deep,WCL,Maharashtra,Gouri Deep,WCL,Maharashtra,CHANDRAPUR,Wardha,Ballarpur,Opencast,PUBLIC,Contextual_Fuzzy,1.0,0.4262,Yes,Matched_Review
Production,Gouri Exp(A),WCL,Maharashtra,,,,,,,,,Unmatched,0.69,0.008,Yes,Unmatched
Production,Gouthampur Khani OCP,SCCL,Telangana,Gouthampur Khani OCP,SCCL,Telangana,KHAMMAM,Godavari Valley,Kothagudem,Opencast,PUBLIC,Contextual_Fuzzy,1.0,0.3787,Yes,Matched_Review
Production,Govinda,SECL,Madhya Pradesh,,,,,,,,,Unmatched,0.6,0.132,Yes,Unmatched
Production,Govindpur Ph-II OCP,CCL,Jharkhand,Govindpur Ph-II OCP,CCL,Jharkhand,BOKARO,E. Bokaro,Kathara,Opencast,PUBLIC,Contextual_Fuzzy,1.0,0.36,Yes,Matched_Review
Production,"Govindpur,",CCL,Jharkhand,Govindpur,CCL,Jharkhand,BOKARO,E. Bokaro,Kathara,Underground,PUBLIC,Contextual_Fuzzy,1.0,0.36,Yes,Matched_Review
Production,Hakdibari,SECL,Chhattisgarh,,,,,,,,,Unmatched,0.6733,0.14,Yes,Unmatched
Production,Haldibari,SECL,Chhattisgarh,Haldibari,SECL,Chhattisgarh,KOREA,Central India,Hasdeo,Underground,PUBLIC,Contextual_Fuzzy,1.0,0.4667,Yes,Matched_Review
Production,Harad Incline,SECL,Madhya Pradesh,,,,,,,,,Unmatched,0.5358,0.0124,Yes,Unmatched
Production,Hariajam,ECL,Jharkhand,Hariajam,ECL,Jharkhand,DHANBAD,Mugma/Salanpur,Mugma,Underground,PUBLIC,Contextual_Fuzzy,1.0,0.476,Yes,Matched_Review
Production,Hesagoda,CCL,Jharkhand,,,,,,,,,Unmatched,0.4909,0.0141,Yes,Unmatched
Production,Hindustan Lalpeth Colliery No.1,WCL,Maharashtra,Hindustan Lalpeth Colliery No.1,WCL,Maharashtra,CHANDRAPUR,Wardha,Chandrapur,Underground,PUBLIC,Contextual_Fuzzy,1.0,0.208,Yes,Matched_Review
Production,Hindustan Lalpeth OC,WCL,Maharashtra,Hindustan Lalpeth OC,WCL,Maharashtra,CHANDRAPUR,Wardha,Chandrapur,Opencast,PUBLIC,Contextual_Fuzzy,1.0,0.208,Yes,Matched_Review
Production,Hingula OCP,MCL,Odisha,Hingula OCP,MCL,Odisha,Angul,Talcher,Hingula,Opencast,PUBLIC,Contextual_Fuzzy,1.0,0.3145,Yes,Matched_Review
Production,Hirakhand Bundia Mine,MCL,Odisha,Hirakhand Bundia Mine,MCL,Odisha,JHARSUGUDA,IB Valley,Orient,Underground,PUBLIC,Contextual_Fuzzy,1.0,0.5092,Yes,Matched_Review
Production,Hura C,ECL,Jharkhand,Hurra C,ECL,Jharkhand,GODDA,Rajmahal,Rajmahal,Opencast,PUBLIC,Possible,0.781,0.257,Yes,Matched_Review
Production,Hurra'C',ECL,Jharkhand,Hurra C,ECL,Jharkhand,GODDA,Rajmahal,Rajmahal,Opencast,PUBLIC,Contextual_Fuzzy,1.0,0.49,Yes,Matched_Review
Production,Hurrlidih,BCCL,Jharkhand,,,,,,,,,Unmatched,0.5625,0.0525,Yes,Unmatched
Production,Hutar Tetaria Khar,CCL,Jharkhand,Tetaria Khar,CCL,Jharkhand,LATEHAR,N.K.Coalfields,Rajhara,Opencast,PUBLIC,Possible,0.8227,0.333,Yes,Matched_Review
Production,"Indaram Khani-1A, Incline",SCCL,Telangana,"Indaram Khani-1A, Incline",SCCL,Telangana,MANCHERIAL,Godavari Valley,Srirampur,Underground,PUBLIC,Contextual_Fuzzy,1.0,0.2471,Yes,Matched_Review
Production,Indaram Khani-OC,SCCL,Telangana,Indaram Khani-OC,SCCL,Telangana,MANCHERIAL,Godavari Valley,Srirampur,Opencast,PUBLIC,Contextual_Fuzzy,1.0,0.2635,Yes,Matched_Review
Production,Inder UG to OC,WCL,Maharashtra,Adasa (UG to OC),WCL,Maharashtra,NAGPUR,Kamptee/Silewara,Nagpur,Opencast,PUBLIC,Possible,0.768,0.121,Yes,Matched_Review
Production,Int. Lakhanpur-Belpahar-Lilari OCP,MCL,Odisha,Int. Lakhanpur-Belpahar-Lilari OCP,MCL,Odisha,JHARSUGUDA,IB Valley,Lakhanpur,Opencast,PUBLIC,Contextual_Fuzzy,1.0,0.4433,Yes,Matched_Review
Production,Itapara OC Patch,ECL,West Bengal,Itapara OC Patch,ECL,West Bengal,Bardhaman,Mugma/Salanpur,Salanpur,Opencast,PUBLIC,Contextual_Fuzzy,1.0,0.414,Yes,Matched_Review
Production,J. K. Nagar Colliery,ECL,West Bengal,J. K. Nagar Colliery,ECL,West Bengal,Bardhaman,Raniganj,Satgram,Underground,PUBLIC,Contextual_Fuzzy,1.0,0.4789,Yes,Matched_Review
Production,Jaganathpur,SECL,Chhattisgarh,Jaganathpur,SECL,Chhattisgarh,SURGUJA,Central India,Bhatgaon,Opencast,PUBLIC,Contextual_Fuzzy,1.0,0.4667,Yes,Matched_Review
Production,Jagannath OCP,MCL,Odisha,Jagannath Re-org OCP,MCL,Odisha,Angul,Talcher,Jagannath,Opencast,PUBLIC,Possible,0.7709,0.0854,Yes,Matched_Review
Production,Jagannath Re-org OCP,MCL,Odisha,Jagannath Re-org OCP,MCL,Odisha,Angul,Talcher,Jagannath,Opencast,PUBLIC,Contextual_Fuzzy,1.0,0.42,Yes,Matched_Review
Production,Jagannath UG,MCL,Odisha,,,,,,,,,Unmatched,0.6448,0.1538,Yes,Unmatched
Production,Jainagar 3 & 4 ( Old),SECL,Chhattisgarh,,,,,,,,,Unmatched,0.468,0.0,Yes,Unmatched
Production,Jainagar 5 & 6 ( New),SECL,Chhattisgarh,,,,,,,,,Unmatched,0.5528,0.0848,Yes,Unmatched
Production,Jalagam Vengala Rao OC-2,SCCL,Telangana,Jalagam Vengala Rao OC-2,SCCL,Telangana,KHAMMAM,Godavari Valley,Kothagudem,Opencast,PUBLIC,Contextual_Fuzzy,1.0,0.465,Yes,Matched_Review
Production,"Jamadoba Colliery,",TSL,Jharkhand,Jamadoba Colliery,TSL,Jharkhand,DHANBAD,Jharia,Jamadoba,Mixed,PRIVATE,Contextual_Fuzzy,1.0,0.5518,Yes,Matched_Review
Production,Jambad OCP,ECL,West Bengal,Jambad OCP,ECL,West Bengal,Bardhaman,Raniganj,Kajora,Opencast,PUBLIC,Contextual_Fuzzy,1.0,0.21,Yes,Matched_Review
Production,Jambad UG Colliery,ECL,West Bengal,Jambad UG Colliery,ECL,West Bengal,Bardhaman,Raniganj,Kajora,Underground,PUBLIC,Contextual_Fuzzy,1.0,0.2972,Yes,Matched_Review
Production,Jamkhani Coal Mine,Vedanta,Odisha,Jamkhani Coal Mine,Vedanta,Odisha,SUNDARGARH,IB River,IB River,Opencast,PRIVATE,Contextual_Fuzzy,1.0,0.5582,Yes,Matched_Review
Production,Jampali,SECL,Chhattisgarh,Jampali,SECL,Chhattisgarh,RAIGARH,Central India,Raigarh,Opencast,PUBLIC,Contextual_Fuzzy,1.0,0.4375,Yes,Matched_Review
Production,Jamuna 9 & 10,SECL,Madhya Pradesh,Jamuna 9 & 10 Jamuna RO,SECL,Madhya Pradesh,SHAHDOL,Central India,Jamuna & Kotma,Underground,PUBLIC,Possible,0.7987,0.3219,Yes,Matched_Review
Production,Jamuna OC,SECL,Madhya Pradesh,,,,,,,,,Unmatched,0.6898,0.0312,Yes,Unmatched
Production,Jamuna RO,SECL,Madhya Pradesh,,,,,,,,,Unmatched,0.692,0.0467,Yes,Unmatched
Production,Jarangdih OC.,CCL,Jharkhand,Jarangdih OC,CCL,Jharkhand,BOKARO,E. Bokaro,Kathara,Opencast,PUBLIC,Contextual_Fuzzy,1.0,0.3394,Yes,Matched_Review
Production,Jarangdih UG.,CCL,Jharkhand,Jarangdih OC,CCL,Jharkhand,BOKARO,E. Bokaro,Kathara,Opencast,PUBLIC,Possible,0.7433,0.182,Yes,Matched_Review
Production,"Jawahar Khani OC-5,",SCCL,Telangana,"Jawahar Khani OC-5,",SCCL,Telangana,KHAMMAM,Godavari Valley,Yellandu,Opencast,PUBLIC,Contextual_Fuzzy,1.0,0.2847,Yes,Matched_Review
Production,"Jawahar Khani-5,",SCCL,Telangana,"Jawahar Khani OC-5,",SCCL,Telangana,KHAMMAM,Godavari Valley,Yellandu,Opencast,PUBLIC,Possible,0.8918,0.2429,Yes,Matched_Review
Production,Jayant OCP,NCL,Madhya Pradesh,Jayant Project,NCL,Madhya Pradesh,SINGRAULI,Singrauli,Jayant,Opencast,PUBLIC,Possible,0.755,0.2277,Yes,Matched_Review
Production,Jayant Project,NCL,Madhya Pradesh,Jayant Project,NCL,Madhya Pradesh,SINGRAULI,Singrauli,Jayant,Opencast,PUBLIC,Contextual_Fuzzy,1.0,0.588,Yes,Matched_Review
Production,Jhanjra Project,ECL,West Bengal,Jhanjra Project Colliery,ECL,West Bengal,Bardhaman,Raniganj,Jhanjra,Underground,PUBLIC,Contextual_Fuzzy,1.0,0.4,Yes,Matched_Review
Production,Jhanjra Project Colliery,ECL,West Bengal,Jhanjra Project Colliery,ECL,West Bengal,Bardhaman,Raniganj,Jhanjra,Underground,PUBLIC,Contextual_Fuzzy,1.0,0.4,Yes,Matched_Review
Production,Jharkhand OCP,CCL,Jharkhand,Jharkhand OCP,CCL,Jharkhand,RAMGARH,W.Bokaro,Hazaribagh,Opencast,PUBLIC,Contextual_Fuzzy,1.0,0.3547,Yes,Matched_Review
Production,Jhilimili,SECL,Chhattisgarh,Jhilimili Colliery,SECL,Chhattisgarh,KOREA,Central India,Baikunthpur,Underground,PUBLIC,Contextual_Fuzzy,1.0,0.42,Yes,Matched_Review
Production,Jhilimili Colliery,SECL,Chhattisgarh,Jhilimili Colliery,SECL,Chhattisgarh,KOREA,Central India,Baikunthpur,Underground,PUBLIC,Contextual_Fuzzy,1.0,0.42,Yes,Matched_Review
Production,Jhingurda OCP,NCL,Madhya Pradesh,Jhingurda Project,NCL,Madhya Pradesh,SINGRAULI,Singrauli,Jhingurda,Opencast,PUBLIC,Possible,0.7836,0.227,Yes,Matched_Review
Production,Jhingurda Project,NCL,Madhya Pradesh,Jhingurda Project,NCL,Madhya Pradesh,SINGRAULI,Singrauli,Jhingurda,Opencast,PUBLIC,Contextual_Fuzzy,1.0,0.5514,Yes,Matched_Review
Production,Jhiria,SECL,Madhya Pradesh,Jhiria,SECL,Madhya Pradesh,SHAHDOL,Central India,Hasdeo,Underground,PUBLIC,Contextual_Fuzzy,1.0,0.4415,Yes,Matched_Review
Production,Jhiria South Jhimar,SECL,Madhya Pradesh,Jhiria,SECL,Madhya Pradesh,SHAHDOL,Central India,Hasdeo,Underground,PUBLIC,Possible,0.7053,0.1653,Yes,Matched_Review
Production,Jitpur Colliery,IISCOJ,Jharkhand,Jitpur Colliery,IISCO,Jharkhand,DHANBAD,Jharia,SAIL-BSL,Underground,PUBLIC,Contextual_Fuzzy,0.9091,0.5051,Yes,Matched_Review
Production,Jogidih,BCCL,Jharkhand,Jogidih,BCCL,Jharkhand,DHANBAD,Jharia,Govindpur,Underground,PUBLIC,Contextual_Fuzzy,1.0,0.42,Yes,Matched_Review
Production,Joyrampur,BCCL,Jharkhand,Joyrampur,BCCL,Jharkhand,DHANBAD,Jharia,Lodna,Opencast,PUBLIC,Contextual_Fuzzy,1.0,0.49,Yes,Matched_Review
Production,"Junad,",WCL,Maharashtra,"Junad,",WCL,Maharashtra,YAVATMAL,Wardha Valley,Wani North,Opencast,PUBLIC,Contextual_Fuzzy,1.0,0.5473,Yes,Matched_Review
Production,Junakunada OC,WCL,Maharashtra,,,,,,,,,Unmatched,0.6383,0.035,Yes,Unmatched
Production,K. Dewarkhand,CCL,Jharkhand,K. Dewarkhand,CCL,Jharkhand,RANCHI,N.K.Coalfields,North Karanpura,Opencast,PUBLIC,Contextual_Fuzzy,1.0,0.4648,Yes,Matched_Review
Production,KB-10/12 Pit,BCCL,Jharkhand,,,,,,,,,Unmatched,0.4316,0.0454,Yes,Unmatched
Production,Kabribad OC,CCL,Jharkhand,Kabribad OC,CCL,Jharkhand,GIRIDIH,Giridih,Giridih OC,Opencast,PUBLIC,Contextual_Fuzzy,1.0,0.3267,Yes,Matched_Review
Production,Kakatiya Khani-1 & 1A,SCCL,Telangana,Kakatiya Khani-1 & 1A Incline,SCCL,Telangana,JAYASHANKAR BHUPALPALLY,Godavari Valley,Bhupalpalli,Underground,PUBLIC,Possible,0.871,0.133,Yes,Matched_Review
Production,Kakatiya Khani-1 & 1A Incline,SCCL,Telangana,Kakatiya Khani-1 & 1A Incline,SCCL,Telangana,JAYASHANKAR BHUPALPALLY,Godavari Valley,Bhupalpalli,Underground,PUBLIC,Contextual_Fuzzy,1.0,0.1812,Yes,Matched_Review
Production,Kakatiya Khani-5 Incline,SCCL,Telangana,Kakatiya Khani-5 Incline,SCCL,Telangana,JAYASHANKAR BHUPALPALLY,Godavari Valley,Bhupalpalli,Underground,PUBLIC,Contextual_Fuzzy,1.0,0.1295,Yes,Matched_Review
Production,"Kakatiya Khani-6, Incline",SCCL,Telangana,"Kakatiya Khani-6, Incline",SCCL,Telangana,JAYASHANKAR BHUPALPALLY,Godavari Valley,Bhupalpalli,Underground,PUBLIC,Contextual_Fuzzy,1.0,0.1295,Yes,Matched_Review
Production,Kakatiya Khani-8 & 8A,SCCL,Telangana,Kakatiya Khani-8 & 8A Incline,SCCL,Telangana,JAYASHANKAR BHUPALPALLY,Godavari Valley,Bhupalpalli,Underground,PUBLIC,Possible,0.871,0.133,Yes,Matched_Review
Production,Kakatiya Khani-8 & 8A Incline,SCCL,Telangana,Kakatiya Khani-8 & 8A Incline,SCCL,Telangana,JAYASHANKAR BHUPALPALLY,Godavari Valley,Bhupalpalli,Underground,PUBLIC,Contextual_Fuzzy,1.0,0.1812,Yes,Matched_Review
Production,Kakatiya Khani-OC II,SCCL,Telangana,Kakatiya Khani-OC II,SCCL,Telangana,JAYASHANKAR BHUPALPALLY,Godavari Valley,Bhupalpalli,Opencast,PUBLIC,Contextual_Fuzzy,1.0,0.1222,Yes,Matched_Review
Production,Kakatiya Khani-OC-III,SCCL,Telangana,Kakatiya Khani-OC-III,SCCL,Telangana,JAYASHANKAR BHUPALPALLY,Godavari Valley,Bhupalpalli,Opencast,PUBLIC,Contextual_Fuzzy,1.0,0.1222,Yes,Matched_Review
Production,Kakri OCP,NCL,Uttar Pradesh,,,,,,,,,Unmatched,0.6933,0.055,Yes,Unmatched
Production,Kakri Project,NCL,Uttar Pradesh,Kakri Project,NCL,Madhya Pradesh,SINGRAULI,Singrauli,Kakri,Opencast,PUBLIC,Contextual_Fuzzy,0.9533,0.4242,Yes,Matched_Review
Production,Kalidaspur Project,ECL,West Bengal,Kalidaspur Project,ECL,West Bengal,BANKURA,Raniganj,Satgram,Underground,PUBLIC,Contextual_Fuzzy,1.0,0.4789,Yes,Matched_Review
Production,Kalipahari OC (H) A,ECL,West Bengal,,,,,,,,,Unmatched,0.5758,0.0331,Yes,Unmatched
Production,Kalyan Khani OC,SCCL,Telangana,Kalyan Khani OC,SCCL,Telangana,MANCHERIAL,Godavari Valley,Mandamari,Opencast,PUBLIC,Contextual_Fuzzy,1.0,0.2545,Yes,Matched_Review
Production,Kalyan Khani-1,SCCL,Telangana,Kalyan Khani OC,SCCL,Telangana,MANCHERIAL,Godavari Valley,Mandamari,Opencast,PUBLIC,Possible,0.8166,0.0391,Yes,Matched_Review
Production,Kalyan Khani-1 Incline,SCCL,Telangana,Kalyan Khani-1 & 5 Incline,SCCL,Telangana,MANCHERIAL,Godavari Valley,Mandamari,Underground,PUBLIC,Contextual_Fuzzy,0.9257,0.1429,Yes,Matched_Review
Production,Kalyan Khani-5,SCCL,Telangana,Kalyan Khani OC,SCCL,Telangana,MANCHERIAL,Godavari Valley,Mandamari,Opencast,PUBLIC,Possible,0.8166,0.0391,Yes,Matched_Review
Production,Kalyan Khani-5 Incline,SCCL,Telangana,Kalyan Khani-1 & 5 Incline,SCCL,Telangana,MANCHERIAL,Godavari Valley,Mandamari,Underground,PUBLIC,Contextual_Fuzzy,0.9257,0.0925,Yes,Matched_Review
Production,Kalyani,SECL,Chhattisgarh,,,,,,,,,Unmatched,0.54,0.03,Yes,Unmatched
Production,Kamptee UG to OC,WCL,Maharashtra,Adasa (UG to OC),WCL,Maharashtra,NAGPUR,Kamptee/Silewara,Nagpur,Opencast,PUBLIC,Possible,0.748,0.1126,Yes,Matched_Review
Production,Kanchan OC,SECL,Madhya Pradesh,Kanchan OC,SECL,Madhya Pradesh,UMARIA,Central India,Johilla,Opencast,PUBLIC,Contextual_Fuzzy,1.0,0.3733,Yes,Matched_Review
Production,Kaniha OCP,MCL,Odisha,Kaniha OCP,MCL,Odisha,Angul,Talcher,Kaniha,Opencast,PUBLIC,Contextual_Fuzzy,1.0,0.3127,Yes,Matched_Review
Production,Kankanee,BCCL,Jharkhand,Kankanee,BCCL,Jharkhand,DHANBAD,Jharia,Sijua,Opencast,PUBLIC,Contextual_Fuzzy,1.0,0.42,Yes,Matched_Review
Production,Kapasara,ECL,Jharkhand,Kapasara,ECL,Jharkhand,DHANBAD,Mugma/Salanpur,Mugma,Opencast,PUBLIC,Contextual_Fuzzy,1.0,0.5133,Yes,Matched_Review
Production,Kapildhara,SECL,Madhya Pradesh,,,,,,,,,Unmatched,0.6087,0.0617,Yes,Unmatched
Production,Kargali OC,CCL,Jharkhand,Kargali OC,CCL,Jharkhand,BOKARO,E. Bokaro,B & K Area,Opencast,PUBLIC,Contextual_Fuzzy,1.0,0.3205,Yes,Matched_Review
Production,Karkatta,CCL,Jharkhand,,,,,,,,,Unmatched,0.5585,0.0485,Yes,Unmatched
Production,Karma,CCL,Jharkhand,Karma,CCL,Jharkhand,RAMGARH,W.Bokaro,Kuju,Opencast,PUBLIC,Contextual_Fuzzy,1.0,0.448,Yes,Matched_Review
Production,Karo SPL UG,CCL,Jharkhand,KARO SPL OC,CCL,Jharkhand,BOKARO,E. Bokaro,B & K Area,Underground,PUBLIC,Possible,0.7836,0.1756,Yes,Matched_Review
Production,Karo-I OC,CCL,Jharkhand,Karo-I OC,CCL,Jharkhand,BOKARO,E. Bokaro,B & K Area,Opencast,PUBLIC,Contextual_Fuzzy,1.0,0.224,Yes,Matched_Review
Production,Karo-I UG(Karo Seam),CCL,Jharkhand,,,,,,,,,Unmatched,0.652,0.1373,Yes,Unmatched
Production,Kasipet 1 Incline,SCCL,Telangana,Kasipet 1 Incline,SCCL,Telangana,MANCHERIAL,Godavari Valley,Mandamari,Underground,PUBLIC,Contextual_Fuzzy,1.0,0.1647,Yes,Matched_Review
Production,Kasipet 2 Incline,SCCL,Telangana,Kasipet 2 Incline,SCCL,Telangana,MANCHERIAL,Godavari Valley,Mandamari,Underground,PUBLIC,Contextual_Fuzzy,1.0,0.1647,Yes,Matched_Review
Production,Kathara Colly.,CCL,Jharkhand,Kathara Colly,CCL,Jharkhand,BOKARO,E. Bokaro,Kathara,Opencast,PUBLIC,Contextual_Fuzzy,1.0,0.3967,Yes,Matched_Review
Production,Kathautia Open Cast Coal Mine,HIL,Jharkhand,Kathautia Open Cast Coal Mine,HIL,Jharkhand,PALAMU,Daltonganj,Kathautia,Opencast,PRIVATE,Contextual_Fuzzy,1.0,0.578,Yes,Matched_Review
Production,Katkona 1 & 2,SECL,Chhattisgarh,Katkona 1 & 2,SECL,Chhattisgarh,KOREA,Central India,Baikunthpur,Underground,PUBLIC,Contextual_Fuzzy,1.0,0.51,Yes,Matched_Review
Production,Katkona 1& 2,SECL,Chhattisgarh,Katkona 1 & 2,SECL,Chhattisgarh,KOREA,Central India,Baikunthpur,Underground,PUBLIC,Contextual_Fuzzy,1.0,0.51,Yes,Matched_Review
Production,Katkona 3 & 4,SECL,Chhattisgarh,,,,,,,,,Unmatched,0.6996,0.2228,Yes,Unmatched
Production,Kedla,CCL,Jharkhand,Kedla (OC),CCL,Jharkhand,RAMGARH,W.Bokaro,Hazaribagh,Opencast,PUBLIC,Possible,0.7631,0.0,Yes,Matched_Review
Production,Kedla (OC),CCL,Jharkhand,Kedla (OC),CCL,Jharkhand,RAMGARH,W.Bokaro,Hazaribagh,Opencast,PUBLIC,Contextual_Fuzzy,1.0,0.2917,Yes,Matched_Review
Production,Kedla UG,CCL,Jharkhand,Kedla UG,CCL,Jharkhand,RAMGARH,W.Bokaro,Hazaribagh,Underground,PUBLIC,Contextual_Fuzzy,1.0,0.2917,Yes,Matched_Review
Production,Kenduadih,BCCL,Jharkhand,,,,,,,,,Unmatched,0.51,0.0,Yes,Unmatched
Production,Kerandari Coal field,NTPC_KD,Jharkhand,Kerandari,NTPC,Jharkhand,HAZARIBAGH,North Karanpura,Keredari,Opencast,PUBLIC,Contextual_Fuzzy,0.9273,0.5174,Yes,Matched_Review
Production,Ketki,SECL,Chhattisgarh,Ketki,SECL,Chhattisgarh,SURGUJA,Central India,Bisrampur,Underground,PUBLIC,Contextual_Fuzzy,1.0,0.5425,Yes,Matched_Review
Production,Khadia OCP,NCL,Uttar Pradesh,Khadia Project,NCL,Uttar Pradesh,SONBHADRA,Singrauli,Khadia,Opencast,PUBLIC,Possible,0.755,0.0929,Yes,Matched_Review
Production,Khadia Project,NCL,Uttar Pradesh,Khadia Project,NCL,Uttar Pradesh,SONBHADRA,Singrauli,Khadia,Opencast,PUBLIC,Contextual_Fuzzy,1.0,0.5176,Yes,Matched_Review
Production,Khairagura OC,SCCL,Telangana,Khairagura OC,SCCL,Telangana,Komaram Bheem,Godavari Valley,Belampalli,Opencast,PUBLIC,Contextual_Fuzzy,1.0,0.3379,Yes,Matched_Review
Production,Khairaha,SECL,Madhya Pradesh,Khairaha,SECL,Madhya Pradesh,SHAHDOL,Central India,Sohagpur,Underground,PUBLIC,Contextual_Fuzzy,1.0,0.46,Yes,Matched_Review
Production,Khandra Colliery,ECL,West Bengal,Khandra Colliery,ECL,West Bengal,Bardhaman,Raniganj,Bankola,Underground,PUBLIC,Contextual_Fuzzy,1.0,0.4,Yes,Matched_Review
Production,Kharkharee,BCCL,Jharkhand,Kharkharee,BCCL,Jharkhand,DHANBAD,Jharia,Govindpur,Underground,PUBLIC,Contextual_Fuzzy,1.0,0.42,Yes,Matched_Review
Production,Khas Kajora Colliery,ECL,West Bengal,Khas Kajora Colliery,ECL,West Bengal,Bardhaman,Raniganj,Kajora,Underground,PUBLIC,Contextual_Fuzzy,1.0,0.3379,Yes,Matched_Review
Production,Khasmahal OC,CCL,Jharkhand,,,,,,,,,Unmatched,0.6606,0.035,Yes,Unmatched
Production,Khasmahal UG,CCL,Jharkhand,,,,,,,,,Unmatched,0.6052,0.0019,Yes,Unmatched
Production,Khoodia,ECL,Jharkhand,Khoodia,ECL,Jharkhand,DHANBAD,Mugma/Salanpur,Mugma,Underground,PUBLIC,Contextual_Fuzzy,1.0,0.49,Yes,Matched_Review
Production,Khottadih,ECL,West Bengal,Khottadih UG,ECL,West Bengal,Bardhaman,Raniganj,Pandaveswar,Underground,PUBLIC,Possible,0.8,0.0164,Yes,Matched_Review
Production,Khottadih OCP,ECL,West Bengal,Khottadih OCP,ECL,West Bengal,Bardhaman,Raniganj,Pandaveswar,Opencast,PUBLIC,Contextual_Fuzzy,1.0,0.2707,Yes,Matched_Review
Production,Khottadih UG,ECL,West Bengal,Khottadih UG,ECL,West Bengal,Bardhaman,Raniganj,Pandaveswar,Underground,PUBLIC,Contextual_Fuzzy,1.0,0.2707,Yes,Matched_Review
Production,Kistaram OC,SCCL,Telangana,Kistaram OC,SCCL,Telangana,KHAMMAM,Godavari Valley,Kothagudem,Opencast,PUBLIC,Contextual_Fuzzy,1.0,0.351,Yes,Matched_Review
Production,"Kolarpimpri,",WCL,Maharashtra,"Kolarpimpri,",WCL,Maharashtra,YAVATMAL,Wardha Valley,Wani North,Opencast,PUBLIC,Contextual_Fuzzy,1.0,0.525,Yes,Matched_Review
Production,Kolgaon OC,WCL,Maharashtra,Kolgaon OC,WCL,Maharashtra,YAVATMAL,Wardha,Wani,Opencast,PUBLIC,Contextual_Fuzzy,1.0,0.3596,Yes,Matched_Review
Production,Konar OCP,CCL,Jharkhand,,,,,,,,,Unmatched,0.6558,0.0225,Yes,Unmatched
Production,Kondapuram,SCCL,Telangana,Kondapuram UG,SCCL,Telangana,KHAMMAM,Godavari Valley,Manuguru,Underground,PUBLIC,Possible,0.8052,0.3052,Yes,Matched_Review
Production,Korea,SECL,Chhattisgarh,,,,,,,,,Unmatched,0.552,0.084,Yes,Unmatched
Production,Kotma,SECL,Madhya Pradesh,,,,,,,,,Unmatched,0.468,0.0153,Yes,Unmatched
Production,Kotma OC,SECL,Madhya Pradesh,,,,,,,,,Unmatched,0.6558,0.0292,Yes,Unmatched
Production,Kotma West,SECL,Madhya Pradesh,,,,,,,,,Unmatched,0.5546,0.0931,Yes,Unmatched
Production,Koya Gundem OC II,SCCL,Telangana,Koya Gundem OC II,SCCL,Telangana,KHAMMAM,Godavari Valley,Yellandu,Opencast,PUBLIC,Contextual_Fuzzy,1.0,0.3569,Yes,Matched_Review
Production,Krishnshila OCP,NCL,Uttar Pradesh,Krishnshila OCP,NCL,Uttar Pradesh,SONBHADRA,Singrauli,Krishnshila,Opencast,PUBLIC,Contextual_Fuzzy,1.0,0.5389,Yes,Matched_Review
Production,Kujama,BCCL,Jharkhand,Kujama,BCCL,Jharkhand,DHANBAD,Jharia,Lodna,Opencast,PUBLIC,Contextual_Fuzzy,1.0,0.448,Yes,Matched_Review
Production,Kuju Colliery,CCL,Jharkhand,Kuju Colliery,CCL,Jharkhand,RAMGARH,W.Bokaro,Kuju,Opencast,PUBLIC,Contextual_Fuzzy,1.0,0.5451,Yes,Matched_Review
Production,Kulda OCP Balinga,MCL,Odisha,Kulda OCP Balinga,MCL,Odisha,SUNDARGARH,IB Valley,Basundhara,Opencast,PUBLIC,Contextual_Fuzzy,1.0,0.42,Yes,Matched_Review
Production,Kumardhubi Colliery,ECL,Jharkhand,Kumardhubi Colliery,ECL,Jharkhand,DHANBAD,Mugma/Salanpur,Mugma,Underground,PUBLIC,Contextual_Fuzzy,1.0,0.474,Yes,Matched_Review
Production,Kumardihi-A Colliery,ECL,West Bengal,Kumardihi-A Colliery,ECL,West Bengal,Bardhaman,Raniganj,Bankola,Underground,PUBLIC,Contextual_Fuzzy,1.0,0.4107,Yes,Matched_Review
Production,Kumberkhani,WCL,Maharashtra,,,,,,,,,Unmatched,0.4855,0.0086,Yes,Unmatched
Production,Kumda 1 & 2,SECL,Chhattisgarh,,,,,,,,,Unmatched,0.692,0.0093,Yes,Unmatched
Production,Kumda 7 & 8,SECL,Chhattisgarh,Kumda 7 & 8,SECL,Chhattisgarh,SURGUJA,Central India,Bisrampur,Underground,PUBLIC,Contextual_Fuzzy,1.0,0.4529,Yes,Matched_Review
Production,Kunustoria Colliery,ECL,West Bengal,Kunustoria Colliery,ECL,West Bengal,Bardhaman,Raniganj,Kunustoria,Underground,PUBLIC,Contextual_Fuzzy,1.0,0.49,Yes,Matched_Review
Production,Kurasia UG,SECL,Chhattisgarh,Kurasia UG,SECL,Chhattisgarh,KOREA,Central India,Chirimiri,Underground,PUBLIC,Contextual_Fuzzy,1.0,0.5232,Yes,Matched_Review
Production,Kurasia UG & Kurasia OC,SECL,Chhattisgarh,Kurasia UG,SECL,Chhattisgarh,KOREA,Central India,Chirimiri,Underground,PUBLIC,Possible,0.7576,0.2476,Yes,Matched_Review
Production,Kurja/Sheetaldhara,SECL,Madhya Pradesh,Kurja/Sheetaldhara/Kapildhara,SECL,Madhya Pradesh,SHAHDOL,Central India,Hasdeo,Underground,PUBLIC,Possible,0.8084,0.3458,Yes,Matched_Review
Production,Kusmunda Project,SECL,Chhattisgarh,Kusmunda Project,SECL,Chhattisgarh,KORBA,Central India,Kusmunda,Opencast,PUBLIC,Contextual_Fuzzy,1.0,0.4529,Yes,Matched_Review
Production,Kuya,BCCL,Jharkhand,Kuya,BCCL,Jharkhand,DHANBAD,Jharia,Bastacolla,Opencast,PUBLIC,Contextual_Fuzzy,1.0,0.448,Yes,Matched_Review
Production,Laiyo,CCL,Jharkhand,Laiyo UGP,CCL,Jharkhand,RAMGARH,W.Bokaro,Hazaribagh,Underground,PUBLIC,Possible,0.74,0.2462,Yes,Matched_Review
Production,Lajkura OCP,MCL,Odisha,Lajkura OCP,MCL,Odisha,JHARSUGUDA,IB Valley,IB Valley,Opencast,PUBLIC,Contextual_Fuzzy,1.0,0.3267,Yes,Matched_Review
Production,Lajkura Ocm,MCL,Odisha,Lajkura OCP,MCL,Odisha,JHARSUGUDA,IB Valley,IB Valley,Opencast,PUBLIC,Possible,0.7752,0.2352,Yes,Matched_Review
Production,Lakhanpur OCP,MCL,Odisha,Lajkura OCP,MCL,Odisha,JHARSUGUDA,IB Valley,IB Valley,Opencast,PUBLIC,Possible,0.7083,0.0242,Yes,Matched_Review
Production,Lakhimata,ECL,Jharkhand,Lakhimata,ECL,Jharkhand,DHANBAD,Mugma/Salanpur,Mugma,Underground,PUBLIC,Contextual_Fuzzy,1.0,0.49,Yes,Matched_Review
Production,Laxman Project,SECL,Chhattisgarh,,,,,,,,,Unmatched,0.58,0.0509,Yes,Unmatched
Production,Lingaraj OCP,MCL,Odisha,Lingaraj OCP,MCL,Odisha,Angul,Talcher,Lingaraj,Opencast,PUBLIC,Contextual_Fuzzy,1.0,0.3145,Yes,Matched_Review
Production,Lower Kenda Colliery,ECL,West Bengal,Lower Kenda Colliery,ECL,West Bengal,Bardhaman,Raniganj,Kenda,Underground,PUBLIC,Contextual_Fuzzy,1.0,0.3127,Yes,Matched_Review
Production,Loyabad,BCCL,Jharkhand,,,,,,,,,Unmatched,0.4575,0.0,Yes,Unmatched
Production,MKD-III OC MINE,WCL,Maharashtra,Makardhokra-III OC MINE,WCL,Maharashtra,NAGPUR,Umrer,Umrer,Opencast,PUBLIC,Possible,0.7996,0.1076,Yes,Matched_Review
Production,Madhabpur & Madhabpur OC (H),ECL,West Bengal,,,,,,,,,Unmatched,0.5567,0.0114,Yes,Unmatched
Production,Madhabpur UG & Madhabpur OC,ECL,West Bengal,,,,,,,,,Unmatched,0.5516,0.0205,Yes,Unmatched
Production,Madhaipur Colliery,ECL,Jharkhand,Madhaipur,ECL,West Bengal,Bardhaman,Raniganj,Kajora,Mixed,PUBLIC,Contextual_Fuzzy,0.906,0.245,Yes,Matched_Review
Production,Madhaipur UG/Madhaipur OC,ECL,West Bengal,,,,,,,,,Unmatched,0.622,0.0063,Yes,Unmatched
Production,Madhuban,BCCL,Jharkhand,,,,,,,,,Unmatched,0.4976,0.0176,Yes,Unmatched
Production,Madhusudanpur 7 Pit & Incline,ECL,West Bengal,Madhusudanpur 7 Pit & Incline,ECL,West Bengal,Bardhaman,Raniganj,Kajora,Underground,PUBLIC,Contextual_Fuzzy,1.0,0.464,Yes,Matched_Review
Production,Madhusudanpur 7 Pit Colliery,ECL,West Bengal,Madhusudanpur 7 Pit & Incline,ECL,West Bengal,Bardhaman,Raniganj,Kajora,Underground,PUBLIC,Possible,0.857,0.3032,Yes,Matched_Review
Production,Magadh OCP,CCL,Jharkhand,Magadh OCP,CCL,Jharkhand,CHATRA,N.K.Coalfields,Magadh,Opencast,PUBLIC,Contextual_Fuzzy,1.0,0.3394,Yes,Matched_Review
Production,Mahadeopuri,WCL,Madhya Pradesh,Mahadeopuri,WCL,Madhya Pradesh,CHHINDWARA,Pench & Kanhan,Pench,Underground,PUBLIC,Contextual_Fuzzy,1.0,0.4667,Yes,Matched_Review
Production,Mahakali Colliery,WCL,Maharashtra,Mahakali Colliery,WCL,Maharashtra,CHANDRAPUR,Wardha,Chandrapur,Underground,PUBLIC,Contextual_Fuzzy,1.0,0.4816,Yes,Matched_Review
Production,Mahamaya,SECL,Chhattisgarh,,,,,,,,,Unmatched,0.51,0.0162,Yes,Unmatched
Production,Mahan II,SECL,Chhattisgarh,,,,,,,,,Unmatched,0.524,0.014,Yes,Unmatched
Production,Mahan OC,SECL,Chhattisgarh,,,,,,,,,Unmatched,0.6558,0.0266,Yes,Unmatched
Production,Maheshpur,BCCL,Jharkhand,Maheshpur,BCCL,Jharkhand,DHANBAD,Jharia,Govindpur,Underground,PUBLIC,Contextual_Fuzzy,1.0,0.4667,Yes,Matched_Review
Production,Makardhokra-I,WCL,Maharashtra,,,,,,,,,Unmatched,0.6602,0.0008,Yes,Unmatched
Production,Makardhokra-I OC Expansion Mine,WCL,Maharashtra,Makardhokra-I OC Expansion Mine,WCL,Maharashtra,NAGPUR,Umrer,Umrer,Opencast,PUBLIC,Contextual_Fuzzy,1.0,0.2333,Yes,Matched_Review
Production,Makardhokra-III,WCL,Maharashtra,Makardhokra-III OC MINE,WCL,Maharashtra,NAGPUR,Umrer,Umrer,Opencast,PUBLIC,Possible,0.7716,0.151,Yes,Matched_Review
Production,Makardhokra-III OC MINE,WCL,Maharashtra,Makardhokra-III OC MINE,WCL,Maharashtra,NAGPUR,Umrer,Umrer,Opencast,PUBLIC,Contextual_Fuzzy,1.0,0.2333,Yes,Matched_Review
Production,Malga,SECL,Madhya Pradesh,,,,,,,,,Unmatched,0.5291,0.0191,Yes,Unmatched
Production,Mandarboni,ECL,West Bengal,Mandarboni,ECL,West Bengal,Bardhaman,Raniganj,Pandaveswar,Underground,PUBLIC,Contextual_Fuzzy,1.0,0.4667,Yes,Matched_Review
Production,Mandarboni & South Samla,ECL,West Bengal,Mandarboni,ECL,West Bengal,Bardhaman,Raniganj,Pandaveswar,Underground,PUBLIC,Possible,0.7631,0.1231,Yes,Matched_Review
Production,Manikpur,SECL,Chhattisgarh,Manikpur,SECL,Chhattisgarh,KORBA,Central India,Korba,Opencast,PUBLIC,Contextual_Fuzzy,1.0,0.4789,Yes,Matched_Review
Production,Manki/Churi,CCL,Jharkhand,Manki/Churi,CCL,Jharkhand,RANCHI,N.K.Coalfields,North Karanpura,Underground,PUBLIC,Contextual_Fuzzy,1.0,0.5133,Yes,Matched_Review
Production,Manna Incline,WCL,Maharashtra,Manna Incline,WCL,Maharashtra,CHANDRAPUR,Wardha,Chandrapur,Underground,PUBLIC,Contextual_Fuzzy,1.0,0.288,Yes,Matched_Review
Production,Manoharpur Coal Mine,OCPL,Odisha,Manoharpur Coal Mine,OCPL,Odisha,SUNDARGARH,IB Valley,Sundargarh,Opencast,PUBLIC,Contextual_Fuzzy,1.0,0.5667,Yes,Matched_Review
Production,Manuguru Opencast,SCCL,Telangana,Manuguru Opencast,SCCL,Telangana,KHAMMAM,Godavari Valley,Manuguru,Opencast,PUBLIC,Contextual_Fuzzy,1.0,0.5024,Yes,Matched_Review
Production,Manuguru' Opencast,SCCL,Telangana,Manuguru Opencast,SCCL,Telangana,KHAMMAM,Godavari Valley,Manuguru,Opencast,PUBLIC,Contextual_Fuzzy,1.0,0.5024,Yes,Matched_Review
Production,Marki Mangli - I Coal Mine,TUML,Maharashtra,Marki Mangli - I Coal Mine,TUML,Maharashtra,YAVATMAL,Wardha Valley,Marki Mangli-1 Coal Mine,Opencast,PRIVATE,Contextual_Fuzzy,1.0,0.398,Yes,Matched_Review
Production,Marki Mangli - I Coal Mine of,TUML,Maharashtra,Marki Mangli - I Coal Mine,TUML,Maharashtra,YAVATMAL,Wardha Valley,Marki Mangli-1 Coal Mine,Opencast,PRIVATE,Contextual_Fuzzy,0.9133,0.3584,Yes,Matched_Review
Production,Marki Mangli -III,BSIL,Maharashtra,Marki Mangli III,BSIL,Maharashtra,YAVATMAL,Warda Valley,Marki Mangli -III,Opencast,PRIVATE,Contextual_Fuzzy,1.0,0.398,Yes,Matched_Review
Production,Marki Mangli III,BSIL,Maharashtra,Marki Mangli III,BSIL,Maharashtra,YAVATMAL,Warda Valley,Marki Mangli -III,Opencast,PRIVATE,Contextual_Fuzzy,1.0,0.398,Yes,Matched_Review
Production,Mathani,WCL,Madhya Pradesh,Mathani,WCL,Madhya Pradesh,CHHINDWARA,Pench & Kanhan,Pench,Underground,PUBLIC,Contextual_Fuzzy,1.0,0.4415,Yes,Matched_Review
Production,"Medpalli OCP,",SCCL,Telangana,,,,,,,,,Unmatched,0.58,0.0555,Yes,Unmatched
Production,Meera,SECL,Madhya Pradesh,Meera,SECL,Madhya Pradesh,SHAHDOL,Central India,Jamuna & Kotma,Underground,PUBLIC,Contextual_Fuzzy,1.0,0.4548,Yes,Matched_Review
Production,Methani Colliery,ECL,West Bengal,Methani Colliery,ECL,West Bengal,Bardhaman,Raniganj,Sodepur,Underground,PUBLIC,Contextual_Fuzzy,1.0,0.476,Yes,Matched_Review
Production,Metica Coal Mine,JKML,J & K,Metica Coal Mine,JKML,Jammu & Kashmir,Rajouri,Kalakota,Kalakota,Underground,PUBLIC,Contextual_Fuzzy,0.9225,0.4038,Yes,Matched_Review
Production,Moghla Coal Mine,JKML,J & K,New Moghla Coal Mine,JKML,Jammu & Kashmir,Rajouri,Kalakota,Kalakota,Underground,PUBLIC,Possible,0.7646,0.1814,Yes,Matched_Review
Production,Mohan (Mohan OC + Mouri UG),WCL,Madhya Pradesh,Mohan (Mohan UG),WCL,Madhya Pradesh,CHHINDWARA,Pench & Kanhan,Kanhan,Mixed,PUBLIC,Possible,0.7578,0.2443,Yes,Matched_Review
Production,Mohan (Mohan OC),WCL,Madhya Pradesh,Mohan (Mohan UG),WCL,Madhya Pradesh,CHHINDWARA,Pench & Kanhan,Kanhan,Mixed,PUBLIC,Possible,0.7533,0.1766,Yes,Matched_Review
Production,Mohan (Mohan UG),WCL,Madhya Pradesh,Mohan (Mohan UG),WCL,Madhya Pradesh,CHHINDWARA,Pench & Kanhan,Kanhan,Mixed,PUBLIC,Contextual_Fuzzy,1.0,0.3875,Yes,Matched_Review
Production,Mohanpur (Expn),ECL,West Bengal,Mohanpur (Expn),ECL,West Bengal,Bardhaman,Mugma/Salanpur,Salanpur,Opencast,PUBLIC,Contextual_Fuzzy,1.0,0.46,Yes,Matched_Review
Production,Moher & Moher Amlohri Ext.,SPL,Madhya Pradesh,,,,,,,,,Unmatched,0.6853,0.0714,Yes,Unmatched
Production,Moher & Moher Amlohri Ext. OCP,SPL,Madhya Pradesh,,,,,,,,,Unmatched,0.6251,0.0714,Yes,Unmatched
Production,Moher & Moher Amlohri OCP,SPL,Madhya Pradesh,,,,,,,,,Unmatched,0.6317,0.0714,Yes,Unmatched
Production,Moonidih,BCCL,Jharkhand,Moonidih,BCCL,Jharkhand,DHANBAD,Jharia,West Jharia,Underground,PUBLIC,Contextual_Fuzzy,1.0,0.42,Yes,Matched_Review
Production,Mudidih,BCCL,Jharkhand,Mudidih,BCCL,Jharkhand,DHANBAD,Jharia,Sijua,Opencast,PUBLIC,Contextual_Fuzzy,1.0,0.42,Yes,Matched_Review
Production,Mungoli Nirguda Extn Deep,WCL,Maharashtra,,,,,,,,,Unmatched,0.548,0.0023,Yes,Unmatched
Production,Mungoli OCM,WCL,Maharashtra,Mungoli OCM,WCL,Maharashtra,YAVATMAL,Wardha,Wani,Opencast,PUBLIC,Contextual_Fuzzy,1.0,0.3394,Yes,Matched_Review
Production,Muraidih OCP,BCCL,Jharkhand,,,,,,,,,Unmatched,0.6016,0.0255,Yes,Unmatched
Production,Murpar,WCL,Maharashtra,,,,,,,,,Unmatched,0.4575,0.0,Yes,Unmatched
Production,Murpar UG,WCL,Maharashtra,,,,,,,,,Unmatched,0.6404,0.0753,Yes,Unmatched
Production,N.C.P.H. Colliery (NEW),SECL,Chhattisgarh,N.C.P.H. Colliery (NEW),SECL,Chhattisgarh,KOREA,Central India,Chirimiri,Underground,PUBLIC,Contextual_Fuzzy,1.0,0.574,Yes,Matched_Review
Production,N.C.P.H. Colliery OLD,SECL,Chhattisgarh,N.C.P.H. Colliery (NEW),SECL,Chhattisgarh,KOREA,Central India,Chirimiri,Underground,PUBLIC,Possible,0.7921,0.3153,Yes,Matched_Review
Production,NAKC,BCCL,Jharkhand,NAKC,BCCL,Jharkhand,DHANBAD,Jharia,Govindpur,Mixed,PUBLIC,Contextual_Fuzzy,1.0,0.42,Yes,Matched_Review
Production,NEW SWANG COLLY.,CCL,Jharkhand,,,,,,,,,Unmatched,0.58,0.0029,Yes,Unmatched
Production,NTST-Jeenagora,BCCL,Jharkhand,NTST-Jeenagora,BCCL,Jharkhand,DHANBAD,Jharia,Lodna,Opencast,PUBLIC,Contextual_Fuzzy,1.0,0.4972,Yes,Matched_Review
Production,Naba Kajora Colliery,ECL,West Bengal,,,,,,,,,Unmatched,0.6988,0.0031,Yes,Unmatched
Production,Nabakajora Colliery,ECL,West Bengal,Nabakajora Colliery,ECL,Jharkhand,RAMGARH,Raniganj,Kajora,Underground,PUBLIC,Contextual_Fuzzy,0.906,0.326,Yes,Matched_Review
Production,Naigaon OCM,WCL,Maharashtra,Naigaon OCM,WCL,Maharashtra,YAVATMAL,Wardha,Wani,Opencast,PUBLIC,Contextual_Fuzzy,1.0,0.2917,Yes,Matched_Review
Production,Nakrakonda -Kumardihi 'B' UG,ECL,West Bengal,Nakrakonda -Kumardihi 'B' UG,ECL,West Bengal,Bardhaman,Raniganj,Bankola,Mixed,PUBLIC,Contextual_Fuzzy,1.0,0.4107,Yes,Matched_Review
Production,Nakrakonda-Kumardihi-B,ECL,West Bengal,Nakrakonda -Kumardihi 'B' UG,ECL,West Bengal,Bardhaman,Raniganj,Bankola,Mixed,PUBLIC,Contextual_Fuzzy,0.9032,0.2786,Yes,Matched_Review
Production,Nandan-2 UG Mine,WCL,Madhya Pradesh,,,,,,,,,Unmatched,0.5912,0.0336,Yes,Unmatched
Production,Nandgaon Incline,WCL,Maharashtra,Nandgaon Incline,WCL,Maharashtra,CHANDRAPUR,Wardha,Chandrapur,Underground,PUBLIC,Contextual_Fuzzy,1.0,0.317,Yes,Matched_Review
Production,Nandira Colliery,MCL,Odisha,Nandira Colliery,MCL,Odisha,Angul,Talcher,Talcher (UG),Underground,PUBLIC,Contextual_Fuzzy,1.0,0.5024,Yes,Matched_Review
Production,Nangaon Incline,WCL,Maharashtra,Nandgaon Incline,WCL,Maharashtra,CHANDRAPUR,Wardha,Chandrapur,Underground,PUBLIC,Possible,0.7998,0.1065,Yes,Matched_Review
Production,Narsamuda Colliery,ECL,West Bengal,Narsamuda Colliery,ECL,West Bengal,Bardhaman,Raniganj,Sodepur,Underground,PUBLIC,Contextual_Fuzzy,1.0,0.46,Yes,Matched_Review
Production,Navapara,SECL,Chhattisgarh,Navapara,SECL,Chhattisgarh,SURGUJA,Central India,Bhatgaon,Underground,PUBLIC,Contextual_Fuzzy,1.0,0.3733,Yes,Matched_Review
Production,Navgaon,SECL,Madhya Pradesh,,,,,,,,,Unmatched,0.5333,0.001,Yes,Unmatched
Production,Navin Kunada OC (A),WCL,Maharashtra,,,,,,,,,Unmatched,0.566,0.028,Yes,Unmatched
Production,Neelijay OCM,WCL,Maharashtra,Neelijay OCM,WCL,Maharashtra,YAVATMAL,Wardha,Wani,Opencast,PUBLIC,Contextual_Fuzzy,1.0,0.351,Yes,Matched_Review
Production,Nehariya,WCL,Madhya Pradesh,Nehariya,WCL,Madhya Pradesh,CHHINDWARA,Pench & Kanhan,Pench,Underground,PUBLIC,Contextual_Fuzzy,1.0,0.5024,Yes,Matched_Review
Production,New Amlai,SECL,Madhya Pradesh,,,,,,,,,Unmatched,0.6404,0.1465,Yes,Unmatched
Production,New Godhur-Kusunda-Alkusa,BCCL,Jharkhand,New Godhur-Kusunda-Alkusa,BCCL,Jharkhand,DHANBAD,Jharia,Kusunda,Opencast,PUBLIC,Contextual_Fuzzy,1.0,0.4342,Yes,Matched_Review
Production,New Kenda,ECL,West Bengal,New Kenda Colliery,ECL,West Bengal,Bardhaman,Raniganj,Kenda,Opencast,PUBLIC,Contextual_Fuzzy,1.0,0.3127,Yes,Matched_Review
Production,New Kenda Colliery,ECL,West Bengal,New Kenda Colliery,ECL,West Bengal,Bardhaman,Raniganj,Kenda,Opencast,PUBLIC,Contextual_Fuzzy,1.0,0.3127,Yes,Matched_Review
Production,New Majri - I(A) & II Extn. (A) OC,WCL,Maharashtra,New Majri - I(A) & II Extn. (A) OC,WCL,Maharashtra,CHANDRAPUR,Wardha,Majri,Opencast,PUBLIC,Contextual_Fuzzy,1.0,0.3417,Yes,Matched_Review
Production,New Majri -II A OC,WCL,Maharashtra,New Majri - I(A) & II Extn. (A) OC,WCL,Maharashtra,CHANDRAPUR,Wardha,Majri,Opencast,PUBLIC,Possible,0.8321,0.1331,Yes,Matched_Review
Production,New Majri Collery No.3,WCL,Maharashtra,,,,,,,,,Unmatched,0.6049,0.0564,Yes,Unmatched
Production,New Majri UG to OC,WCL,Maharashtra,New Majri UG to OC Expn.,WCL,Maharashtra,CHANDRAPUR,Wardha,Majri,Opencast,PUBLIC,Contextual_Fuzzy,0.9021,0.1996,Yes,Matched_Review
Production,New Majri UG to OC Expn.,WCL,Maharashtra,New Majri UG to OC Expn.,WCL,Maharashtra,CHANDRAPUR,Wardha,Majri,Opencast,PUBLIC,Contextual_Fuzzy,1.0,0.353,Yes,Matched_Review
Production,New Moghla Coal Mine,JKML,J & K,New Moghla Coal Mine,JKML,Jammu & Kashmir,Rajouri,Kalakota,Kalakota,Underground,PUBLIC,Contextual_Fuzzy,0.9225,0.4038,Yes,Matched_Review
Production,"New Select Dhori,",CCL,Jharkhand,,,,,,,,,Unmatched,0.5008,0.0142,Yes,Unmatched
Production,New Sethia,WCL,Madhya Pradesh,New Sethia,WCL,Madhya Pradesh,CHHINDWARA,Pench & Kanhan,Pench,Opencast,PUBLIC,Contextual_Fuzzy,1.0,0.4667,Yes,Matched_Review
Production,Nichitpur,BCCL,Jharkhand,Nichitpur,BCCL,Jharkhand,DHANBAD,Jharia,Sijua,Opencast,PUBLIC,Contextual_Fuzzy,1.0,0.5133,Yes,Matched_Review
Production,Nigahi Project,NCL,Madhya Pradesh,Nigahi Project,NCL,Madhya Pradesh,SINGRAULI,Singrauli,Nigahi,Opencast,PUBLIC,Contextual_Fuzzy,1.0,0.5604,Yes,Matched_Review
Production,Niljai Expansion Deep,WCL,Maharashtra,,,,,,,,,Unmatched,0.55,0.0174,Yes,Unmatched
Production,Nimcha Colliery & Nimcha OC(Amkola)(H),ECL,West Bengal,"Nimcha Colliery , Nimcha OC (Amkola) & Nimcha Highwall",ECL,West Bengal,Bardhaman,Raniganj,Satgram,Mixed,PUBLIC,Possible,0.7961,0.2505,Yes,Matched_Review
Production,"Nimcha Colliery , Nimcha OC (Amkola) & Nimcha Highwall",ECL,West Bengal,"Nimcha Colliery , Nimcha OC (Amkola) & Nimcha Highwall",ECL,West Bengal,Bardhaman,Raniganj,Satgram,Mixed,PUBLIC,Contextual_Fuzzy,1.0,0.5006,Yes,Matched_Review
Production,Ningah Colliery,ECL,West Bengal,Ningah Colliery,ECL,West Bengal,Bardhaman,Raniganj,Sripur,Underground,PUBLIC,Contextual_Fuzzy,1.0,0.4789,Yes,Matched_Review
Production,Ningha (SSI) OC,ECL,West Bengal,Ningha (SSI) OC,ECL,West Bengal,Bardhaman,Raniganj,Sripur,Opencast,PUBLIC,Contextual_Fuzzy,1.0,0.42,Yes,Matched_Review
Production,Nirsha,ECL,Jharkhand,Nirsha,ECL,Jharkhand,DHANBAD,Mugma/Salanpur,Mugma,Opencast,PUBLIC,Contextual_Fuzzy,1.0,0.532,Yes,Matched_Review
Production,Noonodih Jitpur Colliery,IISCO,Jharkhand,,,,,,,,,Unmatched,0.68,0.2733,Yes,Unmatched
Production,North Chirimiri,SECL,Chhattisgarh,Chirimiri,SECL,Chhattisgarh,KOREA,Central India,Chirimiri,Opencast,PUBLIC,Possible,0.755,0.245,Yes,Matched_Review
Production,North Jhagrakhand,SECL,Chhattisgarh,West Jhagrakhand,SECL,Chhattisgarh,KOREA,Central India,Hasdeo,Underground,PUBLIC,Possible,0.7242,0.2562,Yes,Matched_Review
Production,North Searsole OC Colliery,ECL,West Bengal,North Searsole OC Colliery,ECL,West Bengal,Bardhaman,Raniganj,Kunustoria,Opencast,PUBLIC,Contextual_Fuzzy,1.0,0.35,Yes,Matched_Review
Production,North Urimari/Birsa-OC,CCL,Jharkhand,North Urimari/Birsa-OC,CCL,Jharkhand,HAZARIBAGH,S.K.Coalfields,Barka-Sayal,Opencast,PUBLIC,Contextual_Fuzzy,1.0,0.4272,Yes,Matched_Review
Production,Nowrozabad (E),SECL,Madhya Pradesh,Nowrozabad (W),SECL,Madhya Pradesh,UMARIA,Central India,Johilla,Underground,PUBLIC,Possible,0.7783,0.2783,Yes,Matched_Review
Production,Nowrozabad (W),SECL,Madhya Pradesh,Nowrozabad (W),SECL,Madhya Pradesh,UMARIA,Central India,Johilla,Underground,PUBLIC,Contextual_Fuzzy,1.0,0.5,Yes,Matched_Review
Production,Orient Colliery 1 & 2,MCL,Odisha,Orient Mine No. 1 & 2,MCL,Odisha,JHARSUGUDA,IB Valley,Orient,Underground,PUBLIC,Possible,0.768,0.2994,Yes,Matched_Review
Production,Orient Mine No. 1 & 2,MCL,Odisha,Orient Mine No. 1 & 2,MCL,Odisha,JHARSUGUDA,IB Valley,Orient,Underground,PUBLIC,Contextual_Fuzzy,1.0,0.5092,Yes,Matched_Review
Production,P.B.Project,BCCL,Jharkhand,,,,,,,,,Unmatched,0.4719,0.0319,Yes,Unmatched
Production,PALI,SECL,Madhya Pradesh,Pali,SECL,Madhya Pradesh,UMARIA,Central India,Johilla,Underground,PUBLIC,Contextual_Fuzzy,1.0,0.4709,Yes,Matched_Review
Production,"PVK-5 Incline,",SCCL,Telangana,,,,,,,,,Unmatched,0.6844,0.0227,Yes,Unmatched
Production,Pacchwara North Coal Mine,WBPDCL,Jharkhand,Pacchwara North Coal Mine,WBPDCL,Jharkhand,PAKUR,Rajmahal Area,Pacchwara,Opencast,PUBLIC,Contextual_Fuzzy,1.0,0.3445,Yes,Matched_Review
Production,Pachhwara Central Coal Mine,PSPCL,Jharkhand,Pachhwara Central Coal Mine,PSPCL,Jharkhand,PAKUR,Rajmahal,Amrapara-Maheshpur,Opencast,PUBLIC,Contextual_Fuzzy,1.0,0.4585,Yes,Matched_Review
Production,Padampur OC,WCL,Maharashtra,Padampur OC,WCL,Maharashtra,CHANDRAPUR,Wardha,Chandrapur,Opencast,PUBLIC,Contextual_Fuzzy,1.0,0.3776,Yes,Matched_Review
Production,Padmavathi Khani No.5 Incline,SCCL,Telangana,Padmavathi Khani No.5 Incline,SCCL,Telangana,KHAMMAM,Godavari Valley,Kothagudem,Underground,PUBLIC,Contextual_Fuzzy,1.0,0.243,Yes,Matched_Review
Production,Pakri Barwadih,NTPC,Jharkhand,Pakri Barwadih,NTPC,Jharkhand,HAZARIBAGH,North Karanpura,Hazaribagh,Opencast,PUBLIC,Contextual_Fuzzy,1.0,0.508,Yes,Matched_Review
Production,Pali,SECL,Madhya Pradesh,Pali,SECL,Madhya Pradesh,UMARIA,Central India,Johilla,Underground,PUBLIC,Contextual_Fuzzy,1.0,0.4709,Yes,Matched_Review
Production,Palkimara,SECL,Chhattisgarh,,,,,,,,,Unmatched,0.54,0.0067,Yes,Unmatched
Production,Pandaveswar UG,ECL,West Bengal,Pandaveswar UG,ECL,West Bengal,Bardhaman,Raniganj,Pandaveswar,Underground,PUBLIC,Contextual_Fuzzy,1.0,0.4241,Yes,Matched_Review
Production,Pandavpara Colliery,SECL,Chhattisgarh,Pandavpara Colliery,SECL,Chhattisgarh,KOREA,Central India,Baikunthpur,Underground,PUBLIC,Contextual_Fuzzy,1.0,0.3733,Yes,Matched_Review
Production,Paoni II OCM,WCL,Maharashtra,Paoni II OCM,WCL,Maharashtra,CHANDRAPUR,Wardha,Ballarpur,Opencast,PUBLIC,Contextual_Fuzzy,1.0,0.3743,Yes,Matched_Review
Production,Paoni OCM,WCL,Maharashtra,Paoni II OCM,WCL,Maharashtra,CHANDRAPUR,Wardha,Ballarpur,Opencast,PUBLIC,Possible,0.8467,0.1593,Yes,Matched_Review
Production,Parasea Colliery,ECL,West Bengal,Parasea Colliery,ECL,West Bengal,Bardhaman,Raniganj,Kunustoria,Underground,PUBLIC,Contextual_Fuzzy,1.0,0.448,Yes,Matched_Review
Production,Parbelia Colliery,ECL,West Bengal,Parbelia Colliery,ECL,West Bengal,PURULIA,Raniganj,Sodepur,Underground,PUBLIC,Contextual_Fuzzy,1.0,0.42,Yes,Matched_Review
Production,Parej East OCP,CCL,Jharkhand,Parej East OCP,CCL,Jharkhand,RAMGARH,W.Bokaro,Hazaribagh,Opencast,PUBLIC,Contextual_Fuzzy,1.0,0.3903,Yes,Matched_Review
Production,Parsa East and Kanta Basan,RRVUNL,Chhattisgarh,Parsa East and Kanta Basan OCM,RRVUNL,Chhattisgarh,SURGUJA,Hasdo-Arand,Parsa East and Kanta,Opencast,PUBLIC,Contextual_Fuzzy,0.9233,0.6505,Yes,Matched_Review
Production,Parsa East and Kanta Basan OCM,RRVUNL,Chhattisgarh,Parsa East and Kanta Basan OCM,RRVUNL,Chhattisgarh,SURGUJA,Hasdo-Arand,Parsa East and Kanta,Opencast,PUBLIC,Contextual_Fuzzy,1.0,0.7112,Yes,Matched_Review
Production,Patansaongi Colliery,WCL,Maharashtra,Patansaongi Colliery,WCL,Maharashtra,NAGPUR,Kamptee/Silewara,Nagpur,Underground,PUBLIC,Contextual_Fuzzy,1.0,0.5,Yes,Matched_Review
Production,Patmohana Colliery,ECL,West Bengal,Patmohana Colliery,ECL,West Bengal,Bardhaman,Raniganj,Sodepur,Underground,PUBLIC,Contextual_Fuzzy,1.0,0.49,Yes,Matched_Review
Production,Pawan Incline,SECL,Chhattisgarh,,,,,,,,,Unmatched,0.5118,0.006,Yes,Unmatched
Production,Penganga OC,WCL,Maharashtra,Penganga OC,WCL,Maharashtra,CHANDRAPUR,Wardha,Wani,Opencast,PUBLIC,Contextual_Fuzzy,1.0,0.3667,Yes,Matched_Review
Production,Phularitand,BCCL,Jharkhand,,,,,,,,,Unmatched,0.5291,0.0191,Yes,Unmatched
Production,"Pimpalgaon,",WCL,Maharashtra,"Pimpalgaon,",WCL,Maharashtra,YAVATMAL,Wardha Valley,Wani North,Opencast,PUBLIC,Contextual_Fuzzy,1.0,0.49,Yes,Matched_Review
Production,Pindra Colliery,CCL,Jharkhand,Pindra Colliery,CCL,Jharkhand,RAMGARH,W.Bokaro,Kuju,Opencast,PUBLIC,Contextual_Fuzzy,1.0,0.4709,Yes,Matched_Review
Production,Pinoura,SECL,Madhya Pradesh,,,,,,,,,Unmatched,0.54,0.0462,Yes,Unmatched
Production,Piparia,SECL,Madhya Pradesh,Piparia,SECL,Madhya Pradesh,UMARIA,Central India,Johilla,Underground,PUBLIC,Contextual_Fuzzy,1.0,0.4415,Yes,Matched_Review
Production,Piparwar,CCL,Jharkhand,,,,,,,,,Unmatched,0.51,0.0162,Yes,Unmatched
Production,Porascol East Colliery,ECL,West Bengal,Porascol East Colliery,ECL,West Bengal,Bardhaman,Raniganj,Kajora,Underground,PUBLIC,Contextual_Fuzzy,1.0,0.219,Yes,Matched_Review
Production,Porascol West Colliery,ECL,West Bengal,Porascol West Colliery,ECL,West Bengal,Bardhaman,Raniganj,Kajora,Underground,PUBLIC,Contextual_Fuzzy,1.0,0.219,Yes,Matched_Review
Production,Prakasham Khani OC,SCCL,Telangana,Prakasham Khani OC,SCCL,Telangana,KHAMMAM,Godavari Valley,Manuguru,Opencast,PUBLIC,Contextual_Fuzzy,1.0,0.2545,Yes,Matched_Review
Production,Pundi,CCL,Jharkhand,Pundi,CCL,Jharkhand,RAMGARH,W.Bokaro,Kuju,Opencast,PUBLIC,Contextual_Fuzzy,1.0,0.3769,Yes,Matched_Review
Production,Pure Searsole Colliery,ECL,West Bengal,Pure Searsole Colliery,ECL,West Bengal,Bardhaman,Raniganj,Satgram,Underground,PUBLIC,Contextual_Fuzzy,1.0,0.35,Yes,Matched_Review
Production,Purnadih,CCL,Jharkhand,Purnadih,CCL,Jharkhand,RANCHI,N.K.Coalfields,North Karanpura,Opencast,PUBLIC,Contextual_Fuzzy,1.0,0.3769,Yes,Matched_Review
Production,ROCP/S. Jharia,BCCL,Jharkhand,ROCP/S. Jharia,BCCL,Jharkhand,DHANBAD,Jharia,Bastacolla,Opencast,PUBLIC,Contextual_Fuzzy,1.0,0.49,Yes,Matched_Review
Production,Rajendra,SECL,Madhya Pradesh,Rajendra,SECL,Madhya Pradesh,SHAHDOL,Central India,Sohagpur,Underground,PUBLIC,Contextual_Fuzzy,1.0,0.46,Yes,Matched_Review
Production,Rajgamar 4 & 5,SECL,Chhattisgarh,,,,,,,,,Unmatched,0.5,0.0174,Yes,Unmatched
Production,Rajgamar 6 & 7,SECL,Chhattisgarh,,,,,,,,,Unmatched,0.5,0.0174,Yes,Unmatched
Production,Rajgamar- 4&5,SECL,Chhattisgarh,,,,,,,,,Unmatched,0.5,0.0174,Yes,Unmatched
Production,Rajgamar- 6 & 7,SECL,Chhattisgarh,,,,,,,,,Unmatched,0.5,0.0174,Yes,Unmatched
Production,Rajhara,CCL,Jharkhand,Rajhara,CCL,Jharkhand,PALAMU,N.K.Coalfields,Rajhara,Opencast,PUBLIC,Contextual_Fuzzy,1.0,0.42,Yes,Matched_Review
Production,Rajmahal OCP,ECL,Jharkhand,Rajmahal OCP,ECL,Jharkhand,GODDA,Rajmahal,Rajmahal,Opencast,PUBLIC,Contextual_Fuzzy,1.0,0.4122,Yes,Matched_Review
Production,Rajnagar,SECL,Madhya Pradesh,Rajnagar RO,SECL,Madhya Pradesh,SHAHDOL,Central India,Hasdeo,Underground,PUBLIC,Possible,0.7937,0.2137,Yes,Matched_Review
Production,Rajnagar RO,SECL,Madhya Pradesh,Rajnagar RO,SECL,Madhya Pradesh,SHAHDOL,Central India,Hasdeo,Underground,PUBLIC,Contextual_Fuzzy,1.0,0.4602,Yes,Matched_Review
Production,Rajpura,ECL,Jharkhand,Rajpura,ECL,Jharkhand,DHANBAD,Mugma/Salanpur,Mugma,Opencast,PUBLIC,Contextual_Fuzzy,1.0,0.476,Yes,Matched_Review
Production,Rajrappa Project,CCL,Jharkhand,Rajrappa Project,CCL,Jharkhand,RAMGARH,Rajrappa,Rajrappa,Opencast,PUBLIC,Contextual_Fuzzy,1.0,0.42,Yes,Matched_Review
Production,Rajur UG,WCL,Maharashtra,Rajur UG,WCL,Maharashtra,YAVATMAL,Wardha Valley,Wani North,Underground,PUBLIC,Contextual_Fuzzy,1.0,0.4212,Yes,Matched_Review
Production,Rajur/Bhandewada Inc,WCL,Maharashtra,,,,,,,,,Unmatched,0.55,0.0464,Yes,Unmatched
Production,Ramagundam OC-I Extn. Ph-II,SCCL,Telangana,Ramagundam OC-I Extn. Ph-II,SCCL,Telangana,PEDDAPALLI,Godavari Valley,Ramagundam-III,Opencast,PUBLIC,Contextual_Fuzzy,1.0,0.315,Yes,Matched_Review
Production,Ramagundam OC-II Extn,SCCL,Telangana,Ramagundam OC-I Extn. Ph-II,SCCL,Telangana,PEDDAPALLI,Godavari Valley,Ramagundam-III,Opencast,PUBLIC,Possible,0.8441,0.1382,Yes,Matched_Review
Production,Ramagundam-OC 3 & OC III,SCCL,Telangana,Ramagundam-OC 3 & OC III,SCCL,Telangana,PEDDAPALLI,Godavari Valley,Ramagundam-II,Opencast,PUBLIC,Contextual_Fuzzy,1.0,0.315,Yes,Matched_Review
Production,Ramakrishnapur OC,SCCL,Telangana,Ramakrishnapur OC,SCCL,Telangana,MANCHERIAL,Godavari Valley,Mandamari,Opencast,PUBLIC,Contextual_Fuzzy,1.0,0.346,Yes,Matched_Review
Production,Ramnagar Colliery,IISCO,West Bengal,Ramnagar Colliery,IISCO,West Bengal,PASCHIM BARDHAMAN,Raniganj,Ramnagore,Opencast,PUBLIC,Possible,1.0,0.0,Yes,Matched_Review
Production,Rampur Batura,SECL,Madhya Pradesh,Rampur Batura,SECL,Madhya Pradesh,SHAHDOL,Central India,Sohagpur,Opencast,PUBLIC,Contextual_Fuzzy,1.0,0.525,Yes,Matched_Review
Production,Raniatari,SECL,Chhattisgarh,Raniatari,SECL,Chhattisgarh,KOREA,Central India,Chirimiri,Underground,PUBLIC,Contextual_Fuzzy,1.0,0.4375,Yes,Matched_Review
Production,Ravindra Khani-1A Incline,SCCL,Telangana,Ravindra Khani-5 Incline,SCCL,Telangana,MANCHERIAL,Godavari Valley,Srirampur,Underground,PUBLIC,Possible,0.8623,0.0,Yes,Matched_Review
Production,"Ravindra Khani-1A,",SCCL,Telangana,"Ravindra Khani-New Tech,",SCCL,Telangana,MANCHERIAL,Godavari Valley,Srirampur,Underground,PUBLIC,Possible,0.727,0.0077,Yes,Matched_Review
Production,Ravindra Khani-5 Incline,SCCL,Telangana,Ravindra Khani-5 Incline,SCCL,Telangana,MANCHERIAL,Godavari Valley,Srirampur,Underground,PUBLIC,Contextual_Fuzzy,1.0,0.1295,Yes,Matched_Review
Production,Ravindra Khani-6 Incline,SCCL,Telangana,Ravindra Khani-6 Incline,SCCL,Telangana,MANCHERIAL,Godavari Valley,Srirampur,Underground,PUBLIC,Contextual_Fuzzy,1.0,0.1295,Yes,Matched_Review
Production,"Ravindra Khani-7,Incline",SCCL,Telangana,"Ravindra Khani-7,Incline",SCCL,Telangana,MANCHERIAL,Godavari Valley,Srirampur,Underground,PUBLIC,Contextual_Fuzzy,1.0,0.1295,Yes,Matched_Review
Production,"Ravindra Khani-New Tech,",SCCL,Telangana,"Ravindra Khani-New Tech,",SCCL,Telangana,MANCHERIAL,Godavari Valley,Srirampur,Underground,PUBLIC,Contextual_Fuzzy,1.0,0.3028,Yes,Matched_Review
Production,Rehar,SECL,Chhattisgarh,Rehar,SECL,Chhattisgarh,SURGUJA,Central India,Bisrampur,Underground,PUBLIC,Contextual_Fuzzy,1.0,0.476,Yes,Matched_Review
Production,Religara,CCL,Jharkhand,Religara,CCL,Jharkhand,HAZARIBAGH,S.K.Coalfields,Argada,Opencast,PUBLIC,Contextual_Fuzzy,1.0,0.476,Yes,Matched_Review
Production,Rohini,CCL,Jharkhand,Rohini,CCL,Jharkhand,RANCHI,N.K.Coalfields,North Karanpura,Opencast,PUBLIC,Contextual_Fuzzy,1.0,0.5062,Yes,Matched_Review
Production,SD OC Mine,CCL,Jharkhand,SD OC Mine,CCL,Jharkhand,BOKARO,E. Bokaro,Dhori Area,Opencast,PUBLIC,Contextual_Fuzzy,1.0,0.378,Yes,Matched_Review
Production,Salanpur,BCCL,Jharkhand,,,,,,,,,Unmatched,0.4976,0.0,Yes,Unmatched
Production,Samleswari OCP,MCL,Odisha,Samleswari OCP,MCL,Odisha,JHARSUGUDA,IB Valley,IB Valley,Opencast,PUBLIC,Contextual_Fuzzy,1.0,0.2987,Yes,Matched_Review
Production,Sankarpur Colliery,ECL,West Bengal,Sankarpur Colliery,ECL,West Bengal,Bardhaman,Raniganj,Bankola,Underground,PUBLIC,Contextual_Fuzzy,1.0,0.42,Yes,Matched_Review
Production,Saoner Mine - II,WCL,Maharashtra,Saoner Mine - II,WCL,Maharashtra,NAGPUR,Kamptee/Silewara,Nagpur,Underground,PUBLIC,Contextual_Fuzzy,1.0,0.1545,Yes,Matched_Review
Production,Saoner Mine - III,WCL,Maharashtra,Saoner Mine - III,WCL,Maharashtra,NAGPUR,Kamptee/Silewara,Nagpur,Underground,PUBLIC,Contextual_Fuzzy,1.0,0.1545,Yes,Matched_Review
Production,Saoner Mine-I,WCL,Maharashtra,Saoner Mine-I,WCL,Maharashtra,NAGPUR,Kamptee/Silewara,Nagpur,Underground,PUBLIC,Contextual_Fuzzy,1.0,0.1556,Yes,Matched_Review
Production,Saraipali,SECL,Chhattisgarh,Saraipali,SECL,Chhattisgarh,KORBA,Central India,Korba,Underground,PUBLIC,Contextual_Fuzzy,1.0,0.4375,Yes,Matched_Review
Production,Sarisatolli Coal Mine,CESC,West Bengal,Sarisatolli Coal Mine,CESC,West Bengal,PASCHIM BARDHAMAN,Raniganj,Sarisatolli,Opencast,PRIVATE,Contextual_Fuzzy,1.0,0.5629,Yes,Matched_Review
Production,Sarni Mine,WCL,Madhya Pradesh,Sarni Mine,WCL,Madhya Pradesh,BETUL,Pathakhera,Pathakhera,Underground,PUBLIC,Contextual_Fuzzy,1.0,0.3414,Yes,Matched_Review
Production,Sarubera Colliery,CCL,Jharkhand,Sarubera,CCL,Jharkhand,RAMGARH,W.Bokaro,Kuju,Underground,PUBLIC,Contextual_Fuzzy,1.0,0.3899,Yes,Matched_Review
Production,Sasti Colliery,WCL,Maharashtra,,,,,,,,,Unmatched,0.6144,0.0301,Yes,Unmatched
Production,Sasti Expn. OCM,WCL,Maharashtra,Sasti Expn. OCM,WCL,Maharashtra,CHANDRAPUR,Wardha,Ballarpur,Opencast,PUBLIC,Contextual_Fuzzy,1.0,0.3948,Yes,Matched_Review
Production,Sasti OCM,WCL,Maharashtra,Sasti Expn. OCM,WCL,Maharashtra,CHANDRAPUR,Wardha,Ballarpur,Opencast,PUBLIC,Possible,0.8154,0.17,Yes,Matched_Review
Production,Satgram Incline,ECL,West Bengal,Satgram Incline,ECL,West Bengal,Bardhaman,Raniganj,Satgram,Underground,PUBLIC,Contextual_Fuzzy,1.0,0.2927,Yes,Matched_Review
Production,Satgram Project,ECL,West Bengal,Satgram Project,ECL,West Bengal,Bardhaman,Raniganj,Satgram,Underground,PUBLIC,Contextual_Fuzzy,1.0,0.2927,Yes,Matched_Review
Production,Saunda (Ncdc),CCL,Jharkhand,Saunda (Ncdc),CCL,Jharkhand,RAMGARH,S.K.Coalfields,Barka-Sayal,Underground,PUBLIC,Contextual_Fuzzy,1.0,0.4051,Yes,Matched_Review
Production,Saunda-D,CCL,Jharkhand,Saunda (Ncdc),CCL,Jharkhand,RAMGARH,S.K.Coalfields,Barka-Sayal,Underground,PUBLIC,Possible,0.747,0.0737,Yes,Matched_Review
Production,Sawang Colliery,CCL,Jharkhand,,,,,,,,,Unmatched,0.4976,0.0038,Yes,Unmatched
Production,Sayal `D',CCL,Jharkhand,Sayal `D',CCL,Jharkhand,RAMGARH,S.K.Coalfields,Barka-Sayal,Opencast,PUBLIC,Contextual_Fuzzy,1.0,0.4667,Yes,Matched_Review
Production,Sel.Dhori OC(Q.N.1),CCL,Jharkhand,,,,,,,,,Unmatched,0.545,0.0203,Yes,Unmatched
Production,"Sel.Dhori OC(SDQ-1, OC)",CCL,Jharkhand,,,,,,,,,Unmatched,0.5129,0.0096,Yes,Unmatched
Production,Sendra Bansjora,BCCL,Jharkhand,Sendra Bansjora,BCCL,Jharkhand,DHANBAD,Jharia,Sijua,Opencast,PUBLIC,Contextual_Fuzzy,1.0,0.455,Yes,Matched_Review
Production,Shampur A,ECL,Jharkhand,Shampur B,ECL,Jharkhand,DHANBAD,Mugma/Salanpur,Mugma,Underground,PUBLIC,Possible,0.7667,0.2042,Yes,Matched_Review
Production,Shampur B,ECL,Jharkhand,Shampur B,ECL,Jharkhand,DHANBAD,Mugma/Salanpur,Mugma,Underground,PUBLIC,Contextual_Fuzzy,1.0,0.49,Yes,Matched_Review
Production,Shanthi Khani,SCCL,Telangana,Shanthi Khani,SCCL,Telangana,MANCHERIAL,Godavari Valley,Mandamari,Underground,PUBLIC,Contextual_Fuzzy,1.0,0.3861,Yes,Matched_Review
Production,"Shanthi Khani,",SCCL,Telangana,Shanthi Khani,SCCL,Telangana,MANCHERIAL,Godavari Valley,Mandamari,Underground,PUBLIC,Contextual_Fuzzy,1.0,0.3861,Yes,Matched_Review
Production,Sharda,SECL,Madhya Pradesh,,,,,,,,,Unmatched,0.68,0.0354,Yes,Unmatched
Production,Sharda Highwall,SECL,Madhya Pradesh,Sharda Highwall,SECL,Madhya Pradesh,SHAHDOL,Central India,Sohagpur,Underground,PUBLIC,Contextual_Fuzzy,1.0,0.4581,Yes,Matched_Review
Production,Sharda UG,WCL,Madhya Pradesh,Sharda UG,WCL,Madhya Pradesh,CHHINDWARA,Pench & Kanhan,Kanhan,Underground,PUBLIC,Contextual_Fuzzy,1.0,0.3875,Yes,Matched_Review
Production,Shivani,SECL,Chhattisgarh,Shivani,SECL,Chhattisgarh,SURGUJA,Central India,Bhatgaon,Underground,PUBLIC,Contextual_Fuzzy,1.0,0.49,Yes,Matched_Review
Production,Shivpuri,WCL,Madhya Pradesh,,,,,,,,,Unmatched,0.54,0.0189,Yes,Unmatched
Production,Shobhapur Mine,WCL,Madhya Pradesh,,,,,,,,,Unmatched,0.6733,0.0609,Yes,Unmatched
Production,Shyam Sundarpur Colliery,ECL,West Bengal,Shyam Sundarpur Colliery,ECL,West Bengal,Bardhaman,Raniganj,Bankola,Underground,PUBLIC,Contextual_Fuzzy,1.0,0.42,Yes,Matched_Review
Production,Sial Ghogri Coal Mine,RCCPL,Madhya Pradesh,Sial Ghogri Coal Mine,RCCPL,Madhya Pradesh,CHHINDWARA,Pench- Kanhan,Sial Ghogri,Underground,PRIVATE,Contextual_Fuzzy,1.0,0.4792,Yes,Matched_Review
Production,Siarmal OCP,MCL,Odisha,Siarmal OCP,MCL,Odisha,SUNDARGARH,IB Valley,Mahalaxmi,Opencast,PUBLIC,Contextual_Fuzzy,1.0,0.3145,Yes,Matched_Review
Production,Siduli Colliery,ECL,West Bengal,Siduli Colliery,ECL,West Bengal,Bardhaman,Raniganj,Kenda,Mixed,PUBLIC,Contextual_Fuzzy,1.0,0.52,Yes,Matched_Review
Production,"Sijua Colliery,",TSL,Jharkhand,Sijua Colliery,TSL,Jharkhand,DHANBAD,Jharia,Sijua,Underground,PRIVATE,Contextual_Fuzzy,1.0,0.5708,Yes,Matched_Review
Production,Sikni Open Cast Mine,JSMDCL,Jharkhand,Sikni OC Mine,JSMDCL,Jharkhand,LATEHAR,Auranga,Sikni,Opencast,PUBLIC,Possible,0.7429,0.1428,Yes,Matched_Review
Production,Silewara Colliery,WCL,Maharashtra,Silewara Colliery,WCL,Maharashtra,NAGPUR,Kamptee/Silewara,Nagpur,Underground,PUBLIC,Contextual_Fuzzy,1.0,0.5516,Yes,Matched_Review
Production,Simlong OC (Hired),ECL,Jharkhand,,,,,,,,,Unmatched,0.47,0.0079,Yes,Unmatched
Production,Singhali Colliery,SECL,Chhattisgarh,Singhali Colliery,SECL,Chhattisgarh,KORBA,Central India,Korba,Underground,PUBLIC,Contextual_Fuzzy,1.0,0.4529,Yes,Matched_Review
Production,Singori OC,WCL,Maharashtra,Singori OC,WCL,Maharashtra,NAGPUR,Kamptee/Silewara,Nagpur,Opencast,PUBLIC,Contextual_Fuzzy,1.0,0.3596,Yes,Matched_Review
Production,Sirka,CCL,Jharkhand,Sirka,CCL,Jharkhand,RAMGARH,S.K.Coalfields,Argada,Opencast,PUBLIC,Contextual_Fuzzy,1.0,0.4709,Yes,Matched_Review
Production,Somna,SECL,Madhya Pradesh,,,,,,,,,Unmatched,0.468,0.0003,Yes,Unmatched
Production,Sonepur Bazari Project,ECL,West Bengal,Sonepur Bazari Project OCM,ECL,West Bengal,Bardhaman,Raniganj,Sonepur-Bazari,Opencast,PUBLIC,Possible,0.8542,0.3675,Yes,Matched_Review
Production,Sonepur Bazari Project OCM,ECL,West Bengal,Sonepur Bazari Project OCM,ECL,West Bengal,Bardhaman,Raniganj,Sonepur-Bazari,Opencast,PUBLIC,Contextual_Fuzzy,1.0,0.4957,Yes,Matched_Review
Production,South Samla,ECL,West Bengal,South Samla,ECL,West Bengal,Bardhaman,Raniganj,Pandaveswar,Underground,PUBLIC,Contextual_Fuzzy,1.0,0.46,Yes,Matched_Review
Production,Srirampur OC,SCCL,Telangana,Srirampur OC,SCCL,Telangana,MANCHERIAL,Godavari Valley,Srirampur,Opencast,PUBLIC,Contextual_Fuzzy,1.0,0.3319,Yes,Matched_Review
Production,"Srirampur-1, Incline",SCCL,Telangana,"Srirampur-1, Incline",SCCL,Telangana,MANCHERIAL,Godavari Valley,Srirampur,Underground,PUBLIC,Contextual_Fuzzy,1.0,0.2192,Yes,Matched_Review
Production,Srirampur-3 & 3A Incline,SCCL,Telangana,Srirampur-3 & 3A Incline,SCCL,Telangana,MANCHERIAL,Godavari Valley,Srirampur,Underground,PUBLIC,Contextual_Fuzzy,1.0,0.2192,Yes,Matched_Review
Production,"Srirampur-3 & 3A,",SCCL,Telangana,Srirampur-3 & 3A Incline,SCCL,Telangana,MANCHERIAL,Godavari Valley,Srirampur,Underground,PUBLIC,Possible,0.8367,0.1436,Yes,Matched_Review
Production,Subhas Incline,SECL,Madhya Pradesh,,,,,,,,,Unmatched,0.4954,0.0151,Yes,Unmatched
Production,Suliyari,APMDCL,Madhya Pradesh,Suliyari,APMDCL,Madhya Pradesh,SINGRAULI,Singrauli,Suliyari,Opencast,PUBLIC,Contextual_Fuzzy,1.0,0.612,Yes,Matched_Review
Production,Suliyari Coal Mine,APMDCL,Madhya Pradesh,Suliyari,APMDCL,Madhya Pradesh,SINGRAULI,Singrauli,Suliyari,Opencast,PUBLIC,Possible,0.76,0.1846,Yes,Matched_Review
Production,Surakachhar,SECL,Chhattisgarh,,,,,,,,,Unmatched,0.54,0.03,Yes,Unmatched
Production,Tadicherla 1 OCM,TGGENCO,Telangana,Tadicherla 1 OCM,TGGENCO,Telangana,JAYASHANKAR BHUPALPALLY,Godavari Valley,Tadicherla 1,Opencast,PUBLIC,Contextual_Fuzzy,1.0,0.6586,Yes,Matched_Review
Production,Tadicherla I OCM,TSPGCL,Telangana,,,,,,,,,Unmatched,0.6891,0.2994,Yes,Unmatched
Production,Takli Jena Bellora North & South,AIPL,Maharashtra,Takli Jena Bellora,AIPL,Maharashtra,CHANDRAPUR,Wardha,Wardha,Opencast,PRIVATE,Possible,0.87,0.5157,Yes,Matched_Review
Production,Talabira 1 Coal Mine,GMR,Odisha,,,,,,,,,Unmatched,0.464,0.028,Yes,Unmatched
Production,Talabira I,GMR,Odisha,,,,,,,,,Unmatched,0.506,0.156,Yes,Unmatched
Production,Talabira II & III,NLCIL,Odisha,Talabira II & III,NLCIL,Odisha,SAMBALPUR,IB Valley,Neyvelli Lignite Field,Opencast,PUBLIC,Contextual_Fuzzy,1.0,0.608,Yes,Matched_Review
Production,Talaipalli Coal Mine,NTPC_TP,Chhattisgarh,Talaipalli Coal Mine,NTPC,Chhattisgarh,RAIGARH,Mand-Raigarh,Talaipalli,Opencast,PUBLIC,Contextual_Fuzzy,0.9273,0.5207,Yes,Matched_Review
Production,Talaipalli Coal Mining Project,NTPC,Chhattisgarh,Talaipalli Coal Mine,NTPC,Chhattisgarh,RAIGARH,Mand-Raigarh,Talaipalli,Opencast,PUBLIC,Possible,0.7608,0.1832,Yes,Matched_Review
Production,Talcher(W) UG,MCL,Odisha,,,,,,,,,Unmatched,0.4626,0.048,Yes,Unmatched
Production,Tandsi,WCL,Madhya Pradesh,Tandsi,WCL,Madhya Pradesh,CHHINDWARA,Pench & Kanhan,Kanhan,Underground,PUBLIC,Contextual_Fuzzy,1.0,0.4415,Yes,Matched_Review
Production,Tapin North,CCL,Jharkhand,Tapin North,CCL,Jharkhand,RAMGARH,W.Bokaro,Hazaribagh,Opencast,PUBLIC,Contextual_Fuzzy,1.0,0.2975,Yes,Matched_Review
Production,Tapin South,CCL,Jharkhand,Tapin South,CCL,Jharkhand,HAZARIBAGH,W.Bokaro,Hazaribagh,Opencast,PUBLIC,Contextual_Fuzzy,1.0,0.2975,Yes,Matched_Review
Production,Tara(E&W),WBPDCL_T,West Bengal,Tara(E&W),WBPDCL,West Bengal,BIRBHUM,Raniganj,Gangaramchak,Opencast,PUBLIC,Contextual_Fuzzy,0.9429,0.4579,Yes,Matched_Review
Production,Tarmi,CCL,Jharkhand,Tarmi,CCL,Jharkhand,BOKARO,E. Bokaro,Dhori Area,Opencast,PUBLIC,Contextual_Fuzzy,1.0,0.448,Yes,Matched_Review
Production,Tasra Colliery,SAIL,Jharkhand,Tasra Colliery,SAIL,Jharkhand,DHANBAD,Jharia,Tasra,Opencast,PUBLIC,Contextual_Fuzzy,1.0,0.6073,Yes,Matched_Review
Production,Tawa,WCL,Madhya Pradesh,Tawa-II,WCL,Madhya Pradesh,BETUL,Pathakhera,Pathakhera,Underground,PUBLIC,Possible,0.7455,0.047,Yes,Matched_Review
Production,Tawa Mine,WCL,Madhya Pradesh,Tawa Mine,WCL,Madhya Pradesh,BETUL,Pathakhera,Pathakhera,Underground,PUBLIC,Contextual_Fuzzy,1.0,0.2917,Yes,Matched_Review
Production,Tawa-II,WCL,Madhya Pradesh,Tawa-II,WCL,Madhya Pradesh,BETUL,Pathakhera,Pathakhera,Underground,PUBLIC,Contextual_Fuzzy,1.0,0.2917,Yes,Matched_Review
Production,Telwasa OC,WCL,Maharashtra,,,,,,,,,Unmatched,0.6333,0.03,Yes,Unmatched
Production,Tetaria Khar,CCL,Jharkhand,Tetaria Khar,CCL,Jharkhand,LATEHAR,N.K.Coalfields,Rajhara,Opencast,PUBLIC,Contextual_Fuzzy,1.0,0.49,Yes,Matched_Review
Production,Tetulmari,BCCL,Jharkhand,Tetulmari,BCCL,Jharkhand,DHANBAD,Jharia,Sijua,Opencast,PUBLIC,Contextual_Fuzzy,1.0,0.5133,Yes,Matched_Review
Production,Tikak Colliery,NEC,Assam,Tikak Colliery,NEC,Assam,TINSUKIA,Makum,Margherita,Opencast,PUBLIC,Contextual_Fuzzy,1.0,0.6554,Yes,Matched_Review
Production,Tilaboni Colliery,ECL,West Bengal,Tilaboni Colliery,ECL,West Bengal,Bardhaman,Raniganj,Bankola,Underground,PUBLIC,Contextual_Fuzzy,1.0,0.4667,Yes,Matched_Review
Production,Tirap Colliery,NEC,Assam,,,,,,,,,Unmatched,0.552,0.2258,Yes,Unmatched
Production,Topa Colliery,CCL,Jharkhand,,,,,,,,,Unmatched,0.5333,0.0467,Yes,Unmatched
Production,Topa Marginal Scheme,CCL,Jharkhand,Topa Marginal Scheme,CCL,Jharkhand,RAMGARH,W.Bokaro,Kuju,Opencast,PUBLIC,Contextual_Fuzzy,1.0,0.504,Yes,Matched_Review
Production,Trans Damodar Coal Mine,DPL,West Bengal,Trans Damodar Coal Mine,DPL,West Bengal,PASCHIM BARDHAMAN,Raniganj,Kasta,Opencast,PUBLIC,Contextual_Fuzzy,1.0,0.5573,Yes,Matched_Review
Production,Ukni Deep OC,WCL,Maharashtra,Ukni OC,WCL,Maharashtra,YAVATMAL,Wardha Valley,Wani North,Opencast,PUBLIC,Possible,0.7961,0.1589,Yes,Matched_Review
Production,Ukni OC,WCL,Maharashtra,Ukni OC,WCL,Maharashtra,YAVATMAL,Wardha Valley,Wani North,Opencast,PUBLIC,Contextual_Fuzzy,1.0,0.3596,Yes,Matched_Review
Production,Umaria,SECL,Madhya Pradesh,Umaria,SECL,Madhya Pradesh,UMARIA,Central India,Johilla,Underground,PUBLIC,Contextual_Fuzzy,1.0,0.4415,Yes,Matched_Review
Production,Umrer,WCL,Maharashtra,,,,,,,,,Unmatched,0.6267,0.1587,Yes,Unmatched
Production,Umrer OC Mine,WCL,Maharashtra,Umrer OC Mine,WCL,Maharashtra,NAGPUR,Umrer,Umrer,Opencast,PUBLIC,Contextual_Fuzzy,1.0,0.32,Yes,Matched_Review
Production,Urdhan,WCL,Madhya Pradesh,Urdhan,WCL,Madhya Pradesh,CHHINDWARA,Pench & Kanhan,Pench,Opencast,PUBLIC,Contextual_Fuzzy,1.0,0.5062,Yes,Matched_Review
Production,Urimari,CCL,Jharkhand,Urimari,CCL,Jharkhand,HAZARIBAGH,S.K.Coalfields,Barka-Sayal,Underground,PUBLIC,Possible,1.0,0.0,Yes,Matched_Review
Production,"Utkal C Coal Mine,",JSPL_UC,Odisha,Utkal C Coal Mine,JSPL,Odisha,Angul,Talchar,Angul,Opencast,PRIVATE,Contextual_Fuzzy,0.9273,0.452,Yes,Matched_Review
Production,Utkal D,NALCO,Odisha,Utkal D,NALCO,Odisha,Angul,Talchar,Utkal D,Opencast,PUBLIC,Contextual_Fuzzy,1.0,0.5381,Yes,Matched_Review
Production,Vakilpalli,SCCL,Telangana,Vakilpalli,SCCL,Telangana,PEDDAPALLI,Godavari Valley,Ramagundam-II,Underground,PUBLIC,Contextual_Fuzzy,1.0,0.5444,Yes,Matched_Review
Production,Vijay West,SECL,Chhattisgarh,Vijay West,SECL,Chhattisgarh,KORBA,Central India,Chirimiri,Underground,PUBLIC,Contextual_Fuzzy,1.0,0.4774,Yes,Matched_Review
Production,Vindhya,SECL,Madhya Pradesh,Vindhya,SECL,Madhya Pradesh,UMARIA,Central India,Johilla,Underground,PUBLIC,Contextual_Fuzzy,1.0,0.532,Yes,Matched_Review
Production,Vishnupuri-II,WCL,Madhya Pradesh,Vishnupuri-II,WCL,Madhya Pradesh,CHHINDWARA,Pench & Kanhan,Pench,Underground,PUBLIC,Contextual_Fuzzy,1.0,0.3805,Yes,Matched_Review
Production,W. Chirimiri Patch,SECL,Chhattisgarh,,,,,,,,,Unmatched,0.6841,0.1903,Yes,Unmatched
Production,Waghoda,WCL,Maharashtra,,,,,,,,,Unmatched,0.5585,0.0905,Yes,Unmatched
Production,West Bokaro OC Quarry-AB,TSL,Jharkhand,West Bokaro OC Quarry-AB,TSL,Jharkhand,HAZARIBAGH,West Bokaro,West Bokaro,Opencast,PRIVATE,Contextual_Fuzzy,1.0,0.1704,Yes,Matched_Review
Production,West Bokaro OC Quarry-E,TSL,Jharkhand,West Bokaro OC (Quarry-E & SE),TSL,Jharkhand,HAZARIBAGH,West Bokaro,West Bokaro,Opencast,PRIVATE,Possible,0.9276,0.0478,Yes,Matched_Review
Production,West Bokaro OC Quarry-SE,TSL,Jharkhand,West Bokaro OC (Quarry-E & SE),TSL,Jharkhand,HAZARIBAGH,West Bokaro,West Bokaro,Opencast,PRIVATE,Contextual_Fuzzy,0.9365,0.0649,Yes,Matched_Review
Production,West Chirimiri,SECL,Chhattisgarh,Chirimiri,SECL,Chhattisgarh,KOREA,Central India,Chirimiri,Opencast,PUBLIC,Possible,0.7687,0.1794,Yes,Matched_Review
Production,West Jhagrakhand,SECL,Chhattisgarh,West Jhagrakhand,SECL,Chhattisgarh,KOREA,Central India,Hasdeo,Underground,PUBLIC,Contextual_Fuzzy,1.0,0.4774,Yes,Matched_Review
