Mine ID,Mine Name,Company Name,State,District,Coalfield,Area,Mine Type,Ownership,Production,Despatch
AADOCM,Aadocm,CCL,Jharkhand,BOKARO,E. Bokaro,Dhori Area,Opencast,PUBLIC,2.613,0
ABGC,ABGC,BCCL,Jharkhand,DHANBAD,Jharia,Govindpur,Opencast,PUBLIC,0.228,0
ADASA_UG_TO_OC,Adasa (UG to OC),WCL,Maharashtra,NAGPUR,Kamptee/Silewara,Nagpur,Opencast,PUBLIC,0.715,0
ADRIYALA_SAFT_PROJECT,Adriyala Saft Project,SCCL,Telangana,PEDDAPALLI,Godavari Valley,Adriyala,Underground,PUBLIC,1.47,0
AGKCC,AGKCC,BCCL,Jharkhand,DHANBAD,Jharia,Katras,Opencast,PUBLIC,0.02,0
AKK_OCP,AKK OCP,CCL,Jharkhand,BOKARO,E. Bokaro,B & K Area,Opencast,PUBLIC,5.36,0
AKWMC,AKWMC,BCCL,Jharkhand,DHANBAD,Jharia,Katras,Opencast,PUBLIC,3.1,0
AMADAND,Amadand,SECL,Madhya Pradesh,SHAHDOL,Central India,Jamuna & Kotma,Opencast,PUBLIC,1.38,0
AMAGAMATED_DHANSAR_INDUSTRY,Amagamated Dhansar-Industry,BCCL,Jharkhand,DHANBAD,Jharia,Kusunda,Opencast,PUBLIC,0.79,0
AMALGAMATED_BOCP,Amalgamated BOCP,BCCL,Jharkhand,DHANBAD,Jharia,Block-II,Opencast,PUBLIC,5.357,0
AMALGAMATED_GONDEGAON_GHATROHANA,Amalgamated Gondegaon Ghatrohana,WCL,Maharashtra,NAGPUR,Kamptee/Silewara,Nagpur,Opencast,PUBLIC,3.501,0
AMALGAMATED_INDER_KAMPTEE_OCM,Amalgamated Inder Kamptee OCM,WCL,Maharashtra,NAGPUR,Kamptee/Silewara,Nagpur,Opencast,PUBLIC,3.09,0
AMALGAMATED_YEKONA_I_II,Amalgamated Yekona I & II,WCL,Maharashtra,CHANDRAPUR,Wardha,Majri,Opencast,PUBLIC,2.75,0
AMALGAMETED_SUDAMDIH_PATHERDIH,Amalgameted Sudamdih-Patherdih,BCCL,Jharkhand,DHANBAD,Jharia,E.Jharia,Opencast,PUBLIC,0.411,0
AMELIA_NORTH_COAL_MINE,Amelia (North ) Coal Mine,JPVL,Madhya Pradesh,SINGRAULI,Singrauli,Singrauli Main Basin,Opencast,PRIVATE,3.92,0
AMELIA_COAL_BLOCK,Amelia Coal Block,THDC,Madhya Pradesh,SINGRAULI,Singrauli,Pidarwah,Opencast,PUBLIC,1.251,0
AMERA,Amera,SECL,Chhattisgarh,SURGUJA,Central India,Bisrampur,Opencast,PUBLIC,0.279,0
AMGAON,Amgaon,SECL,Chhattisgarh,SURGUJA,Central India,Bisrampur,Opencast,PUBLIC,1.0,0
AMLAI_OC,Amlai OC,SECL,Madhya Pradesh,SHAHDOL,Central India,Sohagpur,Opencast,PUBLIC,2.025,0
AMLOHRI,Amlohri,NCL,Madhya Pradesh,SINGRAULI,Singrauli,Amlohri,Opencast,PUBLIC,22.003,0
AMP_COLLIERY,AMP Colliery,BCCL,Jharkhand,DHANBAD,Jharia,Barora,Mixed,PUBLIC,4.86,0
AMRAPALI_OCP,Amrapali OCP,CCL,Jharkhand,CHATRA,N.K.Coalfields,Amrapali,Opencast,PUBLIC,22.581,0
AMRITNAGAR_COLLIERY,Amritnagar Colliery,ECL,West Bengal,Bardhaman,Raniganj,Kunustoria,Underground,PUBLIC,0.052,0
ANANTA_OCP,Ananta OCP,MCL,Odisha,Angul,Talcher,Jagannath,Opencast,PUBLIC,20.0,0
ARA_REORGANISATION,ARA Reorganisation,CCL,Jharkhand,RAMGARH,W.Bokaro,Kuju,Opencast,PUBLIC,0.0,0
ASHOKA,Ashoka,CCL,Jharkhand,CHATRA,N.K.Coalfields,Piparwar,Opencast,PUBLIC,9.853,0
BADJNA_COLLIERY,Badjna Colliery,ECL,Jharkhand,DHANBAD,Mugma/Salanpur,Mugma,Mixed,PUBLIC,0.105,0
BAGDEVA,Bagdeva,SECL,Chhattisgarh,KORBA,Central India,Korba,Underground,PUBLIC,0.285,0
BAHULA_COLLIERY,Bahula Colliery,ECL,West Bengal,Bardhaman,Raniganj,Kenda,Underground,PUBLIC,0.048,0
BALLARPUR_3_4_PITS,Ballarpur 3 & 4 Pits,WCL,Maharashtra,CHANDRAPUR,Wardha,Ballarpur,Underground,PUBLIC,0.071,0
BALLARPUR_OCM,Ballarpur OCM,WCL,Maharashtra,CHANDRAPUR,Wardha,Ballarpur,Opencast,PUBLIC,0.625,0
BALRAM_OCP,Balram OCP,MCL,Odisha,Angul,Talcher,Hingula,Opencast,PUBLIC,7.74,0
BALRAMPUR,Balrampur,SECL,Chhattisgarh,SURGUJA,Central India,Bisrampur,Underground,PUBLIC,0.119,0
BANGWAR,Bangwar,SECL,Madhya Pradesh,SHAHDOL,Central India,Sohagpur,Underground,PUBLIC,0.65,0
BANKOLA_COLLIERY,Bankola Colliery,ECL,West Bengal,Bardhaman,Raniganj,Bankola,Underground,PUBLIC,0.157,0
BANSRA_COLLIERY,Bansra Colliery,ECL,West Bengal,Bardhaman,Raniganj,Kunustoria,Mixed,PUBLIC,0.126,0
BARANJ,Baranj,KPCL,Maharashtra,CHANDRAPUR,Warda Valley,Maijari,Opencast,PUBLIC,2.5,0
BARJORA_NORTH_COAL_MINE,Barjora (North) Coal Mine,WBPDCL,West Bengal,BANKURA,Barjora North,Barjora North,Opencast,PUBLIC,1.124,0
BARMURI,Barmuri,ECL,Jharkhand,DHANBAD,Mugma/Salanpur,Mugma,Opencast,PUBLIC,0.505,0
BAROUD_OC,Baroud OC,SECL,Chhattisgarh,RAIGARH,Central India,Raigarh,Opencast,PUBLIC,4.2,0
BARTARAI,Bartarai,SECL,Madhya Pradesh,SHAHDOL,Central India,Jamuna & Kotma,Underground,PUBLIC,0.172,0
BASANTIMATA_DAHIBARI,Basantimata -Dahibari,BCCL,Jharkhand,DHANBAD,Mugma,Chanch/Victoria,Opencast,PUBLIC,0.546,0
BASDEOPUR,Basdeopur,BCCL,Jharkhand,DHANBAD,Jharia,Sijua,Opencast,PUBLIC,0.14,0
BASTACOLLA,Bastacolla,BCCL,Jharkhand,DHANBAD,Jharia,Bastacolla,Opencast,PUBLIC,2.099,0
BASUNDHARA_WEST_OCP,Basundhara (West) OCP,MCL,Odisha,SUNDARGARH,IB Valley,Mahalaxmi,Opencast,PUBLIC,1.432,0
BEHRABAND,Behraband,SECL,Madhya Pradesh,SHAHDOL,Central India,Hasdeo,Underground,PUBLIC,0.6,0
BEJDIH_COLLIERY,Bejdih Colliery,ECL,West Bengal,Bardhaman,Raniganj,Sodepur,Underground,PUBLIC,0.038,0
BELBAID_COLLIERY,Belbaid Colliery,ECL,West Bengal,Bardhaman,Raniganj,Kunustoria,Underground,PUBLIC,0.044,0
BELGAON_COAL_MINE,Belgaon Coal Mine,SISCO,Maharashtra,CHANDRAPUR,Wardha Valley,Warora,Underground,PRIVATE,0.146,0
BHADRA,Bhadra,SECL,Madhya Pradesh,SHAHDOL,Central India,Jamuna & Kotma,Underground,PUBLIC,0.1,0
BHANEGAON_OCM,Bhanegaon OCM,WCL,Maharashtra,NAGPUR,Kamptee/Silewara,Nagpur,Opencast,PUBLIC,1.15,0
BHANORA_WEST_BLOCK_COLLIERY_BHANORA_OC_PATCH_H,Bhanora West Block colliery & Bhanora OC patch (H),ECL,West Bengal,Bardhaman,Raniganj,Sripur,Mixed,PUBLIC,0.028,0
BHARATPUR_OCP,Bharatpur OCP,MCL,Odisha,Angul,Talcher,Bharatpur,Opencast,PUBLIC,11.12,0
BHATADI_OC_MINE,Bhatadi OC Mine,WCL,Maharashtra,CHANDRAPUR,Wardha,Chandrapur,Opencast,PUBLIC,0.854,0
BHATGAON,Bhatgaon,SECL,Chhattisgarh,SURGUJA,Central India,Bhatgaon,Underground,PUBLIC,0.185,0
BHELATAND_COLLIERY,Bhelatand Colliery,TSL,Jharkhand,DHANBAD,Jharia,Bhelatand,Underground,PRIVATE,0.219,0
BHOWRA_S,Bhowra(S),BCCL,Jharkhand,DHANBAD,Jharia,E.Jharia,Opencast,PUBLIC,0.707,0
BHUBANESWARI_OCP,Bhubaneswari OCP,MCL,Odisha,Angul,Talcher,Bhubaneswari,Opencast,PUBLIC,24.235,0
BHURKUNDA,Bhurkunda,CCL,Jharkhand,RAMGARH,S.K.Coalfields,Barka-Sayal,Underground,PUBLIC,0.0,0
BHURKUNDA_SANGUM,Bhurkunda (Sangum),CCL,Jharkhand,RAMGARH,S.K.Coalfields,Barka-Sayal,Opencast,PUBLIC,0.138,0
BICHARPUR,Bicharpur,UTCL,Madhya Pradesh,SHAHDOL,Sohagpur,Bicharpur,Underground,PRIVATE,0.75,0
BIJARI_OC,Bijari OC,SECL,Chhattisgarh,RAIGARH,Central India,Raigarh,Opencast,PUBLIC,1.608,0
BIJURI,Bijuri,SECL,Madhya Pradesh,SHAHDOL,Central India,Hasdeo,Underground,PUBLIC,0.715,0
BINA_EXTN,Bina Extn,NCL,Uttar Pradesh,SONBHADRA,Singrauli,Bina,Opencast,PUBLIC,3.894,0
BLOCK_B_PROJECT,Block-B Project,NCL,Madhya Pradesh,SINGRAULI,Singrauli,Block-B,Opencast,PUBLIC,8.027,0
BOKARO_OC_BERMO,Bokaro OC (Bermo),CCL,Jharkhand,BOKARO,E. Bokaro,B & K Area,Opencast,PUBLIC,0.325,0
BONJEMEHARI_OC_EXTN,Bonjemehari OC (Extn),ECL,West Bengal,Bardhaman,Mugma/Salanpur,Salanpur,Opencast,PUBLIC,0.321,0
C_L_JAMBAD_OCP,C L Jambad OCP,ECL,West Bengal,Bardhaman,Raniganj,Kenda,Opencast,PUBLIC,0.031,0
CENTRAL_KAJORA_COLLIERY,Central Kajora Colliery,ECL,West Bengal,Bardhaman,Raniganj,Kajora,Underground,PUBLIC,0.071,0
CENTRAL_SAUNDA,Central Saunda,CCL,Jharkhand,RAMGARH,S.K.Coalfields,Barka-Sayal,Underground,PUBLIC,0.0,0
CHAINPUR_SARUBERA_COLLY,Chainpur(Sarubera) Colly.,CCL,Jharkhand,RAMGARH,W.Bokaro,Kuju,Opencast,PUBLIC,0.0,0
CHANDA_RAYATWARI_COLLIERY,Chanda Rayatwari Colliery,WCL,Maharashtra,CHANDRAPUR,Wardha,Chandrapur,Underground,PUBLIC,0.0,0
CHAPAPUR_II_CHAPPAPUR_10_QUARRY_OC,Chapapur-II & Chappapur 10 Quarry (OC),ECL,Jharkhand,DHANBAD,Mugma/Salanpur,Mugma,Mixed,PUBLIC,0.445,0
CHAPUIKHAS_COLLIERY,Chapuikhas Colliery,ECL,West Bengal,Bardhaman,Raniganj,Satgram,Underground,PUBLIC,0.024,0
CHASNALLA_COLLIERY,Chasnalla Colliery,IISCO,Jharkhand,DHANBAD,Jharia,Chasnala,Underground,PUBLIC,0.104,0
CHATTI_BARIATU_COAL_MINING_PROJECT,Chatti Bariatu Coal Mining Project,NTPC,Jharkhand,HAZARIBAGH,North Karanpura,Keredari,Opencast,PUBLIC,3.304,0
CHHAL_OC,Chhal OC,SECL,Chhattisgarh,RAIGARH,Central India,Raigarh,Opencast,PUBLIC,5.512,0
CHHATARPUR_II,Chhatarpur -II,WCL,Madhya Pradesh,BETUL,Pathakhera,Pathakhera,Underground,PUBLIC,0.052,0
CHHATARPUR_1,Chhatarpur 1,WCL,Madhya Pradesh,BETUL,Pathakhera,Pathakhera,Underground,PUBLIC,0.65,0
CHHINDA,Chhinda,WCL,Madhya Pradesh,CHHINDWARA,Pench & Kanhan,Pench,Opencast,PUBLIC,0.0,0
CHINAKURI_MINE_III,Chinakuri Mine III,ECL,West Bengal,Bardhaman,Raniganj,Sodepur,Underground,PUBLIC,0.069,0
CHIRIMIRI,Chirimiri,SECL,Chhattisgarh,KOREA,Central India,Chirimiri,Opencast,PUBLIC,0.961,0
CHITRA_EAST_OCP,Chitra East OCP,ECL,Jharkhand,DEOGHAR,Saherjuri Coalfield,S. P. Mines,Opencast,PUBLIC,1.755,0
CHORA_10_PIT_COLLIERY,Chora 10 Pit Colliery,ECL,West Bengal,Bardhaman,Raniganj,Kenda,Underground,PUBLIC,0.041,0
CHORA_7_9_PITS_COLLIERY,Chora 7&9 Pits Colliery,ECL,West Bengal,Bardhaman,Raniganj,Kenda,Underground,PUBLIC,0.064,0
CHORA_BLOCK_INCLINE_UG_SHANKARPUR_OC_BANBAHAL_OC,Chora Block Incline UG & Shankarpur OC & Banbahal OC,ECL,West Bengal,Bardhaman,Raniganj,Kenda,Mixed,PUBLIC,0.277,0
CHURCHA_RO,Churcha RO,SECL,Chhattisgarh,KOREA,Central India,Baikunthpur,Underground,PUBLIC,1.408,0
DABOR_PH_II_III_OC,Dabor Ph-II & III OC,ECL,West Bengal,Bardhaman,Mugma/Salanpur,Salanpur,Opencast,PUBLIC,0.335,0
DAKRA_BUKBUKA_OC,Dakra Bukbuka OC,CCL,Jharkhand,RANCHI,N.K.Coalfields,North Karanpura,Opencast,PUBLIC,0.293,0
DALURBAND_OC,Dalurband OC,ECL,West Bengal,Bardhaman,Raniganj,Pandaveswar,Opencast,PUBLIC,0.729,0
DAMINI,Damini,SECL,Madhya Pradesh,SHAHDOL,Central India,Sohagpur,Underground,PUBLIC,0.265,0
DAMODA,Damoda,BCCL,Jharkhand,DHANBAD,Jharia,Barora,Opencast,PUBLIC,0.556,0
DHANKASA_JAMUNIA,Dhankasa & Jamunia,WCL,Madhya Pradesh,CHHINDWARA,Pench & Kanhan,Pench,Underground,PUBLIC,0.0,0
DHANPURI,Dhanpuri,SECL,Madhya Pradesh,SHAHDOL,Central India,Sohagpur,Opencast,PUBLIC,0.128,0
DHELWADIH_COLLIERY,Dhelwadih Colliery,SECL,Chhattisgarh,KORBA,Central India,Korba,Underground,PUBLIC,0.205,0
DHEMOMAIN_INCL_COLLIERY,Dhemomain Incl Colliery,ECL,West Bengal,Bardhaman,Raniganj,Sodepur,Underground,PUBLIC,0.023,0
DHEMOMAIN_PIT_COLLIERY,Dhemomain Pit Colliery,ECL,West Bengal,Bardhaman,Raniganj,Sodepur,Underground,PUBLIC,0.025,0
DHOPTALA_OC_SASTI_COLLIERY,Dhoptala OC (Sasti Colliery),WCL,Maharashtra,CHANDRAPUR,Wardha,Ballarpur,Opencast,PUBLIC,1.681,0
DHORI_KHAS_UG,Dhori Khas(UG),CCL,Jharkhand,BOKARO,E. Bokaro,Dhori Area,Underground,PUBLIC,0.136,0
DIPKA,Dipka,SECL,Chhattisgarh,KORBA,Central India,Dipka,Opencast,PUBLIC,33.417,0
DUBESWARI_COLLIERY,Dubeswari Colliery,ECL,West Bengal,PURULIA,Raniganj,Sodepur,Underground,PUBLIC,0.052,0
DUDHICHUA_PROJECT,Dudhichua Project,NCL,Uttar Pradesh,SONBHADRA,Singrauli,Dudhichua,Opencast,PUBLIC,9.272,0
DULANGA_COAL_MINING_PROJECT,Dulanga Coal Mining Project,NTPC,Odisha,SUNDARGARH,IB Vlley,Dulanga,Opencast,PUBLIC,7.0,0
DURGAPUR_OPEN_CAST,Durgapur Open Cast,WCL,Maharashtra,CHANDRAPUR,Wardha,Chandrapur,Opencast,PUBLIC,2.5,0
DURGAPUR_RAYATWARI_COLLY,Durgapur Rayatwari Colly,WCL,Maharashtra,CHANDRAPUR,Wardha,Chandrapur,Underground,PUBLIC,0.1,0
DVC_TUBED_MINES,DVC Tubed Mines,DVC,Jharkhand,LATEHAR,Auranga,DVC Tubed,Opencast,PUBLIC,1.52,0
E_BASURIA,E.Basuria,BCCL,Jharkhand,DHANBAD,Jharia,Kusunda,Opencast,PUBLIC,0.142,0
ENA,Ena,BCCL,Jharkhand,DHANBAD,Jharia,Kusunda,Opencast,PUBLIC,2.998,0
G_G_B_COAL_MINE,G & G B Coal Mine,WBPDCL,West Bengal,BIRBHUM,Raniganj,Gangaramchak,Opencast,PUBLIC,3.0,0
GARE_PALMA_IV_6,Gare Palma IV 6,JSPL,Chhattisgarh,RAIGARH,Mand-Raigarh,Raigarh,Opencast,PRIVATE,1.803,0
GARE_PALMA_IV_2_3,Gare Palma IV-2&3,BALCO,Chhattisgarh,KORBA,Hasdeo-Arand,Korba,Opencast,PRIVATE,1.0,0
GARE_PALMA_IV_1,Gare Palma IV/1,JPL,Chhattisgarh,RAIGARH,Mand Raigarh,Gare Palma,Opencast,PRIVATE,7.195,0
GARE_PALMA_IV_2_3,Gare Palma IV/2&3,JPL,Chhattisgarh,RAIGARH,Mand- Raigarh,Gare Palma,Opencast,PRIVATE,0.712,0
GARE_PALMA_IV_2_3,Gare Palma IV/2&3,SECL,Chhattisgarh,RAIGARH,Central India,Raigarh,Opencast,PUBLIC,0.16,0
GARE_PALMA_IV_7,Gare Palma IV/7,SEML,Chhattisgarh,RAIGARH,Mand Raigarh,Tamnar Tehsil,Opencast,PRIVATE,1.44,0
GARE_PALMA_SECTOR_III,Gare Palma Sector III,CSPGCL,Chhattisgarh,RAIGARH,Mand Raigarh,Raigarh,Opencast,PUBLIC,4.003,0
GARJANBAHAL_OCP,Garjanbahal OCP,MCL,Odisha,SUNDARGARH,IB Valley,Basundhara,Opencast,PUBLIC,18.2,0
GAYATRI,Gayatri,SECL,Chhattisgarh,SURGUJA,Central India,Bisrampur,Underground,PUBLIC,0.579,0
GEVRA,Gevra,SECL,Chhattisgarh,KORBA,Central India,Gevra,Opencast,PUBLIC,59.107,0
GHONSA,"Ghonsa,",WCL,Maharashtra,YAVATMAL,Wardha Valley,Wani North,Opencast,PUBLIC,0.6,0
GIDI_A,Gidi `A',CCL,Jharkhand,HAZARIBAGH,S.K.Coalfields,Argada,Opencast,PUBLIC,0.494,0
GIDI_C,Gidi `C',CCL,Jharkhand,HAZARIBAGH,S.K.Coalfields,Argada,Opencast,PUBLIC,0.599,0
GIRIDIH_OC,Giridih OC,CCL,Jharkhand,GIRIDIH,Giridih,Giridih OC,Opencast,PUBLIC,0.0,0
GODAVARI_KHANI_1_3,Godavari Khani 1 & 3,SCCL,Telangana,KHAMMAM,Godavari Valley,Ramagundam-I,Underground,PUBLIC,0.169,0
GODAVARI_KHANI_11_INCLINE,Godavari Khani-11 Incline,SCCL,Telangana,PEDDAPALLI,Godavari Valley,Ramagundam-I,Underground,PUBLIC,0.606,0
GODAVARI_KHANI_2_2A,Godavari Khani-2 & 2A,SCCL,Telangana,KHAMMAM,Godavari Valley,Ramagundam-I,Underground,PUBLIC,0.215,0
GODAVARIKHANI_V_OC,Godavarikhani V OC,SCCL,Telangana,PEDDAPALLI,Godavari Valley,Ramagundam-I,Opencast,PUBLIC,3.505,0
GOKUL_OC_MINE_GOKUL_EXTN,Gokul OC Mine + Gokul Extn.,WCL,Maharashtra,NAGPUR,Umrer,Umrer,Opencast,PUBLIC,1.807,0
GONDUDIH_KHAS_KUSUNDA,Gondudih/Khas Kusunda,BCCL,Jharkhand,DHANBAD,Jharia,Kusunda,Opencast,PUBLIC,1.45,0
GOPALICHUCK,Gopalichuck,BCCL,Jharkhand,DHANBAD,Jharia,P.B.Project,Opencast,PUBLIC,0.358,0
GOPINATHPUR,Gopinathpur,ECL,Jharkhand,DHANBAD,Mugma/Salanpur,Mugma,Opencast,PUBLIC,0.0,0
GOTITORIA_E_W,Gotitoria E & W,BSMPL,Madhya Pradesh,Narsinghpur,Mohpani,Dharamsthal,Opencast,PRIVATE,0.3,0
GOURANGDI_A_OCP,Gourangdi-A OCP,ECL,West Bengal,Bardhaman,Mugma/Salanpur,Salanpur,Opencast,PUBLIC,1.407,0
GOURANGDIH_EXTN_OC,Gourangdih Extn OC,ECL,West Bengal,Bardhaman,Mugma/Salanpur,Salanpur,Opencast,PUBLIC,0.74,0
GOURI_PAUNI_A_OCM,Gouri -Pauni(A) OCM,WCL,Maharashtra,CHANDRAPUR,Wardha,Ballarpur,Opencast,PUBLIC,2.574,0
GOURI_DEEP,Gouri Deep,WCL,Maharashtra,CHANDRAPUR,Wardha,Ballarpur,Opencast,PUBLIC,0.378,0
GOUTHAMPUR_KHANI_OCP,Gouthampur Khani OCP,SCCL,Telangana,KHAMMAM,Godavari Valley,Kothagudem,Opencast,PUBLIC,0.127,0
GOVINDPUR,Govindpur,CCL,Jharkhand,BOKARO,E. Bokaro,Kathara,Underground,PUBLIC,0.016,0
GOVINDPUR_PH_II_OCP,Govindpur Ph-II OCP,CCL,Jharkhand,BOKARO,E. Bokaro,Kathara,Opencast,PUBLIC,0.944,0
GP_IV_8_COAL_MINE,GP-IV-8 Coal Mine,AMBUJA,Chhattisgarh,RAIGARH,Mand Raigarh,Raigarh,Underground,PRIVATE,0.95,0
HALDIBARI,Haldibari,SECL,Chhattisgarh,KOREA,Central India,Hasdeo,Underground,PUBLIC,0.592,0
HARIAJAM,Hariajam,ECL,Jharkhand,DHANBAD,Mugma/Salanpur,Mugma,Underground,PUBLIC,0.047,0
HINDUSTAN_LALPETH_COLLIERY_NO_1,Hindustan Lalpeth Colliery No.1,WCL,Maharashtra,CHANDRAPUR,Wardha,Chandrapur,Underground,PUBLIC,0.0,0
HINDUSTAN_LALPETH_OC,Hindustan Lalpeth OC,WCL,Maharashtra,CHANDRAPUR,Wardha,Chandrapur,Opencast,PUBLIC,1.0,0
HINGULA_OCP,Hingula OCP,MCL,Odisha,Angul,Talcher,Hingula,Opencast,PUBLIC,13.06,0
HIRAKHAND_BUNDIA_MINE,Hirakhand Bundia Mine,MCL,Odisha,JHARSUGUDA,IB Valley,Orient,Underground,PUBLIC,0.201,0
HURRA_C,Hurra C,ECL,Jharkhand,GODDA,Rajmahal,Rajmahal,Opencast,PUBLIC,2.074,0
INDARAM_KHANI_1A_INCLINE,"Indaram Khani-1A, Incline",SCCL,Telangana,MANCHERIAL,Godavari Valley,Srirampur,Underground,PUBLIC,0.196,0
INDARAM_KHANI_OC,Indaram Khani-OC,SCCL,Telangana,MANCHERIAL,Godavari Valley,Srirampur,Opencast,PUBLIC,1.221,0
INT_LAKHANPUR_BELPAHAR_LILARI_OCP,Int. Lakhanpur-Belpahar-Lilari OCP,MCL,Odisha,JHARSUGUDA,IB Valley,Lakhanpur,Opencast,PUBLIC,32.201,0
ITAPARA_OC_PATCH,Itapara OC Patch,ECL,West Bengal,Bardhaman,Mugma/Salanpur,Salanpur,Opencast,PUBLIC,0.208,0
J_K_NAGAR_COLLIERY,J. K. Nagar Colliery,ECL,West Bengal,Bardhaman,Raniganj,Satgram,Underground,PUBLIC,0.137,0
JAGANATHPUR,Jaganathpur,SECL,Chhattisgarh,SURGUJA,Central India,Bhatgaon,Opencast,PUBLIC,2.832,0
JAGANNATH_RE_ORG_OCP,Jagannath Re-org OCP,MCL,Odisha,Angul,Talcher,Jagannath,Opencast,PUBLIC,7.5,0
JALAGAM_VENGALA_RAO_OC_2,Jalagam Vengala Rao OC-2,SCCL,Telangana,KHAMMAM,Godavari Valley,Kothagudem,Opencast,PUBLIC,11.068,0
JALIPA,Jalipa,HIL,Chhattisgarh,RAIGARH,Mand-Raigarh,Gare Palma Area,Opencast,PRIVATE,0.468,0
JAMADOBA_COLLIERY,Jamadoba Colliery,TSL,Jharkhand,DHANBAD,Jharia,Jamadoba,Mixed,PRIVATE,0.05,0
JAMBAD_OCP,Jambad OCP,ECL,West Bengal,Bardhaman,Raniganj,Kajora,Opencast,PUBLIC,0.47,0
JAMBAD_UG_COLLIERY,Jambad UG Colliery,ECL,West Bengal,Bardhaman,Raniganj,Kajora,Underground,PUBLIC,0.113,0
JAMKHANI_COAL_MINE,Jamkhani Coal Mine,Vedanta,Odisha,SUNDARGARH,IB River,IB River,Opencast,PRIVATE,2.126,0
JAMPALI,Jampali,SECL,Chhattisgarh,RAIGARH,Central India,Raigarh,Opencast,PUBLIC,3.0,0
JAMUNA_9_10_JAMUNA_RO,Jamuna 9 & 10 Jamuna RO,SECL,Madhya Pradesh,SHAHDOL,Central India,Jamuna & Kotma,Underground,PUBLIC,0.142,0
JARANGDIH_OC,Jarangdih OC,CCL,Jharkhand,BOKARO,E. Bokaro,Kathara,Opencast,PUBLIC,1.481,0
JAWAHAR_KHANI_OC_5,"Jawahar Khani OC-5,",SCCL,Telangana,KHAMMAM,Godavari Valley,Yellandu,Opencast,PUBLIC,1.369,0
JAYANT_PROJECT,Jayant Project,NCL,Madhya Pradesh,SINGRAULI,Singrauli,Jayant,Opencast,PUBLIC,44.007,0
JHANJRA_PROJECT_COLLIERY,Jhanjra Project Colliery,ECL,West Bengal,Bardhaman,Raniganj,Jhanjra,Underground,PUBLIC,2.659,0
JHARKHAND_OCP,Jharkhand OCP,CCL,Jharkhand,RAMGARH,W.Bokaro,Hazaribagh,Opencast,PUBLIC,0.408,0
JHILIMILI_COLLIERY,Jhilimili Colliery,SECL,Chhattisgarh,KOREA,Central India,Baikunthpur,Underground,PUBLIC,0.37,0
JHINGURDA_PROJECT,Jhingurda Project,NCL,Madhya Pradesh,SINGRAULI,Singrauli,Jhingurda,Opencast,PUBLIC,4.9,0
JHIRIA,Jhiria,SECL,Madhya Pradesh,SHAHDOL,Central India,Hasdeo,Underground,PUBLIC,0.189,0
JITPUR_COLLIERY,Jitpur Colliery,IISCO,Jharkhand,DHANBAD,Jharia,SAIL-BSL,Underground,PUBLIC,0.027,0
JOGIDIH,Jogidih,BCCL,Jharkhand,DHANBAD,Jharia,Govindpur,Underground,PUBLIC,0.013,0
JOYRAMPUR,Joyrampur,BCCL,Jharkhand,DHANBAD,Jharia,Lodna,Opencast,PUBLIC,0.705,0
JUNAD,"Junad,",WCL,Maharashtra,YAVATMAL,Wardha Valley,Wani North,Opencast,PUBLIC,0.464,0
K_DEWARKHAND,K. Dewarkhand,CCL,Jharkhand,RANCHI,N.K.Coalfields,North Karanpura,Opencast,PUBLIC,0.863,0
KABRIBAD_OC,Kabribad OC,CCL,Jharkhand,GIRIDIH,Giridih,Giridih OC,Opencast,PUBLIC,0.41,0
KAKATIYA_KHANI_1_1A_INCLINE,Kakatiya Khani-1 & 1A Incline,SCCL,Telangana,JAYASHANKAR BHUPALPALLY,Godavari Valley,Bhupalpalli,Underground,PUBLIC,0.221,0
KAKATIYA_KHANI_5_INCLINE,Kakatiya Khani-5 Incline,SCCL,Telangana,JAYASHANKAR BHUPALPALLY,Godavari Valley,Bhupalpalli,Underground,PUBLIC,0.208,0
KAKATIYA_KHANI_6_INCLINE,"Kakatiya Khani-6, Incline",SCCL,Telangana,JAYASHANKAR BHUPALPALLY,Godavari Valley,Bhupalpalli,Underground,PUBLIC,0.121,0
KAKATIYA_KHANI_8_8A_INCLINE,Kakatiya Khani-8 & 8A Incline,SCCL,Telangana,JAYASHANKAR BHUPALPALLY,Godavari Valley,Bhupalpalli,Underground,PUBLIC,0.167,0
KAKATIYA_KHANI_OC_II,Kakatiya Khani-OC II,SCCL,Telangana,JAYASHANKAR BHUPALPALLY,Godavari Valley,Bhupalpalli,Opencast,PUBLIC,1.499,0
KAKATIYA_KHANI_OC_III,Kakatiya Khani-OC-III,SCCL,Telangana,JAYASHANKAR BHUPALPALLY,Godavari Valley,Bhupalpalli,Opencast,PUBLIC,1.369,0
KAKRI_PROJECT,Kakri Project,NCL,Madhya Pradesh,SINGRAULI,Singrauli,Kakri,Opencast,PUBLIC,2.695,0
KALIDASPUR_PROJECT,Kalidaspur Project,ECL,West Bengal,BANKURA,Raniganj,Satgram,Underground,PUBLIC,0.075,0
KALYAN_KHANI_OC,Kalyan Khani OC,SCCL,Telangana,MANCHERIAL,Godavari Valley,Mandamari,Opencast,PUBLIC,1.775,0
KALYAN_KHANI_1_5_INCLINE,Kalyan Khani-1 & 5 Incline,SCCL,Telangana,MANCHERIAL,Godavari Valley,Mandamari,Underground,PUBLIC,0.213,0
KANCHAN_OC,Kanchan OC,SECL,Madhya Pradesh,UMARIA,Central India,Johilla,Opencast,PUBLIC,0.908,0
KANIHA_OCP,Kaniha OCP,MCL,Odisha,Angul,Talcher,Kaniha,Opencast,PUBLIC,11.811,0
KANKANEE,Kankanee,BCCL,Jharkhand,DHANBAD,Jharia,Sijua,Opencast,PUBLIC,0.334,0
KAPASARA,Kapasara,ECL,Jharkhand,DHANBAD,Mugma/Salanpur,Mugma,Opencast,PUBLIC,0.04,0
KAPURDI,Kapurdi,HIL,Chhattisgarh,RAIGARH,Mand-Raigarh,Gare Palma Area,Underground,PRIVATE,0.0,0
KARGALI_OC,Kargali OC,CCL,Jharkhand,BOKARO,E. Bokaro,B & K Area,Opencast,PUBLIC,0.0,0
KARMA,Karma,CCL,Jharkhand,RAMGARH,W.Bokaro,Kuju,Opencast,PUBLIC,0.861,0
KARO_SPL_OC,KARO SPL OC,CCL,Jharkhand,BOKARO,E. Bokaro,B & K Area,Underground,PUBLIC,0.0,0
KARO_I_OC,Karo-I OC,CCL,Jharkhand,BOKARO,E. Bokaro,B & K Area,Opencast,PUBLIC,1.318,0
KASIPET_1_INCLINE,Kasipet 1 Incline,SCCL,Telangana,MANCHERIAL,Godavari Valley,Mandamari,Underground,PUBLIC,0.146,0
KASIPET_2_INCLINE,Kasipet 2 Incline,SCCL,Telangana,MANCHERIAL,Godavari Valley,Mandamari,Underground,PUBLIC,0.097,0
KATHARA_COLLY,Kathara Colly,CCL,Jharkhand,BOKARO,E. Bokaro,Kathara,Opencast,PUBLIC,0.419,0
KATHAUTIA_OPEN_CAST_COAL_MINE,Kathautia Open Cast Coal Mine,HIL,Jharkhand,PALAMU,Daltonganj,Kathautia,Opencast,PRIVATE,0.183,0
KATKONA_1_2,Katkona 1 & 2,SECL,Chhattisgarh,KOREA,Central India,Baikunthpur,Underground,PUBLIC,0.216,0
KEDLA_OC,Kedla (OC),CCL,Jharkhand,RAMGARH,W.Bokaro,Hazaribagh,Opencast,PUBLIC,0.0,0
KEDLA_UG,Kedla UG,CCL,Jharkhand,RAMGARH,W.Bokaro,Hazaribagh,Underground,PUBLIC,0.0,0
KERANDARI,Kerandari,NTPC,Jharkhand,HAZARIBAGH,North Karanpura,Keredari,Opencast,PUBLIC,0.235,0
KETKI,Ketki,SECL,Chhattisgarh,SURGUJA,Central India,Bisrampur,Underground,PUBLIC,0.028,0
KHADIA_PROJECT,Khadia Project,NCL,Uttar Pradesh,SONBHADRA,Singrauli,Khadia,Opencast,PUBLIC,5.563,0
KHAIRAGURA_OC,Khairagura OC,SCCL,Telangana,Komaram Bheem,Godavari Valley,Belampalli,Opencast,PUBLIC,3.749,0
KHAIRAHA,Khairaha,SECL,Madhya Pradesh,SHAHDOL,Central India,Sohagpur,Underground,PUBLIC,0.877,0
KHANDRA_COLLIERY,Khandra Colliery,ECL,West Bengal,Bardhaman,Raniganj,Bankola,Underground,PUBLIC,0.091,0
KHARKHAREE,Kharkharee,BCCL,Jharkhand,DHANBAD,Jharia,Govindpur,Underground,PUBLIC,0.005,0
KHAS_KAJORA_COLLIERY,Khas Kajora Colliery,ECL,West Bengal,Bardhaman,Raniganj,Kajora,Underground,PUBLIC,0.136,0
KHOODIA,Khoodia,ECL,Jharkhand,DHANBAD,Mugma/Salanpur,Mugma,Underground,PUBLIC,0.025,0
KHOTTADIH_OCP,Khottadih OCP,ECL,West Bengal,Bardhaman,Raniganj,Pandaveswar,Opencast,PUBLIC,0.435,0
KHOTTADIH_UG,Khottadih UG,ECL,West Bengal,Bardhaman,Raniganj,Pandaveswar,Underground,PUBLIC,0.521,0
KISTARAM_OC,Kistaram OC,SCCL,Telangana,KHAMMAM,Godavari Valley,Kothagudem,Opencast,PUBLIC,2.4,0
KOLARPIMPRI,"Kolarpimpri,",WCL,Maharashtra,YAVATMAL,Wardha Valley,Wani North,Opencast,PUBLIC,1.5,0
KOLGAON_OC,Kolgaon OC,WCL,Maharashtra,YAVATMAL,Wardha,Wani,Opencast,PUBLIC,0.6,0
KONDAPURAM_UG,Kondapuram UG,SCCL,Telangana,KHAMMAM,Godavari Valley,Manuguru,Underground,PUBLIC,0.141,0
KOYA_GUNDEM_OC_II,Koya Gundem OC II,SCCL,Telangana,KHAMMAM,Godavari Valley,Yellandu,Opencast,PUBLIC,3.001,0
KRISHNSHILA_OCP,Krishnshila OCP,NCL,Uttar Pradesh,SONBHADRA,Singrauli,Krishnshila,Opencast,PUBLIC,2.781,0
KUJAMA,Kujama,BCCL,Jharkhand,DHANBAD,Jharia,Lodna,Opencast,PUBLIC,0.588,0
KUJU_COLLIERY,Kuju Colliery,CCL,Jharkhand,RAMGARH,W.Bokaro,Kuju,Opencast,PUBLIC,0.0,0
KULDA_OCP_BALINGA,Kulda OCP Balinga,MCL,Odisha,SUNDARGARH,IB Valley,Basundhara,Opencast,PUBLIC,21.0,0
KUMARDHUBI_COLLIERY,Kumardhubi Colliery,ECL,Jharkhand,DHANBAD,Mugma/Salanpur,Mugma,Underground,PUBLIC,0.02,0
KUMARDIHI_A_COLLIERY,Kumardihi-A Colliery,ECL,West Bengal,Bardhaman,Raniganj,Bankola,Underground,PUBLIC,0.089,0
KUMDA_7_8,Kumda 7 & 8,SECL,Chhattisgarh,SURGUJA,Central India,Bisrampur,Underground,PUBLIC,0.011,0
KUNUSTORIA_COLLIERY,Kunustoria Colliery,ECL,West Bengal,Bardhaman,Raniganj,Kunustoria,Underground,PUBLIC,0.079,0
KURASIA_UG,Kurasia UG,SECL,Chhattisgarh,KOREA,Central India,Chirimiri,Underground,PUBLIC,0.204,0
KURJA_SHEETALDHARA_KAPILDHARA,Kurja/Sheetaldhara/Kapildhara,SECL,Madhya Pradesh,SHAHDOL,Central India,Hasdeo,Underground,PUBLIC,0.808,0
KUSMUNDA_PROJECT,Kusmunda Project,SECL,Chhattisgarh,KORBA,Central India,Kusmunda,Opencast,PUBLIC,50.125,0
KUYA,Kuya,BCCL,Jharkhand,DHANBAD,Jharia,Bastacolla,Opencast,PUBLIC,2.8,0
LAIYO_UGP,Laiyo UGP,CCL,Jharkhand,RAMGARH,W.Bokaro,Hazaribagh,Underground,PUBLIC,0.0,0
LAJKURA_OCP,Lajkura OCP,MCL,Odisha,JHARSUGUDA,IB Valley,IB Valley,Opencast,PUBLIC,4.5,0
LAKHIMATA,Lakhimata,ECL,Jharkhand,DHANBAD,Mugma/Salanpur,Mugma,Underground,PUBLIC,0.059,0
LINGARAJ_OCP,Lingaraj OCP,MCL,Odisha,Angul,Talcher,Lingaraj,Opencast,PUBLIC,17.54,0
LOWER_KENDA_COLLIERY,Lower Kenda Colliery,ECL,West Bengal,Bardhaman,Raniganj,Kenda,Underground,PUBLIC,0.048,0
MADHAIPUR,Madhaipur,ECL,West Bengal,Bardhaman,Raniganj,Kajora,Mixed,PUBLIC,0.036,0
MADHAIPUR_MIXED,Madhaipur Mixed,ECL,West Bengal,Bardhaman,Raniganj,Pandaveswar,Mixed,PUBLIC,0.162,0
MADHUSUDANPUR_7_PIT_INCLINE,Madhusudanpur 7 Pit & Incline,ECL,West Bengal,Bardhaman,Raniganj,Kajora,Underground,PUBLIC,0.018,0
MAGADH_OCP,Magadh OCP,CCL,Jharkhand,CHATRA,N.K.Coalfields,Magadh,Opencast,PUBLIC,20.0,0
MAHADEOPURI,Mahadeopuri,WCL,Madhya Pradesh,CHHINDWARA,Pench & Kanhan,Pench,Underground,PUBLIC,0.033,0
MAHAKALI_COLLIERY,Mahakali Colliery,WCL,Maharashtra,CHANDRAPUR,Wardha,Chandrapur,Underground,PUBLIC,0.0,0
MAHESHPUR,Maheshpur,BCCL,Jharkhand,DHANBAD,Jharia,Govindpur,Underground,PUBLIC,0.029,0
MAKARDHOKRA_I_OC_EXPANSION_MINE,Makardhokra-I OC Expansion Mine,WCL,Maharashtra,NAGPUR,Umrer,Umrer,Opencast,PUBLIC,4.2,0
MAKARDHOKRA_III_OC_MINE,Makardhokra-III OC MINE,WCL,Maharashtra,NAGPUR,Umrer,Umrer,Opencast,PUBLIC,4.433,0
MANDARBONI,Mandarboni,ECL,West Bengal,Bardhaman,Raniganj,Pandaveswar,Underground,PUBLIC,0.033,0
MANIKPUR,Manikpur,SECL,Chhattisgarh,KORBA,Central India,Korba,Opencast,PUBLIC,5.25,0
MANKI_CHURI,Manki/Churi,CCL,Jharkhand,RANCHI,N.K.Coalfields,North Karanpura,Underground,PUBLIC,0.628,0
MANNA_INCLINE,Manna Incline,WCL,Maharashtra,CHANDRAPUR,Wardha,Chandrapur,Underground,PUBLIC,0.0,0
MANOHARPUR_COAL_MINE,Manoharpur Coal Mine,OCPL,Odisha,SUNDARGARH,IB Valley,Sundargarh,Opencast,PUBLIC,8.509,0
MANUGURU_OPENCAST,Manuguru Opencast,SCCL,Telangana,KHAMMAM,Godavari Valley,Manuguru,Opencast,PUBLIC,2.1,0
MARKI_MANGLI_I_COAL_MINE,Marki Mangli - I Coal Mine,TUML,Maharashtra,YAVATMAL,Wardha Valley,Marki Mangli-1 Coal Mine,Opencast,PRIVATE,0.001,0
MARKI_MANGLI_III,Marki Mangli III,BSIL,Maharashtra,YAVATMAL,Warda Valley,Marki Mangli -III,Opencast,PRIVATE,0.105,0
MATHANI,Mathani,WCL,Madhya Pradesh,CHHINDWARA,Pench & Kanhan,Pench,Underground,PUBLIC,0.091,0
MEERA,Meera,SECL,Madhya Pradesh,SHAHDOL,Central India,Jamuna & Kotma,Underground,PUBLIC,0.076,0
METHANI_COLLIERY,Methani Colliery,ECL,West Bengal,Bardhaman,Raniganj,Sodepur,Underground,PUBLIC,0.054,0
METICA_COAL_MINE,Metica Coal Mine,JKML,Jammu & Kashmir,Rajouri,Kalakota,Kalakota,Underground,PUBLIC,0.002,0
MOHAN_MOHAN_UG,Mohan (Mohan UG),WCL,Madhya Pradesh,CHHINDWARA,Pench & Kanhan,Kanhan,Mixed,PUBLIC,0.038,0
MOHANPUR_EXPN,Mohanpur (Expn),ECL,West Bengal,Bardhaman,Mugma/Salanpur,Salanpur,Opencast,PUBLIC,2.0,0
MOHER_MOHER_AMLOHRI_EXTN,Moher & Moher Amlohri Extn,WBPDCL,West Bengal,BIRBHUM,Raniganj,Bhimgarah,Opencast,PUBLIC,0.5,0
MOHER_MOHER_AMLOHRI_EXTN,Moher & Moher Amlohri Extn,Sasan Power Limited,Madhya Pradesh,SINGRAULI,Singrauli,Sasan Power Ltd,Opencast,PRIVATE,18.276,0
MOONIDIH,Moonidih,BCCL,Jharkhand,DHANBAD,Jharia,West Jharia,Underground,PUBLIC,0.484,0
MUDIDIH,Mudidih,BCCL,Jharkhand,DHANBAD,Jharia,Sijua,Opencast,PUBLIC,0.823,0
MUNGOLI_OCM,Mungoli OCM,WCL,Maharashtra,YAVATMAL,Wardha,Wani,Opencast,PUBLIC,5.25,0
N_C_P_H_COLLIERY_NEW,N.C.P.H. Colliery (NEW),SECL,Chhattisgarh,KOREA,Central India,Chirimiri,Underground,PUBLIC,0.351,0
NABAKAJORA_COLLIERY,Nabakajora Colliery,ECL,Jharkhand,RAMGARH,Raniganj,Kajora,Underground,PUBLIC,0.0,0
NAIGAON_OCM,Naigaon OCM,WCL,Maharashtra,YAVATMAL,Wardha,Wani,Opencast,PUBLIC,1.25,0
NAKC,NAKC,BCCL,Jharkhand,DHANBAD,Jharia,Govindpur,Mixed,PUBLIC,0.707,0
NAKRAKONDA_KUMARDIHI_B_UG,Nakrakonda -Kumardihi 'B' UG,ECL,West Bengal,Bardhaman,Raniganj,Bankola,Mixed,PUBLIC,1.511,0
NANDGAON_INCLINE,Nandgaon Incline,WCL,Maharashtra,CHANDRAPUR,Wardha,Chandrapur,Underground,PUBLIC,0.064,0
NANDIRA_COLLIERY,Nandira Colliery,MCL,Odisha,Angul,Talcher,Talcher (UG),Underground,PUBLIC,0.056,0
NARSAMUDA_COLLIERY,Narsamuda Colliery,ECL,West Bengal,Bardhaman,Raniganj,Sodepur,Underground,PUBLIC,0.053,0
NAVAPARA,Navapara,SECL,Chhattisgarh,SURGUJA,Central India,Bhatgaon,Underground,PUBLIC,0.052,0
NEELIJAY_OCM,Neelijay OCM,WCL,Maharashtra,YAVATMAL,Wardha,Wani,Opencast,PUBLIC,4.5,0
NEHARIYA,Nehariya,WCL,Madhya Pradesh,CHHINDWARA,Pench & Kanhan,Pench,Underground,PUBLIC,0.25,0
NEW_GODHUR_KUSUNDA_ALKUSA,New Godhur-Kusunda-Alkusa,BCCL,Jharkhand,DHANBAD,Jharia,Kusunda,Opencast,PUBLIC,1.208,0
NEW_KENDA_COLLIERY,New Kenda Colliery,ECL,West Bengal,Bardhaman,Raniganj,Kenda,Opencast,PUBLIC,0.622,0
NEW_MAJRI_I_A_II_EXTN_A_OC,New Majri - I(A) & II Extn. (A) OC,WCL,Maharashtra,CHANDRAPUR,Wardha,Majri,Opencast,PUBLIC,2.5,0
NEW_MAJRI_UG_TO_OC_EXPN,New Majri UG to OC Expn.,WCL,Maharashtra,CHANDRAPUR,Wardha,Majri,Opencast,PUBLIC,1.527,0
NEW_MOGHLA_COAL_MINE,New Moghla Coal Mine,JKML,Jammu & Kashmir,Rajouri,Kalakota,Kalakota,Underground,PUBLIC,0.006,0
NEW_SETHIA,New Sethia,WCL,Madhya Pradesh,CHHINDWARA,Pench & Kanhan,Pench,Opencast,PUBLIC,0.0,0
NICHITPUR,Nichitpur,BCCL,Jharkhand,DHANBAD,Jharia,Sijua,Opencast,PUBLIC,1.794,0
NIGAHI_PROJECT,Nigahi Project,NCL,Madhya Pradesh,SINGRAULI,Singrauli,Nigahi,Opencast,PUBLIC,33.006,0
NIMCHA_COLLIERY_NIMCHA_OC_AMKOLA_NIMCHA_HIGHWALL,"Nimcha Colliery , Nimcha OC (Amkola) & Nimcha Highwall",ECL,West Bengal,Bardhaman,Raniganj,Satgram,Mixed,PUBLIC,0.59,0
NINGAH_COLLIERY,Ningah Colliery,ECL,West Bengal,Bardhaman,Raniganj,Sripur,Underground,PUBLIC,0.017,0
NINGHA_SSI_OC,Ningha (SSI) OC,ECL,West Bengal,Bardhaman,Raniganj,Sripur,Opencast,PUBLIC,0.258,0
NIRSHA,Nirsha,ECL,Jharkhand,DHANBAD,Mugma/Salanpur,Mugma,Opencast,PUBLIC,0.147,0
NORTH_SEARSOLE_OC_COLLIERY,North Searsole OC Colliery,ECL,West Bengal,Bardhaman,Raniganj,Kunustoria,Opencast,PUBLIC,1.056,0
NORTH_URIMARI_BIRSA_OC,North Urimari/Birsa-OC,CCL,Jharkhand,HAZARIBAGH,S.K.Coalfields,Barka-Sayal,Opencast,PUBLIC,4.2,0
NOWROZABAD_W,Nowrozabad (W),SECL,Madhya Pradesh,UMARIA,Central India,Johilla,Underground,PUBLIC,0.098,0
NTST_JEENAGORA,NTST-Jeenagora,BCCL,Jharkhand,DHANBAD,Jharia,Lodna,Opencast,PUBLIC,4.767,0
ORIENT_MINE_NO_1_2,Orient Mine No. 1 & 2,MCL,Odisha,JHARSUGUDA,IB Valley,Orient,Underground,PUBLIC,0.199,0
PACCHWARA_NORTH_COAL_MINE,Pacchwara North Coal Mine,WBPDCL,Jharkhand,PAKUR,Rajmahal Area,Pacchwara,Opencast,PUBLIC,13.707,0
PACHHWARA_CENTRAL_COAL_MINE,Pachhwara Central Coal Mine,PSPCL,Jharkhand,PAKUR,Rajmahal,Amrapara-Maheshpur,Opencast,PUBLIC,4.628,0
PADAMPUR_OC,Padampur OC,WCL,Maharashtra,CHANDRAPUR,Wardha,Chandrapur,Opencast,PUBLIC,0.0,0
PADMAVATHI_KHANI_NO_5_INCLINE,Padmavathi Khani No.5 Incline,SCCL,Telangana,KHAMMAM,Godavari Valley,Kothagudem,Underground,PUBLIC,0.206,0
PAKRI_BARWADIH,Pakri Barwadih,NTPC,Jharkhand,HAZARIBAGH,North Karanpura,Hazaribagh,Opencast,PUBLIC,16.308,0
PALI,Pali,SECL,Madhya Pradesh,UMARIA,Central India,Johilla,Underground,PUBLIC,0.085,0
PANDAVESWAR_UG,Pandaveswar UG,ECL,West Bengal,Bardhaman,Raniganj,Pandaveswar,Underground,PUBLIC,0.076,0
PANDAVPARA_COLLIERY,Pandavpara Colliery,SECL,Chhattisgarh,KOREA,Central India,Baikunthpur,Underground,PUBLIC,0.248,0
PAONI_II_OCM,Paoni II OCM,WCL,Maharashtra,CHANDRAPUR,Wardha,Ballarpur,Opencast,PUBLIC,3.25,0
PARASEA_COLLIERY,Parasea Colliery,ECL,West Bengal,Bardhaman,Raniganj,Kunustoria,Underground,PUBLIC,0.109,0
PARBELIA_COLLIERY,Parbelia Colliery,ECL,West Bengal,PURULIA,Raniganj,Sodepur,Underground,PUBLIC,0.043,0
PAREJ_EAST_OCP,Parej East OCP,CCL,Jharkhand,RAMGARH,W.Bokaro,Hazaribagh,Opencast,PUBLIC,0.403,0
PARSA_EAST_AND_KANTA_BASAN_OCM,Parsa East and Kanta Basan OCM,RRVUNL,Chhattisgarh,SURGUJA,Hasdo-Arand,Parsa East and Kanta,Opencast,PUBLIC,6.701,0
PATANSAONGI_COLLIERY,Patansaongi Colliery,WCL,Maharashtra,NAGPUR,Kamptee/Silewara,Nagpur,Underground,PUBLIC,0.039,0
PATMOHANA_COLLIERY,Patmohana Colliery,ECL,West Bengal,Bardhaman,Raniganj,Sodepur,Underground,PUBLIC,0.046,0
PENGANGA_OC,Penganga OC,WCL,Maharashtra,CHANDRAPUR,Wardha,Wani,Opencast,PUBLIC,4.806,0
PIMPALGAON,"Pimpalgaon,",WCL,Maharashtra,YAVATMAL,Wardha Valley,Wani North,Opencast,PUBLIC,0.0,0
PINDRA_COLLIERY,Pindra Colliery,CCL,Jharkhand,RAMGARH,W.Bokaro,Kuju,Opencast,PUBLIC,0.0,0
PIPARIA,Piparia,SECL,Madhya Pradesh,UMARIA,Central India,Johilla,Underground,PUBLIC,0.081,0
PORASCOL_EAST_COLLIERY,Porascol East Colliery,ECL,West Bengal,Bardhaman,Raniganj,Kajora,Underground,PUBLIC,0.065,0
PORASCOL_WEST_COLLIERY,Porascol West Colliery,ECL,West Bengal,Bardhaman,Raniganj,Kajora,Underground,PUBLIC,0.062,0
PRAKASHAM_KHANI_OC,Prakasham Khani OC,SCCL,Telangana,KHAMMAM,Godavari Valley,Manuguru,Opencast,PUBLIC,10.45,0
PUNDI,Pundi,CCL,Jharkhand,RAMGARH,W.Bokaro,Kuju,Opencast,PUBLIC,0.0,0
PURE_SEARSOLE_COLLIERY,Pure Searsole Colliery,ECL,West Bengal,Bardhaman,Raniganj,Satgram,Underground,PUBLIC,0.035,0
PURNADIH,Purnadih,CCL,Jharkhand,RANCHI,N.K.Coalfields,North Karanpura,Opencast,PUBLIC,0.589,0
RAJENDRA,Rajendra,SECL,Madhya Pradesh,SHAHDOL,Central India,Sohagpur,Underground,PUBLIC,0.158,0
RAJHARA,Rajhara,CCL,Jharkhand,PALAMU,N.K.Coalfields,Rajhara,Opencast,PUBLIC,0.0,0
RAJMAHAL_OCP,Rajmahal OCP,ECL,Jharkhand,GODDA,Rajmahal,Rajmahal,Opencast,PUBLIC,12.052,0
RAJNAGAR_RO,Rajnagar RO,SECL,Madhya Pradesh,SHAHDOL,Central India,Hasdeo,Underground,PUBLIC,0.13,0
RAJPURA,Rajpura,ECL,Jharkhand,DHANBAD,Mugma/Salanpur,Mugma,Opencast,PUBLIC,0.076,0
RAJRAPPA_PROJECT,Rajrappa Project,CCL,Jharkhand,RAMGARH,Rajrappa,Rajrappa,Opencast,PUBLIC,1.303,0
RAJUR_UG,Rajur UG,WCL,Maharashtra,YAVATMAL,Wardha Valley,Wani North,Underground,PUBLIC,0.055,0
RAMAGUNDAM_OC_I_EXTN_PH_II,Ramagundam OC-I Extn. Ph-II,SCCL,Telangana,PEDDAPALLI,Godavari Valley,Ramagundam-III,Opencast,PUBLIC,5.911,0
RAMAGUNDAM_OC_3_OC_III,Ramagundam-OC 3 & OC III,SCCL,Telangana,PEDDAPALLI,Godavari Valley,Ramagundam-II,Opencast,PUBLIC,9.5,0
RAMAKRISHNAPUR_OC,Ramakrishnapur OC,SCCL,Telangana,MANCHERIAL,Godavari Valley,Mandamari,Opencast,PUBLIC,1.872,0
RAMNAGAR_COLLIERY,Ramnagar Colliery,IISCO,West Bengal,PASCHIM BARDHAMAN,Raniganj,Ramnagore,Opencast,PUBLIC,0.075,0
RAMNAGAR_COLLIERY,Ramnagar Colliery,IISCO,West Bengal,PASCHIM BARDHAMAN,Raniganj,Ramnagore,Underground,PUBLIC,0.0,0
RAMPUR_BATURA,Rampur Batura,SECL,Madhya Pradesh,SHAHDOL,Central India,Sohagpur,Opencast,PUBLIC,1.216,0
RANIATARI,Raniatari,SECL,Chhattisgarh,KOREA,Central India,Chirimiri,Underground,PUBLIC,0.48,0
RAVINDRA_KHANI_5_INCLINE,Ravindra Khani-5 Incline,SCCL,Telangana,MANCHERIAL,Godavari Valley,Srirampur,Underground,PUBLIC,0.277,0
RAVINDRA_KHANI_6_INCLINE,Ravindra Khani-6 Incline,SCCL,Telangana,MANCHERIAL,Godavari Valley,Srirampur,Underground,PUBLIC,0.195,0
RAVINDRA_KHANI_7_INCLINE,"Ravindra Khani-7,Incline",SCCL,Telangana,MANCHERIAL,Godavari Valley,Srirampur,Underground,PUBLIC,0.339,0
RAVINDRA_KHANI_NEW_TECH,"Ravindra Khani-New Tech,",SCCL,Telangana,MANCHERIAL,Godavari Valley,Srirampur,Underground,PUBLIC,0.161,0
REHAR,Rehar,SECL,Chhattisgarh,SURGUJA,Central India,Bisrampur,Underground,PUBLIC,0.031,0
RELIGARA,Religara,CCL,Jharkhand,HAZARIBAGH,S.K.Coalfields,Argada,Opencast,PUBLIC,0.499,0
ROCP_S_JHARIA,ROCP/S. Jharia,BCCL,Jharkhand,DHANBAD,Jharia,Bastacolla,Opencast,PUBLIC,2.158,0
ROHINI,Rohini,CCL,Jharkhand,RANCHI,N.K.Coalfields,North Karanpura,Opencast,PUBLIC,0.039,0
SAMLESWARI_OCP,Samleswari OCP,MCL,Odisha,JHARSUGUDA,IB Valley,IB Valley,Opencast,PUBLIC,8.06,0
SANKARPUR_COLLIERY,Sankarpur Colliery,ECL,West Bengal,Bardhaman,Raniganj,Bankola,Underground,PUBLIC,0.191,0
SAONER_MINE_II,Saoner Mine - II,WCL,Maharashtra,NAGPUR,Kamptee/Silewara,Nagpur,Underground,PUBLIC,0.179,0
SAONER_MINE_III,Saoner Mine - III,WCL,Maharashtra,NAGPUR,Kamptee/Silewara,Nagpur,Underground,PUBLIC,0.14,0
SAONER_MINE_I,Saoner Mine-I,WCL,Maharashtra,NAGPUR,Kamptee/Silewara,Nagpur,Underground,PUBLIC,0.186,0
SARAIPALI,Saraipali,SECL,Chhattisgarh,KORBA,Central India,Korba,Underground,PUBLIC,1.68,0
SARISATOLLI_COAL_MINE,Sarisatolli Coal Mine,CESC,West Bengal,PASCHIM BARDHAMAN,Raniganj,Sarisatolli,Opencast,PRIVATE,1.293,0
SARNI_MINE,Sarni Mine,WCL,Madhya Pradesh,BETUL,Pathakhera,Pathakhera,Underground,PUBLIC,0.0,0
SARUBERA,Sarubera,CCL,Jharkhand,RAMGARH,W.Bokaro,Kuju,Underground,PUBLIC,0.0,0
SASTI_EXPN_OCM,Sasti Expn. OCM,WCL,Maharashtra,CHANDRAPUR,Wardha,Ballarpur,Opencast,PUBLIC,1.889,0
SATGRAM_INCLINE,Satgram Incline,ECL,West Bengal,Bardhaman,Raniganj,Satgram,Underground,PUBLIC,0.032,0
SATGRAM_PROJECT,Satgram Project,ECL,West Bengal,Bardhaman,Raniganj,Satgram,Underground,PUBLIC,0.03,0
SAUNDA_NCDC,Saunda (Ncdc),CCL,Jharkhand,RAMGARH,S.K.Coalfields,Barka-Sayal,Underground,PUBLIC,0.0,0
SAYAL_D,Sayal `D',CCL,Jharkhand,RAMGARH,S.K.Coalfields,Barka-Sayal,Opencast,PUBLIC,1.009,0
SD_OC_MINE,SD OC Mine,CCL,Jharkhand,BOKARO,E. Bokaro,Dhori Area,Opencast,PUBLIC,1.581,0
SENDRA_BANSJORA,Sendra Bansjora,BCCL,Jharkhand,DHANBAD,Jharia,Sijua,Opencast,PUBLIC,0.601,0
SHAMPUR_B,Shampur B,ECL,Jharkhand,DHANBAD,Mugma/Salanpur,Mugma,Underground,PUBLIC,0.049,0
SHANTHI_KHANI,Shanthi Khani,SCCL,Telangana,MANCHERIAL,Godavari Valley,Mandamari,Underground,PUBLIC,0.09,0
SHARDA_HIGHWALL,Sharda Highwall,SECL,Madhya Pradesh,SHAHDOL,Central India,Sohagpur,Underground,PUBLIC,0.711,0
SHARDA_UG,Sharda UG,WCL,Madhya Pradesh,CHHINDWARA,Pench & Kanhan,Kanhan,Underground,PUBLIC,0.035,0
SHIVANI,Shivani,SECL,Chhattisgarh,SURGUJA,Central India,Bhatgaon,Underground,PUBLIC,0.233,0
SHYAM_SUNDARPUR_COLLIERY,Shyam Sundarpur Colliery,ECL,West Bengal,Bardhaman,Raniganj,Bankola,Underground,PUBLIC,0.72,0
SIAL_GHOGRI_COAL_MINE,Sial Ghogri Coal Mine,RCCPL,Madhya Pradesh,CHHINDWARA,Pench- Kanhan,Sial Ghogri,Underground,PRIVATE,0.329,0
SIARMAL_OCP,Siarmal OCP,MCL,Odisha,SUNDARGARH,IB Valley,Mahalaxmi,Opencast,PUBLIC,7.244,0
SIDULI_COLLIERY,Siduli Colliery,ECL,West Bengal,Bardhaman,Raniganj,Kenda,Mixed,PUBLIC,0.051,0
SIJUA_COLLIERY,Sijua Colliery,TSL,Jharkhand,DHANBAD,Jharia,Sijua,Underground,PRIVATE,0.246,0
SIKNI_OC_MINE,Sikni OC Mine,JSMDCL,Jharkhand,LATEHAR,Auranga,Sikni,Opencast,PUBLIC,0.336,0
SILEWARA_COLLIERY,Silewara Colliery,WCL,Maharashtra,NAGPUR,Kamptee/Silewara,Nagpur,Underground,PUBLIC,0.069,0
SINGHALI_COLLIERY,Singhali Colliery,SECL,Chhattisgarh,KORBA,Central India,Korba,Underground,PUBLIC,0.13,0
SINGORI_OC,Singori OC,WCL,Maharashtra,NAGPUR,Kamptee/Silewara,Nagpur,Opencast,PUBLIC,1.2,0
SIRKA,Sirka,CCL,Jharkhand,RAMGARH,S.K.Coalfields,Argada,Opencast,PUBLIC,0.116,0
SONEPUR_BAZARI_PROJECT_OCM,Sonepur Bazari Project OCM,ECL,West Bengal,Bardhaman,Raniganj,Sonepur-Bazari,Opencast,PUBLIC,12.374,0
SOUTH_SAMLA,South Samla,ECL,West Bengal,Bardhaman,Raniganj,Pandaveswar,Underground,PUBLIC,0.033,0
SRIRAMPUR_OC,Srirampur OC,SCCL,Telangana,MANCHERIAL,Godavari Valley,Srirampur,Opencast,PUBLIC,3.173,0
SRIRAMPUR_1_INCLINE,"Srirampur-1, Incline",SCCL,Telangana,MANCHERIAL,Godavari Valley,Srirampur,Underground,PUBLIC,0.114,0
SRIRAMPUR_3_3A_INCLINE,Srirampur-3 & 3A Incline,SCCL,Telangana,MANCHERIAL,Godavari Valley,Srirampur,Underground,PUBLIC,0.23,0
SULIYARI,Suliyari,APMDCL,Madhya Pradesh,SINGRAULI,Singrauli,Suliyari,Opencast,PUBLIC,5.0,0
TADICHERLA_1_OCM,Tadicherla 1 OCM,TGGENCO,Telangana,JAYASHANKAR BHUPALPALLY,Godavari Valley,Tadicherla 1,Opencast,PUBLIC,2.5,0
TAKLI_JENA_BELLORA,Takli Jena Bellora,AIPL,Maharashtra,CHANDRAPUR,Wardha,Wardha,Opencast,PRIVATE,0.085,0
TALABIRA_II_III,Talabira II & III,NLCIL,Odisha,SAMBALPUR,IB Valley,Neyvelli Lignite Field,Opencast,PUBLIC,12.641,0
TALAIPALLI_COAL_MINE,Talaipalli Coal Mine,NTPC,Chhattisgarh,RAIGARH,Mand-Raigarh,Talaipalli,Opencast,PUBLIC,7.543,0
TANDSI,Tandsi,WCL,Madhya Pradesh,CHHINDWARA,Pench & Kanhan,Kanhan,Underground,PUBLIC,0.036,0
TAPIN_NORTH,Tapin North,CCL,Jharkhand,RAMGARH,W.Bokaro,Hazaribagh,Opencast,PUBLIC,2.216,0
TAPIN_SOUTH,Tapin South,CCL,Jharkhand,HAZARIBAGH,W.Bokaro,Hazaribagh,Opencast,PUBLIC,1.43,0
TARA_E_W,Tara(E&W),WBPDCL,West Bengal,BIRBHUM,Raniganj,Gangaramchak,Opencast,PUBLIC,0.109,0
TARMI,Tarmi,CCL,Jharkhand,BOKARO,E. Bokaro,Dhori Area,Opencast,PUBLIC,0.283,0
TASRA_COLLIERY,Tasra Colliery,SAIL,Jharkhand,DHANBAD,Jharia,Tasra,Opencast,PUBLIC,0.333,0
TAWA_MINE,Tawa Mine,WCL,Madhya Pradesh,BETUL,Pathakhera,Pathakhera,Underground,PUBLIC,0.283,0
TAWA_II,Tawa-II,WCL,Madhya Pradesh,BETUL,Pathakhera,Pathakhera,Underground,PUBLIC,0.415,0
TETARIA_KHAR,Tetaria Khar,CCL,Jharkhand,LATEHAR,N.K.Coalfields,Rajhara,Opencast,PUBLIC,1.032,0
TETULMARI,Tetulmari,BCCL,Jharkhand,DHANBAD,Jharia,Sijua,Opencast,PUBLIC,0.318,0
TIKAK_COLLIERY,Tikak Colliery,NEC,Assam,TINSUKIA,Makum,Margherita,Opencast,PUBLIC,0.2,0
TILABONI_COLLIERY,Tilaboni Colliery,ECL,West Bengal,Bardhaman,Raniganj,Bankola,Underground,PUBLIC,0.122,0
TOPA_MARGINAL_SCHEME,Topa Marginal Scheme,CCL,Jharkhand,RAMGARH,W.Bokaro,Kuju,Opencast,PUBLIC,0.823,0
TRANS_DAMODAR_COAL_MINE,Trans Damodar Coal Mine,DPL,West Bengal,PASCHIM BARDHAMAN,Raniganj,Kasta,Opencast,PUBLIC,1.0,0
UKNI_OC,Ukni OC,WCL,Maharashtra,YAVATMAL,Wardha Valley,Wani North,Opencast,PUBLIC,1.839,0
UMARIA,Umaria,SECL,Madhya Pradesh,UMARIA,Central India,Johilla,Underground,PUBLIC,0.117,0
UMRER_OC_MINE,Umrer OC Mine,WCL,Maharashtra,NAGPUR,Umrer,Umrer,Opencast,PUBLIC,3.11,0
URDHAN,Urdhan,WCL,Madhya Pradesh,CHHINDWARA,Pench & Kanhan,Pench,Opencast,PUBLIC,0.7,0
URIMARI,Urimari,CCL,Jharkhand,HAZARIBAGH,S.K.Coalfields,Barka-Sayal,Underground,PUBLIC,0.0,0
URIMARI,Urimari,CCL,Jharkhand,HAZARIBAGH,S.K.Coalfields,Barka-Sayal,Opencast,PUBLIC,0.791,0
UTKAL_C_COAL_MINE,Utkal C Coal Mine,JSPL,Odisha,Angul,Talchar,Angul,Opencast,PRIVATE,1.027,0
UTKAL_D,Utkal D,NALCO,Odisha,Angul,Talchar,Utkal D,Opencast,PUBLIC,2.0,0
VAKILPALLI,Vakilpalli,SCCL,Telangana,PEDDAPALLI,Godavari Valley,Ramagundam-II,Underground,PUBLIC,0.35,0
VIJAY_WEST,Vijay West,SECL,Chhattisgarh,KORBA,Central India,Chirimiri,Underground,PUBLIC,0.5,0
VINDHYA,Vindhya,SECL,Madhya Pradesh,UMARIA,Central India,Johilla,Underground,PUBLIC,0.465,0
VISHNUPURI_II,Vishnupuri-II,WCL,Madhya Pradesh,CHHINDWARA,Pench & Kanhan,Pench,Underground,PUBLIC,0.085,0
WEST_BOKARO_OC_QUARRY_E_SE,West Bokaro OC (Quarry-E & SE),TSL,Jharkhand,HAZARIBAGH,West Bokaro,West Bokaro,Opencast,PRIVATE,5.081,0
WEST_BOKARO_OC_QUARRY_AB,West Bokaro OC Quarry-AB,TSL,Jharkhand,HAZARIBAGH,West Bokaro,West Bokaro,Opencast,PRIVATE,0.328,0
WEST_JHAGRAKHAND,West Jhagrakhand,SECL,Chhattisgarh,KOREA,Central India,Hasdeo,Underground,PUBLIC,0.082,0
