Producing Mine,State,Company,Production_2021_22,Production_2022_23,Production_2023_24,Change_2021_22_to_2022_23,Change_2022_23_to_2023_24,Percentage_Change_21_22_to_22_23,Percentage_Change_22_23_to_23_24,Production_Mean,Production_Std,Observation_Count,Zero_Production_Count,Latest_Production_Change,Latest_Percentage_Change,Missing_2021_22,Missing_2022_23,Missing_2023_24,Data_Sufficient
5/6 Pit KB,Jharkhand,BCCL,0.0,,,,,,,0.0,,1,1,,,0,1,1,0
"6 & 7 Pits Colliery,",Jharkhand,TSL,0.0,,,,,,,0.0,,1,1,,,0,1,1,0
"6 & 7 Pits Colliery,",Jharkhand,TSLJH,,0.0,0.0,,0.0,,,0.0,0.0,2,2,0.0,,1,0,0,1
ABGC,Jharkhand,BCCL,0.24,0.18,0.23,-0.06,0.05000000000000002,-25.0,27.77777777777779,0.21666666666666667,0.03214550253664319,3,0,0.05000000000000002,27.77777777777779,0,0,0,1
AEB Simlabhal,Jharkhand,BCCL,0.0,,,,,,,0.0,,1,1,,,0,1,1,0
AGKCC,Jharkhand,BCCL,0.03,0.14,0.02,0.11000000000000001,-0.12000000000000001,366.66666666666674,-85.71428571428571,0.06333333333333334,0.06658328118479394,3,0,-0.12000000000000001,-85.71428571428571,0,0,0,1
AKK OCP,Jharkhand,CCL,4.24,6.32,5.36,2.08,-0.96,49.056603773584904,-15.189873417721516,5.3066666666666675,1.041025135783634,3,0,-0.96,-15.189873417721516,0,0,0,1
AKWMC,Jharkhand,BCCL,4.2,3.81,3.1,-0.3900000000000001,-0.71,-9.285714285714288,-18.63517060367454,3.703333333333333,0.5577036249956902,3,0,-0.71,-18.63517060367454,0,0,0,1
AMP Colliery,Jharkhand,BCCL,1.49,1.93,4.86,0.43999999999999995,2.9300000000000006,29.530201342281874,151.81347150259072,2.7600000000000002,1.8319115699181554,3,0,2.9300000000000006,151.81347150259072,0,0,0,1
ARA,Jharkhand,CCL,0.0,,,,,,,0.0,,1,1,,,0,1,1,0
ARA Reorganisation,Jharkhand,CCL,0.0,0.0,,0.0,,,,0.0,0.0,2,2,,,0,0,1,1
Aadocm,Jharkhand,CCL,1.88,2.47,2.61,0.5900000000000003,0.13999999999999968,31.382978723404275,5.668016194331971,2.32,0.3874274125562104,3,0,0.13999999999999968,5.668016194331971,0,0,0,1
Adasa,Maharashtra,WCL,0.61,0.24,,-0.37,,-60.65573770491803,,0.425,0.2616295090390226,2,0,,,0,0,1,1
Adasa (UG to OC),Maharashtra,WCL,,,0.72,,,,,0.72,,1,0,,,1,1,0,0
Adriyala Project Area,Telangana,SCCL,1.15,,,,,,,1.15,,1,0,,,0,1,1,0
Adriyala Saft Project,Telangana,SCCL,,1.71,1.47,,-0.24,,-14.035087719298245,1.5899999999999999,0.16970562748477142,2,0,-0.24,-14.035087719298245,1,0,0,1
Amadand,Madhya Pradesh,SECL,0.0,0.87,1.38,0.87,0.5099999999999999,,58.6206896551724,0.75,0.6977822009767803,3,1,0.5099999999999999,58.6206896551724,0,0,0,1
Amagamated Dhansar-Industry,Jharkhand,BCCL,0.55,0.64,0.79,0.08999999999999997,0.15000000000000002,16.36363636363636,23.437500000000004,0.66,0.12124355652982141,3,0,0.15000000000000002,23.437500000000004,0,0,0,1
Amalgamated B OCP,Jharkhand,BCCL,3.7,4.68,,0.9799999999999995,,26.48648648648647,,4.1899999999999995,0.6929646455628162,2,0,,,0,0,1,1
Amalgamated BOCP,Jharkhand,BCCL,,,5.36,,,,,5.36,,1,0,,,1,1,0,0
Amalgamated Gondegaon Ghatrohana,Maharashtra,WCL,,3.5,3.5,,0.0,,0.0,3.5,0.0,2,0,0.0,0.0,1,0,0,1
Amalgamated Inder Kamptee OCM,Maharashtra,WCL,,2.51,3.09,,0.5800000000000001,,23.107569721115542,2.8,0.4101219330881976,2,0,0.5800000000000001,23.107569721115542,1,0,0,1
Amalgamated Yekona I & II,Maharashtra,WCL,2.42,2.75,2.75,0.33000000000000007,0.0,13.63636363636364,0.0,2.64,0.19052558883257653,3,0,0.0,0.0,0,0,0,1
Amalgameted Sudamdih-Patherdih,Jharkhand,BCCL,0.41,0.43,0.41,0.020000000000000018,-0.020000000000000018,4.878048780487809,-4.651162790697678,0.4166666666666667,0.011547005383792525,3,0,-0.020000000000000018,-4.651162790697678,0,0,0,1
Amanand OC,Madhya Pradesh,SECL,1.67,,,,,,,1.67,,1,0,,,0,1,1,0
Amelia (North ) Coal Mine,Madhya Pradesh,JPVL,2.8,3.36,3.92,0.56,0.56,20.000000000000004,16.666666666666668,3.36,0.56,3,0,0.56,16.666666666666668,0,0,0,1
Amelia Coal Block,Madhya Pradesh,THDC,,0.31,1.25,,0.94,,303.2258064516129,0.78,0.6646803743153546,2,0,0.94,303.2258064516129,1,0,0,1
Amera,Chhattisgarh,SECL,0.0,0.0,0.28,0.0,0.28,,,0.09333333333333334,0.16165807537309523,3,2,0.28,,0,0,0,1
Amgaon,Chhattisgarh,SECL,0.0,0.74,1.0,0.74,0.26,,35.13513513513514,0.58,0.5188448708429139,3,1,0.26,35.13513513513514,0,0,0,1
Amlabad,Jharkhand,BCCL,0.0,,,,,,,0.0,,1,1,,,0,1,1,0
Amlai OC,Madhya Pradesh,SECL,1.32,2.03,2.03,0.7099999999999997,0.0,53.78787878787876,0.0,1.793333333333333,0.40991869112463414,3,0,0.0,0.0,0,0,0,1
Amlai UG,Madhya Pradesh,SECL,0.0,,,,,,,0.0,,1,1,,,0,1,1,0
Amlo,Jharkhand,CCL,0.0,,,,,,,0.0,,1,1,,,0,1,1,0
Amlohri,Madhya Pradesh,NCL,14.0,15.0,15.0,1.0,0.0,7.142857142857142,0.0,14.666666666666666,0.5773502691896257,3,0,0.0,0.0,0,0,0,1
Amrapali OCP,Jharkhand,CCL,16.59,18.0,22.58,1.4100000000000001,4.579999999999998,8.499095840867994,25.444444444444436,19.05666666666667,3.1316821890692115,3,0,4.579999999999998,25.444444444444436,0,0,0,1
Amritnagar Colliery,West Bengal,ECL,0.09,0.06,0.05,-0.03,-0.009999999999999995,-33.33333333333333,-16.66666666666666,0.06666666666666667,0.020816659994661323,3,0,-0.009999999999999995,-16.66666666666666,0,0,0,1
Ananta OCP,Odisha,MCL,13.58,17.1,20.0,3.5200000000000014,2.8999999999999986,25.92047128129603,16.959064327485372,16.893333333333334,3.214985743877153,3,0,2.8999999999999986,16.959064327485372,0,0,0,1
Ardhagram,Odisha,OCL,,0.0,,,,,,0.0,,1,1,,,1,0,1,0
Argada,Jharkhand,CCL,0.0,,,,,,,0.0,,1,1,,,0,1,1,0
Ashoka,Jharkhand,CCL,13.13,10.72,9.85,-2.41,-0.870000000000001,-18.354912414318356,-8.115671641791053,11.233333333333334,1.6991860796667724,3,0,-0.870000000000001,-8.115671641791053,0,0,0,1
B' - Seam,Chhattisgarh,SECL,0.0,,,,,,,0.0,,1,1,,,0,1,1,0
B.S.I. UG,Jharkhand,CCL,0.0,,,,,,,0.0,,1,1,,,0,1,1,0
Bachra,Jharkhand,CCL,0.0,,,,,,,0.0,,1,1,,,0,1,1,0
Badjna Colliery,Jharkhand,ECL,0.05,0.09,0.11,0.039999999999999994,0.020000000000000004,79.99999999999999,22.222222222222225,0.08333333333333333,0.030550504633038933,3,0,0.020000000000000004,22.222222222222225,0,0,0,1
Bagadeva,Chhattisgarh,SECL,0.37,,,,,,,0.37,,1,0,,,0,1,1,0
Bagdeva,Chhattisgarh,SECL,,0.34,0.29,,-0.050000000000000044,,-14.705882352941188,0.315,0.03535533905932741,2,0,-0.050000000000000044,-14.705882352941188,1,0,0,1
Bagdigi,Jharkhand,BCCL,0.0,,,,,,,0.0,,1,1,,,0,1,1,0
Bahula Colliery,West Bengal,ECL,0.11,0.05,0.05,-0.06,0.0,-54.54545454545454,0.0,0.07,0.034641016151377546,3,0,0.0,0.0,0,0,0,1
Baiga,Madhya Pradesh,SECL,0.0,,,,,,,0.0,,1,1,,,0,1,1,0
Balanda Colliery,Odisha,MCL,0.0,,,,,,,0.0,,1,1,,,0,1,1,0
Balgi,Chhattisgarh,SECL,0.08,0.07,0.05,-0.009999999999999995,-0.020000000000000004,-12.499999999999993,-28.571428571428577,0.06666666666666667,0.015275252316519466,3,0,-0.020000000000000004,-28.571428571428577,0,0,0,1
Ballarpur 3 & 4 Pits,Maharashtra,WCL,0.09,0.11,0.07,0.020000000000000004,-0.039999999999999994,22.222222222222225,-36.36363636363636,0.09000000000000001,0.019999999999999997,3,0,-0.039999999999999994,-36.36363636363636,0,0,0,1
Ballarpur OCM,Maharashtra,WCL,0.27,0.1,0.63,-0.17,0.53,-62.96296296296296,530.0,0.3333333333333333,0.27061657993059723,3,0,0.53,530.0,0,0,0,1
Balram OCP,Odisha,MCL,6.53,7.74,7.74,1.21,0.0,18.529862174578867,0.0,7.336666666666666,0.6985938257194472,3,0,0.0,0.0,0,0,0,1
Balrampur,Chhattisgarh,SECL,0.04,0.1,0.12,0.060000000000000005,0.01999999999999999,150.0,19.99999999999999,0.08666666666666667,0.041633319989322654,3,0,0.01999999999999999,19.99999999999999,0,0,0,1
Bangwar,Madhya Pradesh,SECL,0.65,0.65,0.65,0.0,0.0,0.0,0.0,0.65,0.0,3,0,0.0,0.0,0,0,0,1
Banki,Chhattisgarh,SECL,0.0,,,,,,,0.0,,1,1,,,0,1,1,0
Bankola Colliery,West Bengal,ECL,0.17,0.19,0.16,0.01999999999999999,-0.03,11.764705882352935,-15.789473684210526,0.17333333333333334,0.015275252316519465,3,0,-0.03,-15.789473684210526,0,0,0,1
Bansdeopur,Jharkhand,BCCL,0.21,,,,,,,0.21,,1,0,,,0,1,1,0
Bansra Colliery,West Bengal,ECL,0.26,0.17,0.13,-0.09,-0.04000000000000001,-34.61538461538461,-23.529411764705884,0.18666666666666668,0.06658328118479394,3,0,-0.04000000000000001,-23.529411764705884,0,0,0,1
Baranj,Maharashtra,KPCL,1.26,1.61,2.5,0.3500000000000001,0.8899999999999999,27.777777777777786,55.27950310559005,1.79,0.6392964883369844,3,0,0.8899999999999999,55.27950310559005,0,0,0,1
Bararee,Jharkhand,BCCL,0.0,,,,,,,0.0,,1,1,,,0,1,1,0
Barjora (North) Coal Mine,West Bengal,WBPDCL,1.03,,,,,,,1.03,,1,0,,,0,1,1,0
Barjora (North) Coal Mine,West Bengal,WBPDCL_BN,,2.01,1.12,,-0.8899999999999997,,-44.27860696517412,1.565,0.6293250352560271,2,0,-0.8899999999999997,-44.27860696517412,1,0,0,1
Barjora Coal Mine,West Bengal,WBPDCL,0.32,,,,,,,0.32,,1,0,,,0,1,1,0
Barjora Coal Mine,West Bengal,WBPDCL_B,,0.5,0.5,,0.0,,0.0,0.5,0.0,2,0,0.0,0.0,1,0,0,1
Barkui,Madhya Pradesh,WCL,0.13,,,,,,,0.13,,1,0,,,0,1,1,0
Barmuri,Jharkhand,ECL,0.41,0.5,0.51,0.09000000000000002,0.010000000000000009,21.95121951219513,2.0000000000000018,0.47333333333333333,0.05507570547286104,3,0,0.010000000000000009,2.0000000000000018,0,0,0,1
Baroud,Chhattisgarh,SECL,2.52,,,,,,,2.52,,1,0,,,0,1,1,0
Baroud OC,Chhattisgarh,SECL,,3.5,4.2,,0.7000000000000002,,20.000000000000004,3.85,0.4949747468305834,2,0,0.7000000000000002,20.000000000000004,1,0,0,1
Bartarai,Madhya Pradesh,SECL,0.17,0.16,0.17,-0.010000000000000009,0.010000000000000009,-5.8823529411764754,6.250000000000005,0.16666666666666666,0.005773502691896262,3,0,0.010000000000000009,6.250000000000005,0,0,0,1
Bartunga Hill,Chhattisgarh,SECL,,,0.08,,,,,0.08,,1,0,,,1,1,0,0
Basantimata -Dahibari,Jharkhand,BCCL,0.78,0.63,0.55,-0.15000000000000002,-0.07999999999999996,-19.230769230769234,-12.698412698412692,0.6533333333333334,0.1167618659209133,3,0,-0.07999999999999996,-12.698412698412692,0,0,0,1
Basdeopur,Jharkhand,BCCL,,0.14,0.14,,0.0,,0.0,0.14,0.0,2,0,0.0,0.0,1,0,0,1
Bastacolla,Jharkhand,BCCL,1.42,1.81,2.1,0.3900000000000001,0.29000000000000004,27.464788732394375,16.022099447513813,1.7766666666666666,0.3412232895529457,3,0,0.29000000000000004,16.022099447513813,0,0,0,1
Basundhara (West),Odisha,MCL,1.0,0.95,,-0.050000000000000044,,-5.000000000000004,,0.975,0.03535533905932741,2,0,,,0,0,1,1
Basundhara (West) OCP,Odisha,MCL,,,1.43,,,,,1.43,,1,0,,,1,1,0,0
Basuriya,Jharkhand,BCCL,0.0,,,,,,,0.0,,1,1,,,0,1,1,0
Behraband,Madhya Pradesh,SECL,0.42,0.56,0.6,0.14000000000000007,0.039999999999999925,33.33333333333336,7.142857142857128,0.5266666666666667,0.09451631252505217,3,0,0.039999999999999925,7.142857142857128,0,0,0,1
Bejdih Colliery,West Bengal,ECL,0.03,0.04,0.04,0.010000000000000002,0.0,33.33333333333334,0.0,0.036666666666666674,0.005773502691896259,3,0,0.0,0.0,0,0,0,1
Belampalli OC-II,Telangana,SCCL,0.09,,,,,,,0.09,,1,0,,,0,1,1,0
Belbaid Colliery,West Bengal,ECL,0.05,0.04,0.04,-0.010000000000000002,0.0,-20.000000000000004,0.0,0.043333333333333335,0.005773502691896258,3,0,0.0,0.0,0,0,0,1
Belgaon Coal Mine,Maharashtra,SIL,,0.19,0.15,,-0.04000000000000001,,-21.052631578947373,0.16999999999999998,0.02828427124746191,2,0,-0.04000000000000001,-21.052631578947373,1,0,0,1
Belgaon UG Coal Mine,Maharashtra,SIL,0.17,,,,,,,0.17,,1,0,,,0,1,1,0
Bellora Naigaon Deep,Maharashtra,WCL,0.94,,,,,,,0.94,,1,0,,,0,1,1,0
Belpahar OCP,Odisha,MCL,7.25,7.51,,0.2599999999999998,,3.586206896551721,,7.38,0.1838477631085022,2,0,,,0,0,1,1
Bera,Jharkhand,BCCL,0.01,,,,,,,0.01,,1,0,,,0,1,1,0
Bhadra,Madhya Pradesh,SECL,0.1,0.13,0.1,0.03,-0.03,30.0,-23.076923076923077,0.11,0.017320508075688773,3,0,-0.03,-23.076923076923077,0,0,0,1
Bhagabandh,Jharkhand,BCCL,0.0,,,,,,,0.0,,1,1,,,0,1,1,0
Bhajipani,Madhya Pradesh,WCL,0.0,,,,,,,0.0,,1,1,,,0,1,1,0
Bhanegaon,Maharashtra,WCL,0.63,,,,,,,0.63,,1,0,,,0,1,1,0
Bhanegaon OCM,Maharashtra,WCL,,0.4,1.15,,0.7499999999999999,,187.49999999999994,0.7749999999999999,0.5303300858899105,2,0,0.7499999999999999,187.49999999999994,1,0,0,1
Bhanora West Block colliery & Bhanora OC patch (H),West Bengal,ECL,0.06,0.03,0.03,-0.03,0.0,-50.0,0.0,0.04,0.017320508075688773,3,0,0.0,0.0,0,0,0,1
Bharatpur,Odisha,MCL,9.25,9.25,,0.0,,0.0,,9.25,0.0,2,0,,,0,0,1,1
Bharatpur OCP,Odisha,MCL,,,11.12,,,,,11.12,,1,0,,,1,1,0,0
Bhatadi OC Mine,Maharashtra,WCL,1.3,1.47,0.85,0.16999999999999993,-0.62,13.076923076923071,-42.17687074829932,1.2066666666666668,0.32036437588054845,3,0,-0.62,-42.17687074829932,0,0,0,1
Bhatgaon,Chhattisgarh,SECL,0.27,0.23,0.19,-0.04000000000000001,-0.04000000000000001,-14.814814814814817,-17.39130434782609,0.22999999999999998,0.04000000000000001,3,0,-0.04000000000000001,-17.39130434782609,0,0,0,1
"Bhelatand 'A' Colliery,",Jharkhand,TSL,0.26,,,,,,,0.26,,1,0,,,0,1,1,0
"Bhelatand Colliery,",Jharkhand,TSLJH,,0.23,0.22,,-0.010000000000000009,,-4.347826086956525,0.225,0.007071067811865481,2,0,-0.010000000000000009,-4.347826086956525,1,0,0,1
Bhowra(N),Jharkhand,BCCL,0.0,0.0,,0.0,,,,0.0,0.0,2,2,,,0,0,1,1
Bhowra(S),Jharkhand,BCCL,0.26,0.36,0.71,0.09999999999999998,0.35,38.46153846153845,97.22222222222221,0.44333333333333336,0.2362907813126304,3,0,0.35,97.22222222222221,0,0,0,1
Bhubaneswari OCP,Odisha,MCL,28.0,30.0,24.24,2.0,-5.760000000000002,7.142857142857142,-19.200000000000006,27.41333333333333,2.9244714622190005,3,0,-5.760000000000002,-19.200000000000006,0,0,0,1
Bhurkunda,Jharkhand,CCL,0.0,0.0,,0.0,,,,0.0,0.0,2,2,,,0,0,1,1
Bhurkunda (Sangum),Jharkhand,CCL,0.0,0.41,0.14,0.41,-0.26999999999999996,,-65.85365853658536,0.18333333333333335,0.20840665376454115,3,1,-0.26999999999999996,-65.85365853658536,0,0,0,1
Bicharpur,Madhya Pradesh,UTCL,0.02,0.36,0.75,0.33999999999999997,0.39,1699.9999999999995,108.33333333333334,0.37666666666666665,0.3652852766446156,3,0,0.39,108.33333333333334,0,0,0,1
Bijari OC,Chhattisgarh,SECL,1.03,0.76,1.61,-0.27,0.8500000000000001,-26.21359223300971,111.8421052631579,1.1333333333333335,0.4343193909248508,3,0,0.8500000000000001,111.8421052631579,0,0,0,1
Bijuri,Madhya Pradesh,SECL,0.12,0.14,0.09,0.020000000000000018,-0.05000000000000002,16.666666666666682,-35.71428571428572,0.11666666666666665,0.02516611478423584,3,0,-0.05000000000000002,-35.71428571428572,0,0,0,1
Bina Extn,Uttar Pradesh,NCL,9.0,10.5,10.5,1.5,0.0,16.666666666666664,0.0,10.0,0.8660254037844386,3,0,0.0,0.0,0,0,0,1
Birsinghpur,Madhya Pradesh,SECL,0.0,,,,,,,0.0,,1,1,,,0,1,1,0
"Bisrampur,",Chhattisgarh,SECL,0.0,,,,,,,0.0,,1,1,,,0,1,1,0
Block-B OCP,Madhya Pradesh,NCL,5.47,,,,,,,5.47,,1,0,,,0,1,1,0
Block-B Project,Madhya Pradesh,NCL,,5.47,5.47,,0.0,,0.0,5.47,0.0,2,0,0.0,0.0,1,0,0,1
Bokaro OC (Bermo),Jharkhand,CCL,0.15,0.31,0.33,0.16,0.020000000000000018,106.66666666666667,6.451612903225811,0.26333333333333336,0.09865765724632496,3,0,0.020000000000000018,6.451612903225811,0,0,0,1
Bonjemehari OC (Extn),West Bengal,ECL,,,0.32,,,,,0.32,,1,0,,,1,1,0,0
Bonjemihari (Extn),West Bengal,ECL,0.07,0.14,,0.07,,100.0,,0.10500000000000001,0.04949747468305833,2,0,,,0,0,1,1
Buragarh,Jharkhand,BCCL,0.0,,,,,,,0.0,,1,1,,,0,1,1,0
C L Jambad Colliery,West Bengal,ECL,0.04,0.01,0.03,-0.03,0.019999999999999997,-75.0,199.99999999999994,0.02666666666666667,0.015275252316519468,3,0,0.019999999999999997,199.99999999999994,0,0,0,1
Central Kajora Colliery,West Bengal,ECL,0.08,0.09,0.07,0.009999999999999995,-0.01999999999999999,12.499999999999993,-22.222222222222214,0.08,0.009999999999999995,3,0,-0.01999999999999999,-22.222222222222214,0,0,0,1
Central Saunda,Jharkhand,CCL,0.0,0.0,,0.0,,,,0.0,0.0,2,2,,,0,0,1,1
Chachai,Madhya Pradesh,SECL,0.0,,,,,,,0.0,,1,1,,,0,1,1,0
Chainpur(Sarubera) Colly.,Jharkhand,CCL,0.0,0.0,0.0,0.0,0.0,,,0.0,0.0,3,3,0.0,,0,0,0,1
Chanda Rayatwari Colly.,Maharashtra,WCL,0.0,,,,,,,0.0,,1,1,,,0,1,1,0
Chapapur-II,Jharkhand,ECL,0.19,0.39,,0.2,,105.26315789473684,,0.29000000000000004,0.14142135623730953,2,0,,,0,0,1,1
Chapapur-II & Chappapur 10 Quarry (OC),Jharkhand,ECL,,,0.45,,,,,0.45,,1,0,,,1,1,0,0
Chapuikhas Colliery,West Bengal,ECL,0.02,0.02,0.02,0.0,0.0,0.0,0.0,0.02,0.0,3,0,0.0,0.0,0,0,0,1
Charanpur OCP,West Bengal,ECL,,,0.05,,,,,0.05,,1,0,,,1,1,0,0
Chasnalla Colliery,Jharkhand,IISCO,0.0,,,,,,,0.0,,1,1,,,0,1,1,0
Chasnalla Colliery,Jharkhand,IISCOC,,0.06,0.1,,0.04000000000000001,,66.66666666666669,0.08,0.02828427124746191,2,0,0.04000000000000001,66.66666666666669,1,0,0,1
Chatti Bariatu Coal Mining Project,Chhattisgarh,NTPC_CB,,0.58,,,,,,0.58,,1,0,,,1,0,1,0
Chatti Bariatu Coal Mining Project,Jharkhand,NTPC_CB,,,3.3,,,,,3.3,,1,0,,,1,1,0,0
Chendipada OCP,Odisha,MCL,0.0,,,,,,,0.0,,1,1,,,0,1,1,0
Chhal,Chhattisgarh,SECL,3.34,3.85,,0.5100000000000002,,15.269461077844317,,3.5949999999999998,0.3606244584051394,2,0,,,0,0,1,1
Chhal Incline,Chhattisgarh,SECL,0.0,,,,,,,0.0,,1,1,,,0,1,1,0
Chhal OC,Chhattisgarh,SECL,,,5.51,,,,,5.51,,1,0,,,1,1,0,0
Chhatarpur -II,Madhya Pradesh,WCL,0.07,0.13,0.05,0.06,-0.08,85.7142857142857,-61.53846153846154,0.08333333333333333,0.041633319989322654,3,0,-0.08,-61.53846153846154,0,0,0,1
Chhatarpur 1,Madhya Pradesh,WCL,0.33,0.41,0.65,0.07999999999999996,0.24000000000000005,24.242424242424228,58.536585365853675,0.4633333333333334,0.16653327995729061,3,0,0.24000000000000005,58.536585365853675,0,0,0,1
Chhinda,Madhya Pradesh,WCL,0.0,,0.0,,,,,0.0,0.0,2,2,,,0,1,0,1
Chinakuri - III Colliery,West Bengal,ECL,0.05,0.07,,0.020000000000000004,,40.00000000000001,,0.060000000000000005,0.014142135623730954,2,0,,,0,0,1,1
Chinakuri Mine III,West Bengal,ECL,,,0.07,,,,,0.07,,1,0,,,1,1,0,0
Chirimiri,Chhattisgarh,SECL,0.92,0.7,0.96,-0.22000000000000008,0.26,-23.913043478260878,37.142857142857146,0.86,0.14,3,0,0.26,37.142857142857146,0,0,0,1
Chirimiri Anjan Hill,Chhattisgarh,SECL,0.0,,,,,,,0.0,,1,1,,,0,1,1,0
Chirimiri Bartunga Hill,Chhattisgarh,SECL,0.13,0.11,,-0.020000000000000004,,-15.384615384615389,,0.12,0.014142135623730954,2,0,,,0,0,1,1
Chitra East OCP,Jharkhand,ECL,0.99,1.03,1.76,0.040000000000000036,0.73,4.040404040404044,70.87378640776699,1.26,0.43347433603386487,3,0,0.73,70.87378640776699,0,0,0,1
Chora 10 Pit Colliery,West Bengal,ECL,0.03,0.04,0.04,0.010000000000000002,0.0,33.33333333333334,0.0,0.036666666666666674,0.005773502691896259,3,0,0.0,0.0,0,0,0,1
Chora 7&9 Pits Colliery,West Bengal,ECL,0.07,0.06,0.06,-0.010000000000000009,0.0,-14.285714285714295,0.0,0.06333333333333334,0.005773502691896263,3,0,0.0,0.0,0,0,0,1
Chora Block Incline UG & Shankarpur OC & Banbahal OC,West Bengal,ECL,,,0.28,,,,,0.28,,1,0,,,1,1,0,0
Chora Block Incline UG & Shankarpur OC (D) & Banbahal(H),West Bengal,ECL,0.36,0.38,,0.020000000000000018,,5.555555555555561,,0.37,0.014142135623730963,2,0,,,0,0,1,1
Chotia Coal Mine,Chhattisgarh,BALCO,0.0,1.0,1.0,1.0,0.0,,0.0,0.6666666666666666,0.5773502691896258,3,1,0.0,0.0,0,0,0,1
Churcha,Chhattisgarh,SECL,1.29,,,,,,,1.29,,1,0,,,0,1,1,0
Churcha RO,Chhattisgarh,SECL,,,1.41,,,,,1.41,,1,0,,,1,1,0,0
Churcha West,Chhattisgarh,SECL,0.0,1.03,,1.03,,,,0.515,0.728319984622144,2,1,,,0,0,1,1
DVC Bermo Mines,Jharkhand,DVC,0.0,,,,,,,0.0,,1,1,,,0,1,1,0
DVC Bermo Mines,Jharkhand,DVC_B,,0.0,,,,,,0.0,,1,1,,,1,0,1,0
DVC Tubed Mines,Jharkhand,DVC_T,,0.03,1.52,,1.49,,4966.666666666667,0.775,1.053589103967956,2,0,1.49,4966.666666666667,1,0,0,1
Dabor Ph-II & III OC,West Bengal,ECL,0.5,0.17,0.34,-0.32999999999999996,0.17,-65.99999999999999,100.0,0.33666666666666667,0.16502525059315418,3,0,0.17,100.0,0,0,0,1
Dakra Bukbuka,Jharkhand,CCL,0.55,0.48,0.29,-0.07000000000000006,-0.19,-12.727272727272737,-39.583333333333336,0.44,0.13453624047073715,3,0,-0.19,-39.583333333333336,0,0,0,1
Dalurband OC,West Bengal,ECL,,,0.73,,,,,0.73,,1,0,,,1,1,0,0
Dalurband OC Patch,West Bengal,ECL,0.19,0.16,,-0.03,,-15.789473684210526,,0.175,0.021213203435596427,2,0,,,0,0,1,1
Damagoria OCP,West Bengal,BCCL,0.16,0.0,,-0.16,,-100.0,,0.08,0.1131370849898476,2,1,,,0,0,1,1
Damini,Madhya Pradesh,SECL,0.3,0.28,0.27,-0.019999999999999962,-0.010000000000000009,-6.666666666666654,-3.571428571428574,0.2833333333333334,0.01527525231651945,3,0,-0.010000000000000009,-3.571428571428574,0,0,0,1
Damoda,Jharkhand,BCCL,0.45,0.52,0.56,0.07,0.040000000000000036,15.555555555555555,7.692307692307699,0.51,0.05567764362830024,3,0,0.040000000000000036,7.692307692307699,0,0,0,1
Dhankasa & Jamunia,Madhya Pradesh,WCL,,0.0,0.0,,0.0,,,0.0,0.0,2,2,0.0,,1,0,0,1
Dhanpuri,Madhya Pradesh,SECL,0.45,0.52,0.13,0.07,-0.39,15.555555555555555,-75.0,0.3666666666666667,0.20792626898334257,3,0,-0.39,-75.0,0,0,0,1
Dharam Incline,Chhattisgarh,SECL,0.0,,,,,,,0.0,,1,1,,,0,1,1,0
Dharmabandh/S.Govindpur/Teturiya,Jharkhand,BCCL,0.0,,,,,,,0.0,,1,1,,,0,1,1,0
Dhelwadih Colliery,Chhattisgarh,SECL,0.13,0.12,0.13,-0.010000000000000009,0.010000000000000009,-7.692307692307699,8.333333333333341,0.12666666666666668,0.005773502691896263,3,0,0.010000000000000009,8.333333333333341,0,0,0,1
Dhemomain Incl Colliery,West Bengal,ECL,0.02,0.02,0.02,0.0,0.0,0.0,0.0,0.02,0.0,3,0,0.0,0.0,0,0,0,1
Dhemomain Pit Colliery,West Bengal,ECL,0.02,0.03,0.03,0.009999999999999998,0.0,49.999999999999986,0.0,0.02666666666666667,0.005773502691896256,3,0,0.0,0.0,0,0,0,1
Dhoptala OC (Sasti Colliery),Maharashtra,WCL,,0.7,1.68,,0.98,,140.0,1.19,0.6929646455628166,2,0,0.98,140.0,1,0,0,1
Dhore East OC,Jharkhand,CCL,0.0,,,,,,,0.0,,1,1,,,0,1,1,0
Dhori Khas(OC),Jharkhand,CCL,0.0,,,,,,,0.0,,1,1,,,0,1,1,0
Dhori Khas(UG),Jharkhand,CCL,0.13,0.13,0.14,0.0,0.010000000000000009,0.0,7.692307692307699,0.13333333333333333,0.005773502691896263,3,0,0.010000000000000009,7.692307692307699,0,0,0,1
Dhorwasa OC,Maharashtra,WCL,0.0,,,,,,,0.0,,1,1,,,0,1,1,0
"Digwadih Colliery,",Jharkhand,TSL,0.0,,,,,,,0.0,,1,1,,,0,1,1,0
"Digwadih Colliery,",Jharkhand,TSLJH,,0.0,0.0,,0.0,,,0.0,0.0,2,2,0.0,,1,0,0,1
Dipka,Chhattisgarh,SECL,34.38,32.15,33.42,-2.230000000000004,1.2700000000000031,-6.4863292611983825,3.950233281493012,33.31666666666667,1.1185854161991107,3,0,1.2700000000000031,3.950233281493012,0,0,0,1
Dobari,Jharkhand,BCCL,0.0,,,,,,,0.0,,1,1,,,0,1,1,0
Dubeswari Colliery,West Bengal,ECL,0.07,0.05,0.05,-0.020000000000000004,0.0,-28.571428571428577,0.0,0.05666666666666667,0.011547005383792516,3,0,0.0,0.0,0,0,0,1
Dudhichua OCP,Uttar Pradesh,NCL,22.06,,,,,,,22.06,,1,0,,,0,1,1,0
Dudhichua Project,Uttar Pradesh,NCL,,23.03,25.0,,1.9699999999999989,,8.554059921841072,24.015,1.3930003589374977,2,0,1.9699999999999989,8.554059921841072,1,0,0,1
Dugga,Chhattisgarh,SECL,0.0,,,,,,,0.0,,1,1,,,0,1,1,0
Dulanga Coal Mining Project,Odisha,NTPC,5.29,,,,,,,5.29,,1,0,,,0,1,1,0
Dulanga Coal Mining Project,Odisha,NTPC_DG,,7.0,7.0,,0.0,,0.0,7.0,0.0,2,0,0.0,0.0,1,0,0,1
Duman Hill,Chhattisgarh,SECL,0.0,,,,,,,0.0,,1,1,,,0,1,1,0
Durgapur OC,Maharashtra,WCL,1.84,,,,,,,1.84,,1,0,,,0,1,1,0
Durgapur Open Cast,Maharashtra,WCL,,1.73,2.5,,0.77,,44.50867052023121,2.115,0.5444722215136416,2,0,0.77,44.50867052023121,1,0,0,1
Durgapur Rayatwari Colly,Maharashtra,WCL,0.11,0.1,0.1,-0.009999999999999995,0.0,-9.090909090909086,0.0,0.10333333333333335,0.0057735026918962545,3,0,0.0,0.0,0,0,0,1
E. Bassuriya,Jharkhand,BCCL,0.16,,,,,,,0.16,,1,0,,,0,1,1,0
E.Basuria,Jharkhand,BCCL,,,0.14,,,,,0.14,,1,0,,,1,1,0,0
E.Katras,Jharkhand,BCCL,0.0,,,,,,,0.0,,1,1,,,0,1,1,0
Ena,Jharkhand,BCCL,1.0,2.55,3.0,1.5499999999999998,0.4500000000000002,154.99999999999997,17.64705882352942,2.183333333333333,1.0492060490358095,3,0,0.4500000000000002,17.64705882352942,0,0,0,1
G & G B Coal Mine,West Bengal,WBPDCL_GB,,1.2,3.0,,1.8,,150.0,2.1,1.2727922061357855,2,0,1.8,150.0,1,0,0,1
GP-IV-8 Coal Mine,Chhattisgarh,AMBUJA,0.78,1.2,0.95,0.41999999999999993,-0.25,53.84615384615383,-20.833333333333336,0.9766666666666666,0.21126602503321096,3,0,-0.25,-20.833333333333336,0,0,0,1
Gangaramchak Bhadulia,West Bengal,WBPDCL,1.0,,,,,,,1.0,,1,0,,,0,1,1,0
Gare Palma 1,Chhattisgarh,JPL,0.36,,,,,,,0.36,,1,0,,,0,1,1,0
Gare Palma IV/1,Chhattisgarh,JPL,,6.0,,,,,,6.0,,1,0,,,1,0,1,0
Gare Palma IV/1,Chhattisgarh,JPL_IV/1,,,7.2,,,,,7.2,,1,0,,,1,1,0,0
Gare Palma IV/1,Chhattisgarh,SECL,0.0,,,,,,,0.0,,1,1,,,0,1,1,0
Gare Palma IV/2 &3,Chhattisgarh,JPL_IV/2 & 3,,,0.71,,,,,0.71,,1,0,,,1,1,0,0
Gare Palma IV/2&3,Chhattisgarh,SECL,2.91,,,,,,,2.91,,1,0,,,0,1,1,0
Gare Palma IV/2&3,Chhattisgarh,SECL(GP 2&3),,2.05,0.16,,-1.89,,-92.19512195121952,1.105,1.3364318164425748,2,0,-1.89,-92.19512195121952,1,0,0,1
Gare Palma IV/4 Coal Mine,Chhattisgarh,HIL,0.56,,,,,,,0.56,,1,0,,,0,1,1,0
Gare Palma IV/4 Coal Mine,Chhattisgarh,HIL_GP_IV/4,,0.56,0.47,,-0.09000000000000008,,-16.071428571428584,0.515,0.06363961030678934,2,0,-0.09000000000000008,-16.071428571428584,1,0,0,1
Gare Palma IV/5 Coal Mine,Chhattisgarh,HIL,0.0,,,,,,,0.0,,1,1,,,0,1,1,0
Gare Palma IV/5 Coal Mine,Chhattisgarh,HIL_GP_IV/5,,0.0,0.0,,0.0,,,0.0,0.0,2,2,0.0,,1,0,0,1
Gare Palma IV/7,Chhattisgarh,SEML,0.79,1.2,1.44,0.4099999999999999,0.24,51.898734177215175,20.0,1.1433333333333333,0.32868424564212584,3,0,0.24,20.0,0,0,0,1
Gare Palma Sector III,Chhattisgarh,CSPGCL,3.27,3.62,4.0,0.3500000000000001,0.3799999999999999,10.703363914373092,10.49723756906077,3.6300000000000003,0.3651027252705737,3,0,0.3799999999999999,10.49723756906077,0,0,0,1
Gare palma IV/6 vill- Kenjemura,Chhattisgarh,JSPL_GP IV/6,,,1.8,,,,,1.8,,1,0,,,1,1,0,0
Garjanbahal OCP,Odisha,MCL,13.55,17.29,18.2,3.7399999999999984,0.9100000000000001,27.601476014760134,5.263157894736843,16.346666666666668,2.4643525180731203,3,0,0.9100000000000001,5.263157894736843,0,0,0,1
"Gautham Khani,",Telangana,SCCL,3.6,,,,,,,3.6,,1,0,,,0,1,1,0
Gayatri,Chhattisgarh,SECL,0.13,0.19,0.58,0.06,0.38999999999999996,46.15384615384615,205.26315789473682,0.3,0.2443358344574123,3,0,0.38999999999999996,205.26315789473682,0,0,0,1
Gevra,Chhattisgarh,SECL,40.45,52.5,59.11,12.049999999999997,6.609999999999999,29.789864029666248,12.590476190476188,50.68666666666667,9.461238467205723,3,0,6.609999999999999,12.590476190476188,0,0,0,1
Ghanoodih,Jharkhand,BCCL,0.0,,,,,,,0.0,,1,1,,,0,1,1,0
"Ghonsa,",Maharashtra,WCL,0.43,0.46,0.6,0.030000000000000027,0.13999999999999996,6.976744186046519,30.43478260869564,0.49666666666666665,0.09073771725877465,3,0,0.13999999999999996,30.43478260869564,0,0,0,1
Ghorawari-1,Madhya Pradesh,WCL,0.0,,,,,,,0.0,,1,1,,,0,1,1,0
Ghorawari-2/Bharat OC,Madhya Pradesh,WCL,0.0,,,,,,,0.0,,1,1,,,0,1,1,0
Ghugus OCM,Maharashtra,WCL,,0.0,,,,,,0.0,,1,1,,,1,0,1,0
Gidi `A',Jharkhand,CCL,0.23,0.23,0.49,0.0,0.26,0.0,113.04347826086956,0.31666666666666665,0.15011106998930268,3,0,0.26,113.04347826086956,0,0,0,1
Gidi `C',Jharkhand,CCL,0.33,0.48,0.6,0.14999999999999997,0.12,45.45454545454544,25.0,0.47000000000000003,0.13527749258468683,3,0,0.12,25.0,0,0,0,1
Giridih OC,Jharkhand,CCL,0.1,0.2,0.0,0.1,-0.2,100.0,-100.0,0.10000000000000002,0.1,3,1,-0.2,-100.0,0,0,0,1
Giridih UG,Jharkhand,CCL,0.0,,,,,,,0.0,,1,1,,,0,1,1,0
Godavari Khani-1 & 3,Telangana,SCCL,0.17,0.18,0.17,0.009999999999999981,-0.009999999999999981,5.8823529411764595,-5.555555555555546,0.17333333333333334,0.005773502691896247,3,0,-0.009999999999999981,-5.555555555555546,0,0,0,1
Godavari Khani-11,Telangana,SCCL,0.49,,,,,,,0.49,,1,0,,,0,1,1,0
Godavari Khani-11 Incline,Telangana,SCCL,,0.84,0.61,,-0.22999999999999998,,-27.38095238095238,0.725,0.1626345596729059,2,0,-0.22999999999999998,-27.38095238095238,1,0,0,1
Godavari Khani-2 & 2A,Telangana,SCCL,0.27,0.24,0.22,-0.030000000000000027,-0.01999999999999999,-11.11111111111112,-8.33333333333333,0.24333333333333332,0.025166114784235843,3,0,-0.01999999999999999,-8.33333333333333,0,0,0,1
Godavari Khani-7 LEP,Telangana,SCCL,0.06,,,,,,,0.06,,1,0,,,0,1,1,0
Godavarikhani V OC,Telangana,SCCL,,,3.51,,,,,3.51,,1,0,,,1,1,0,0
Godavarikhani v OC,Telangana,SCCL,0.41,3.46,,3.05,,743.9024390243903,,1.935,2.15667568261897,2,0,,,0,0,1,1
Gokul Mine,Maharashtra,WCL,1.88,,,,,,,1.88,,1,0,,,0,1,1,0
Gokul OC Mine + Gokul Extn.,Maharashtra,WCL,,1.88,1.81,,-0.06999999999999984,,-3.7234042553191404,1.845,0.049497474683058214,2,0,-0.06999999999999984,-3.7234042553191404,1,0,0,1
Gondegaon,Maharashtra,WCL,3.42,,,,,,,3.42,,1,0,,,0,1,1,0
Gondudih/K.Kusunda,Jharkhand,BCCL,2.32,1.92,,-0.3999999999999999,,-17.241379310344826,,2.12,0.28284271247461895,2,0,,,0,0,1,1
Gondudih/Khas Kusunda,Jharkhand,BCCL,,,1.45,,,,,1.45,,1,0,,,1,1,0,0
Gopalichuck,Jharkhand,BCCL,0.23,0.17,0.36,-0.06,0.18999999999999997,-26.08695652173913,111.76470588235293,0.25333333333333335,0.09712534856222309,3,0,0.18999999999999997,111.76470588235293,0,0,0,1
Gopinathpur,Jharkhand,ECL,0.1,0.01,0.0,-0.09000000000000001,-0.01,-90.0,-100.0,0.03666666666666667,0.055075705472861024,3,1,-0.01,-100.0,0,0,0,1
Gotitoria (East & West),Madhya Pradesh,BSMPL,,0.02,,,,,,0.02,,1,0,,,1,0,1,0
Gotitoria (East) & Gotitora (West),Madhya Pradesh,BSMPL,,,0.3,,,,,0.3,,1,0,,,1,1,0,0
Gourandi Begunia,West Bengal,ECL,1.46,1.32,1.41,-0.1399999999999999,0.08999999999999986,-9.589041095890405,6.818181818181807,1.3966666666666667,0.07094598884597583,3,0,0.08999999999999986,6.818181818181807,0,0,0,1
Gourangdhi Extn OC,West Bengal,ECL,0.29,0.2,,-0.08999999999999997,,-31.03448275862068,,0.245,0.06363961030678926,2,0,,,0,0,1,1
Gourangdih Extn OC,West Bengal,ECL,,,0.74,,,,,0.74,,1,0,,,1,1,0,0
Gouri -Pauni(A) OCM,Maharashtra,WCL,,0.87,2.57,,1.6999999999999997,,195.40229885057468,1.72,1.2020815280171306,2,0,1.6999999999999997,195.40229885057468,1,0,0,1
Gouri Deep,Maharashtra,WCL,0.6,0.56,0.38,-0.039999999999999925,-0.18000000000000005,-6.666666666666654,-32.14285714285715,0.5133333333333333,0.1171893055416463,3,0,-0.18000000000000005,-32.14285714285715,0,0,0,1
Gouri Exp(A),Maharashtra,WCL,0.94,,,,,,,0.94,,1,0,,,0,1,1,0
Gouthampur Khani OCP,Telangana,SCCL,,0.59,0.13,,-0.45999999999999996,,-77.96610169491525,0.36,0.3252691193458118,2,0,-0.45999999999999996,-77.96610169491525,1,0,0,1
Govinda,Madhya Pradesh,SECL,0.0,,,,,,,0.0,,1,1,,,0,1,1,0
Govindpur Ph-II OCP,Jharkhand,CCL,,,0.94,,,,,0.94,,1,0,,,1,1,0,0
"Govindpur,",Jharkhand,CCL,0.03,0.03,0.02,0.0,-0.009999999999999998,0.0,-33.33333333333333,0.02666666666666667,0.005773502691896256,3,0,-0.009999999999999998,-33.33333333333333,0,0,0,1
Hakdibari,Chhattisgarh,SECL,0.6,0.66,,0.06000000000000005,,10.000000000000009,,0.63,0.04242640687119289,2,0,,,0,0,1,1
Haldibari,Chhattisgarh,SECL,,,0.59,,,,,0.59,,1,0,,,1,1,0,0
Harad Incline,Madhya Pradesh,SECL,0.0,,,,,,,0.0,,1,1,,,0,1,1,0
Hariajam,Jharkhand,ECL,0.03,0.04,0.05,0.010000000000000002,0.010000000000000002,33.33333333333334,25.000000000000007,0.04,0.010000000000000002,3,0,0.010000000000000002,25.000000000000007,0,0,0,1
Hesagoda,Jharkhand,CCL,0.0,0.0,,0.0,,,,0.0,0.0,2,2,,,0,0,1,1
Hindustan Lalpeth Colliery No.1,Maharashtra,WCL,0.0,0.0,0.0,0.0,0.0,,,0.0,0.0,3,3,0.0,,0,0,0,1
Hindustan Lalpeth OC,Maharashtra,WCL,0.46,1.0,1.0,0.54,0.0,117.3913043478261,0.0,0.82,0.31176914536239786,3,0,0.0,0.0,0,0,0,1
Hingula OCP,Odisha,MCL,7.74,12.38,13.06,4.640000000000001,0.6799999999999997,59.9483204134367,5.492730210016152,11.06,2.8952374686716116,3,0,0.6799999999999997,5.492730210016152,0,0,0,1
Hirakhand Bundia Mine,Odisha,MCL,0.21,0.19,0.2,-0.01999999999999999,0.010000000000000009,-9.523809523809518,5.263157894736847,0.20000000000000004,0.009999999999999995,3,0,0.010000000000000009,5.263157894736847,0,0,0,1
Hura C,Jharkhand,ECL,0.0,,,,,,,0.0,,1,1,,,0,1,1,0
Hurra'C',Jharkhand,ECL,,0.24,2.07,,1.8299999999999998,,762.5,1.1549999999999998,1.2940054095713818,2,0,1.8299999999999998,762.5,1,0,0,1
Hurrlidih,Jharkhand,BCCL,0.0,,,,,,,0.0,,1,1,,,0,1,1,0
Hutar Tetaria Khar,Jharkhand,CCL,0.0,,,,,,,0.0,,1,1,,,0,1,1,0
"Indaram Khani-1A, Incline",Telangana,SCCL,0.45,0.48,0.2,0.02999999999999997,-0.27999999999999997,6.66666666666666,-58.33333333333333,0.37666666666666665,0.1537313674346694,3,0,-0.27999999999999997,-58.33333333333333,0,0,0,1
Indaram Khani-OC,Telangana,SCCL,1.5,1.5,1.22,0.0,-0.28,0.0,-18.666666666666668,1.4066666666666665,0.1616580753730952,3,0,-0.28,-18.666666666666668,0,0,0,1
Inder UG to OC,Maharashtra,WCL,2.0,,,,,,,2.0,,1,0,,,0,1,1,0
Int. Lakhanpur-Belpahar-Lilari OCP,Odisha,MCL,,,32.2,,,,,32.2,,1,0,,,1,1,0,0
Itapara OC Patch,West Bengal,ECL,0.52,0.3,0.21,-0.22000000000000003,-0.09,-42.307692307692314,-30.0,0.3433333333333333,0.15947831618540914,3,0,-0.09,-30.0,0,0,0,1
J. K. Nagar Colliery,West Bengal,ECL,0.17,0.16,0.14,-0.010000000000000009,-0.01999999999999999,-5.8823529411764754,-12.499999999999993,0.15666666666666668,0.015275252316519465,3,0,-0.01999999999999999,-12.499999999999993,0,0,0,1
Jaganathpur,Chhattisgarh,SECL,1.78,2.26,2.83,0.47999999999999976,0.5700000000000003,26.96629213483145,25.221238938053116,2.29,0.5256424640380569,3,0,0.5700000000000003,25.221238938053116,0,0,0,1
Jagannath OCP,Odisha,MCL,7.03,7.5,,0.46999999999999975,,6.685633001422471,,7.265000000000001,0.33234018715767716,2,0,,,0,0,1,1
Jagannath Re-org OCP,Odisha,MCL,,,7.5,,,,,7.5,,1,0,,,1,1,0,0
Jagannath UG,Odisha,MCL,0.0,,,,,,,0.0,,1,1,,,0,1,1,0
Jainagar 3 & 4 ( Old),Chhattisgarh,SECL,0.0,,,,,,,0.0,,1,1,,,0,1,1,0
Jainagar 5 & 6 ( New),Chhattisgarh,SECL,0.0,,,,,,,0.0,,1,1,,,0,1,1,0
Jalagam Vengala Rao OC-2,Telangana,SCCL,7.35,10.0,11.07,2.6500000000000004,1.0700000000000003,36.05442176870749,10.700000000000003,9.473333333333334,1.91510661147972,3,0,1.0700000000000003,10.700000000000003,0,0,0,1
"Jamadoba Colliery,",Jharkhand,TSL,0.26,,,,,,,0.26,,1,0,,,0,1,1,0
"Jamadoba Colliery,",Jharkhand,TSLJH,,0.2,0.05,,-0.15000000000000002,,-75.00000000000001,0.125,0.10606601717798214,2,0,-0.15000000000000002,-75.00000000000001,1,0,0,1
Jambad OCP,West Bengal,ECL,0.3,0.58,0.47,0.27999999999999997,-0.10999999999999999,93.33333333333333,-18.96551724137931,0.44999999999999996,0.14106735979665883,3,0,-0.10999999999999999,-18.96551724137931,0,0,0,1
Jambad UG Colliery,West Bengal,ECL,0.14,0.14,0.11,0.0,-0.030000000000000013,0.0,-21.428571428571434,0.13,0.01732050807568878,3,0,-0.030000000000000013,-21.428571428571434,0,0,0,1
Jamkhani Coal Mine,Odisha,Vedanta,,0.69,2.13,,1.44,,208.69565217391303,1.41,1.0182337649086284,2,0,1.44,208.69565217391303,1,0,0,1
Jampali,Chhattisgarh,SECL,3.0,3.0,3.0,0.0,0.0,0.0,0.0,3.0,0.0,3,0,0.0,0.0,0,0,0,1
Jamuna 9 & 10,Madhya Pradesh,SECL,0.17,0.13,0.13,-0.04000000000000001,0.0,-23.529411764705884,0.0,0.14333333333333334,0.023094010767585032,3,0,0.0,0.0,0,0,0,1
Jamuna OC,Madhya Pradesh,SECL,0.0,,,,,,,0.0,,1,1,,,0,1,1,0
Jamuna RO,Madhya Pradesh,SECL,0.09,0.06,0.01,-0.03,-0.049999999999999996,-33.33333333333333,-83.33333333333333,0.05333333333333334,0.0404145188432738,3,0,-0.049999999999999996,-83.33333333333333,0,0,0,1
Jarangdih OC.,Jharkhand,CCL,0.37,0.87,1.48,0.5,0.61,135.13513513513513,70.11494252873564,0.9066666666666666,0.5559076661940662,3,0,0.61,70.11494252873564,0,0,0,1
Jarangdih UG.,Jharkhand,CCL,0.0,,,,,,,0.0,,1,1,,,0,1,1,0
"Jawahar Khani OC-5,",Telangana,SCCL,,1.88,1.37,,-0.5099999999999998,,-27.127659574468076,1.625,0.36062445840513907,2,0,-0.5099999999999998,-27.127659574468076,1,0,0,1
"Jawahar Khani-5,",Telangana,SCCL,2.5,,,,,,,2.5,,1,0,,,0,1,1,0
Jayant OCP,Madhya Pradesh,NCL,24.75,,,,,,,24.75,,1,0,,,0,1,1,0
Jayant Project,Madhya Pradesh,NCL,,26.66,30.0,,3.34,,12.528132033008252,28.33,2.3617366491630687,2,0,3.34,12.528132033008252,1,0,0,1
Jhanjra Project,West Bengal,ECL,3.63,2.92,,-0.71,,-19.55922865013774,,3.275,0.5020458146424487,2,0,,,0,0,1,1
Jhanjra Project Colliery,West Bengal,ECL,,,2.66,,,,,2.66,,1,0,,,1,1,0,0
Jharkhand OCP,Jharkhand,CCL,0.5,0.37,0.41,-0.13,0.03999999999999998,-26.0,10.810810810810805,0.4266666666666667,0.06658328118479394,3,0,0.03999999999999998,10.810810810810805,0,0,0,1
Jhilimili,Chhattisgarh,SECL,0.33,,,,,,,0.33,,1,0,,,0,1,1,0
Jhilimili Colliery,Chhattisgarh,SECL,,0.31,0.37,,0.06,,19.35483870967742,0.33999999999999997,0.042426406871192854,2,0,0.06,19.35483870967742,1,0,0,1
Jhingurda OCP,Madhya Pradesh,NCL,2.74,,,,,,,2.74,,1,0,,,0,1,1,0
Jhingurda Project,Madhya Pradesh,NCL,,3.25,3.34,,0.08999999999999986,,2.7692307692307647,3.295,0.06363961030678918,2,0,0.08999999999999986,2.7692307692307647,1,0,0,1
Jhiria,Madhya Pradesh,SECL,,0.15,0.19,,0.04000000000000001,,26.66666666666667,0.16999999999999998,0.02828427124746191,2,0,0.04000000000000001,26.66666666666667,1,0,0,1
Jhiria South Jhimar,Madhya Pradesh,SECL,0.18,,,,,,,0.18,,1,0,,,0,1,1,0
Jitpur Colliery,Jharkhand,IISCOJ,,0.01,0.03,,0.019999999999999997,,199.99999999999994,0.02,0.01414213562373095,2,0,0.019999999999999997,199.99999999999994,1,0,0,1
Jogidih,Jharkhand,BCCL,0.02,0.01,0.01,-0.01,0.0,-50.0,0.0,0.013333333333333334,0.005773502691896258,3,0,0.0,0.0,0,0,0,1
Joyrampur,Jharkhand,BCCL,0.0,,0.71,,,,,0.355,0.5020458146424487,2,1,,,0,1,0,1
"Junad,",Maharashtra,WCL,0.74,0.63,0.46,-0.10999999999999999,-0.16999999999999998,-14.864864864864863,-26.984126984126984,0.61,0.14106735979665883,3,0,-0.16999999999999998,-26.984126984126984,0,0,0,1
Junakunada OC,Maharashtra,WCL,0.0,,,,,,,0.0,,1,1,,,0,1,1,0
K. Dewarkhand,Jharkhand,CCL,0.95,0.43,0.86,-0.52,0.43,-54.736842105263165,100.0,0.7466666666666666,0.27790885796126275,3,0,0.43,100.0,0,0,0,1
KB-10/12 Pit,Jharkhand,BCCL,0.0,,,,,,,0.0,,1,1,,,0,1,1,0
Kabribad OC,Jharkhand,CCL,0.0,0.0,0.41,0.0,0.41,,,0.13666666666666666,0.23671361036774655,3,2,0.41,,0,0,0,1
Kakatiya Khani-1 & 1A,Telangana,SCCL,0.26,,,,,,,0.26,,1,0,,,0,1,1,0
Kakatiya Khani-1 & 1A Incline,Telangana,SCCL,,0.25,0.22,,-0.03,,-12.0,0.235,0.021213203435596427,2,0,-0.03,-12.0,1,0,0,1
Kakatiya Khani-5 Incline,Telangana,SCCL,0.24,0.22,0.21,-0.01999999999999999,-0.010000000000000009,-8.33333333333333,-4.545454545454549,0.2233333333333333,0.015275252316519465,3,0,-0.010000000000000009,-4.545454545454549,0,0,0,1
"Kakatiya Khani-6, Incline",Telangana,SCCL,0.14,0.15,0.12,0.009999999999999981,-0.03,7.142857142857128,-20.0,0.1366666666666667,0.015275252316519468,3,0,-0.03,-20.0,0,0,0,1
Kakatiya Khani-8 & 8A,Telangana,SCCL,0.21,,,,,,,0.21,,1,0,,,0,1,1,0
Kakatiya Khani-8 & 8A Incline,Telangana,SCCL,,0.19,0.17,,-0.01999999999999999,,-10.52631578947368,0.18,0.014142135623730944,2,0,-0.01999999999999999,-10.52631578947368,1,0,0,1
Kakatiya Khani-OC II,Telangana,SCCL,1.18,1.26,1.5,0.08000000000000007,0.24,6.779661016949159,19.047619047619047,1.3133333333333332,0.16653327995729064,3,0,0.24,19.047619047619047,0,0,0,1
Kakatiya Khani-OC-III,Telangana,SCCL,0.36,0.78,1.37,0.42000000000000004,0.5900000000000001,116.66666666666667,75.64102564102565,0.8366666666666668,0.5073788853838258,3,0,0.5900000000000001,75.64102564102565,0,0,0,1
Kakri OCP,Uttar Pradesh,NCL,2.41,,,,,,,2.41,,1,0,,,0,1,1,0
Kakri Project,Uttar Pradesh,NCL,,2.26,1.84,,-0.4199999999999997,,-18.584070796460168,2.05,0.29698484809834974,2,0,-0.4199999999999997,-18.584070796460168,1,0,0,1
Kalidaspur Project,West Bengal,ECL,0.07,0.06,0.08,-0.010000000000000009,0.020000000000000004,-14.285714285714295,33.33333333333334,0.07,0.010000000000000002,3,0,0.020000000000000004,33.33333333333334,0,0,0,1
Kalipahari OC (H) A,West Bengal,ECL,0.08,0.08,,0.0,,0.0,,0.08,0.0,2,0,,,0,0,1,1
Kalyan Khani OC,Telangana,SCCL,1.76,1.85,1.78,0.09000000000000008,-0.07000000000000006,5.113636363636368,-3.783783783783787,1.7966666666666669,0.04725815626252612,3,0,-0.07000000000000006,-3.783783783783787,0,0,0,1
Kalyan Khani-1,Telangana,SCCL,0.18,,,,,,,0.18,,1,0,,,0,1,1,0
Kalyan Khani-1 Incline,Telangana,SCCL,,0.13,0.02,,-0.11,,-84.61538461538461,0.075,0.07778174593052023,2,0,-0.11,-84.61538461538461,1,0,0,1
Kalyan Khani-5,Telangana,SCCL,0.16,,,,,,,0.16,,1,0,,,0,1,1,0
Kalyan Khani-5 Incline,Telangana,SCCL,,0.17,0.2,,0.03,,17.64705882352941,0.185,0.021213203435596427,2,0,0.03,17.64705882352941,1,0,0,1
Kalyani,Chhattisgarh,SECL,0.0,,,,,,,0.0,,1,1,,,0,1,1,0
Kamptee UG to OC,Maharashtra,WCL,0.23,0.0,,-0.23,,-100.0,,0.115,0.16263455967290594,2,1,,,0,0,1,1
Kanchan OC,Madhya Pradesh,SECL,0.75,0.51,0.91,-0.24,0.4,-32.0,78.43137254901961,0.7233333333333333,0.20132891827388666,3,0,0.4,78.43137254901961,0,0,0,1
Kaniha OCP,Odisha,MCL,10.1,12.15,11.81,2.0500000000000007,-0.33999999999999986,20.297029702970303,-2.7983539094650194,11.353333333333333,1.0986506875860653,3,0,-0.33999999999999986,-2.7983539094650194,0,0,0,1
Kankanee,Jharkhand,BCCL,0.04,0.21,0.33,0.16999999999999998,0.12000000000000002,424.9999999999999,57.14285714285715,0.19333333333333336,0.1457166199626293,3,0,0.12000000000000002,57.14285714285715,0,0,0,1
Kapasara,Jharkhand,ECL,0.32,0.13,0.04,-0.19,-0.09,-59.375,-69.23076923076923,0.16333333333333333,0.14294521094927712,3,0,-0.09,-69.23076923076923,0,0,0,1
Kapildhara,Madhya Pradesh,SECL,0.14,0.13,0.03,-0.010000000000000009,-0.1,-7.142857142857148,-76.92307692307693,0.10000000000000002,0.060827625302982205,3,0,-0.1,-76.92307692307693,0,0,0,1
Kargali OC,Jharkhand,CCL,0.0,0.0,,0.0,,,,0.0,0.0,2,2,,,0,0,1,1
Karkatta,Jharkhand,CCL,0.0,,,,,,,0.0,,1,1,,,0,1,1,0
Karma,Jharkhand,CCL,0.83,0.72,0.86,-0.10999999999999999,0.14,-13.253012048192769,19.444444444444446,0.8033333333333332,0.07371114795831994,3,0,0.14,19.444444444444446,0,0,0,1
Karo SPL UG,Jharkhand,CCL,0.0,,,,,,,0.0,,1,1,,,0,1,1,0
Karo-I OC,Jharkhand,CCL,2.75,1.52,1.32,-1.23,-0.19999999999999996,-44.72727272727273,-13.157894736842103,1.8633333333333333,0.7743599507550305,3,0,-0.19999999999999996,-13.157894736842103,0,0,0,1
Karo-I UG(Karo Seam),Jharkhand,CCL,0.0,,,,,,,0.0,,1,1,,,0,1,1,0
Kasipet 1 Incline,Telangana,SCCL,0.13,0.11,0.15,-0.020000000000000004,0.039999999999999994,-15.384615384615389,36.36363636363636,0.13,0.019999999999999997,3,0,0.039999999999999994,36.36363636363636,0,0,0,1
Kasipet 2 Incline,Telangana,SCCL,0.07,0.07,0.1,0.0,0.03,0.0,42.85714285714285,0.08,0.017320508075688773,3,0,0.03,42.85714285714285,0,0,0,1
Kathara Colly.,Jharkhand,CCL,0.14,0.29,0.42,0.14999999999999997,0.13,107.14285714285711,44.827586206896555,0.2833333333333333,0.140118997046558,3,0,0.13,44.827586206896555,0,0,0,1
Kathautia Open Cast Coal Mine,Jharkhand,HIL,0.37,,,,,,,0.37,,1,0,,,0,1,1,0
Kathautia Open Cast Coal Mine,Jharkhand,HIL_KOC,,0.13,0.18,,0.04999999999999999,,38.46153846153845,0.155,0.03535533905932737,2,0,0.04999999999999999,38.46153846153845,1,0,0,1
Katkona 1 & 2,Chhattisgarh,SECL,,,0.22,,,,,0.22,,1,0,,,1,1,0,0
Katkona 1& 2,Chhattisgarh,SECL,0.23,0.25,,0.01999999999999999,,8.69565217391304,,0.24,0.014142135623730944,2,0,,,0,0,1,1
Katkona 3 & 4,Chhattisgarh,SECL,0.0,,,,,,,0.0,,1,1,,,0,1,1,0
Kedla,Jharkhand,CCL,0.01,,,,,,,0.01,,1,0,,,0,1,1,0
Kedla (OC),Jharkhand,CCL,,0.0,0.0,,0.0,,,0.0,0.0,2,2,0.0,,1,0,0,1
Kedla UG,Jharkhand,CCL,,0.0,,,,,,0.0,,1,1,,,1,0,1,0
Kenduadih,Jharkhand,BCCL,0.0,,,,,,,0.0,,1,1,,,0,1,1,0
Kerandari Coal field,Jharkhand,NTPC_KD,,,0.24,,,,,0.24,,1,0,,,1,1,0,0
Ketki,Chhattisgarh,SECL,0.0,0.0,0.03,0.0,0.03,,,0.01,0.01732050807568877,3,2,0.03,,0,0,0,1
Khadia OCP,Uttar Pradesh,NCL,14.0,,,,,,,14.0,,1,0,,,0,1,1,0
Khadia Project,Uttar Pradesh,NCL,,15.0,15.0,,0.0,,0.0,15.0,0.0,2,0,0.0,0.0,1,0,0,1
Khairagura OC,Telangana,SCCL,2.36,2.92,3.75,0.56,0.8300000000000001,23.728813559322038,28.424657534246577,3.01,0.6993568473962345,3,0,0.8300000000000001,28.424657534246577,0,0,0,1
Khairaha,Madhya Pradesh,SECL,0.82,0.88,0.88,0.06000000000000005,0.0,7.317073170731714,0.0,0.86,0.034641016151377574,3,0,0.0,0.0,0,0,0,1
Khandra Colliery,West Bengal,ECL,0.08,0.1,0.09,0.020000000000000004,-0.010000000000000009,25.000000000000007,-10.000000000000009,0.09000000000000001,0.010000000000000002,3,0,-0.010000000000000009,-10.000000000000009,0,0,0,1
Kharkharee,Jharkhand,BCCL,0.0,0.01,0.01,0.01,0.0,,0.0,0.006666666666666667,0.005773502691896258,3,1,0.0,0.0,0,0,0,1
Khas Kajora Colliery,West Bengal,ECL,0.16,0.17,0.14,0.010000000000000009,-0.03,6.250000000000005,-17.64705882352941,0.15666666666666668,0.015275252316519465,3,0,-0.03,-17.64705882352941,0,0,0,1
Khasmahal OC,Jharkhand,CCL,0.0,,,,,,,0.0,,1,1,,,0,1,1,0
Khasmahal UG,Jharkhand,CCL,0.0,,,,,,,0.0,,1,1,,,0,1,1,0
Khoodia,Jharkhand,ECL,0.0,0.0,0.03,0.0,0.03,,,0.01,0.01732050807568877,3,2,0.03,,0,0,0,1
Khottadih,West Bengal,ECL,1.02,,,,,,,1.02,,1,0,,,0,1,1,0
Khottadih OCP,West Bengal,ECL,,0.53,0.44,,-0.09000000000000002,,-16.981132075471702,0.485,0.0636396103067893,2,0,-0.09000000000000002,-16.981132075471702,1,0,0,1
Khottadih UG,West Bengal,ECL,,0.54,0.52,,-0.020000000000000018,,-3.703703703703707,0.53,0.014142135623730963,2,0,-0.020000000000000018,-3.703703703703707,1,0,0,1
Kistaram OC,Telangana,SCCL,2.0,2.0,2.4,0.0,0.3999999999999999,0.0,19.999999999999996,2.1333333333333333,0.23094010767585027,3,0,0.3999999999999999,19.999999999999996,0,0,0,1
"Kolarpimpri,",Maharashtra,WCL,0.51,1.5,1.5,0.99,0.0,194.11764705882354,0.0,1.17,0.5715767664977295,3,0,0.0,0.0,0,0,0,1
Kolgaon OC,Maharashtra,WCL,0.6,0.6,0.6,0.0,0.0,0.0,0.0,0.6,0.0,3,0,0.0,0.0,0,0,0,1
Konar OCP,Jharkhand,CCL,0.0,,,,,,,0.0,,1,1,,,0,1,1,0
Kondapuram,Telangana,SCCL,0.1,0.04,0.14,-0.060000000000000005,0.1,-60.0,250.0,0.09333333333333334,0.05033222956847167,3,0,0.1,250.0,0,0,0,1
Korea,Chhattisgarh,SECL,0.0,,,,,,,0.0,,1,1,,,0,1,1,0
Kotma,Madhya Pradesh,SECL,0.0,,,,,,,0.0,,1,1,,,0,1,1,0
Kotma OC,Madhya Pradesh,SECL,0.0,,,,,,,0.0,,1,1,,,0,1,1,0
Kotma West,Madhya Pradesh,SECL,0.0,,,,,,,0.0,,1,1,,,0,1,1,0
Koya Gundem OC II,Telangana,SCCL,3.44,3.0,3.0,-0.43999999999999995,0.0,-12.790697674418603,0.0,3.1466666666666665,0.2540341184434353,3,0,0.0,0.0,0,0,0,1
Krishnshila OCP,Uttar Pradesh,NCL,7.0,7.5,7.5,0.5,0.0,7.142857142857142,0.0,7.333333333333333,0.28867513459481287,3,0,0.0,0.0,0,0,0,1
Kujama,Jharkhand,BCCL,0.0,,0.59,,,,,0.295,0.417193000900063,2,1,,,0,1,0,1
Kuju Colliery,Jharkhand,CCL,0.0,0.0,,0.0,,,,0.0,0.0,2,2,,,0,0,1,1
Kulda OCP Balinga,Odisha,MCL,18.5,21.0,21.0,2.5,0.0,13.513513513513514,0.0,20.166666666666668,1.4433756729740643,3,0,0.0,0.0,0,0,0,1
Kumardhubi Colliery,Jharkhand,ECL,0.03,0.02,0.02,-0.009999999999999998,0.0,-33.33333333333333,0.0,0.023333333333333334,0.005773502691896256,3,0,0.0,0.0,0,0,0,1
Kumardihi-A Colliery,West Bengal,ECL,0.08,0.09,0.09,0.009999999999999995,0.0,12.499999999999993,0.0,0.08666666666666667,0.0057735026918962545,3,0,0.0,0.0,0,0,0,1
Kumberkhani,Maharashtra,WCL,0.0,,,,,,,0.0,,1,1,,,0,1,1,0
Kumda 1 & 2,Chhattisgarh,SECL,0.0,,,,,,,0.0,,1,1,,,0,1,1,0
Kumda 7 & 8,Chhattisgarh,SECL,0.02,0.02,0.01,0.0,-0.01,0.0,-50.0,0.016666666666666666,0.005773502691896258,3,0,-0.01,-50.0,0,0,0,1
Kunustoria Colliery,West Bengal,ECL,0.1,0.1,0.08,0.0,-0.020000000000000004,0.0,-20.000000000000004,0.09333333333333334,0.011547005383792518,3,0,-0.020000000000000004,-20.000000000000004,0,0,0,1
Kurasia UG,Chhattisgarh,SECL,,0.19,0.2,,0.010000000000000009,,5.263157894736847,0.195,0.007071067811865481,2,0,0.010000000000000009,5.263157894736847,1,0,0,1
Kurasia UG & Kurasia OC,Chhattisgarh,SECL,0.21,,,,,,,0.21,,1,0,,,0,1,1,0
Kurja/Sheetaldhara,Madhya Pradesh,SECL,0.54,0.64,0.78,0.09999999999999998,0.14,18.518518518518512,21.875000000000004,0.6533333333333334,0.12055427546683416,3,0,0.14,21.875000000000004,0,0,0,1
Kusmunda Project,Chhattisgarh,SECL,29.9,43.05,50.13,13.149999999999999,7.080000000000005,43.97993311036789,16.4459930313589,41.026666666666664,10.265653088495313,3,0,7.080000000000005,16.4459930313589,0,0,0,1
Kuya,Jharkhand,BCCL,2.59,2.72,2.8,0.13000000000000034,0.07999999999999963,5.019305019305033,2.9411764705882213,2.703333333333333,0.10598742063723098,3,0,0.07999999999999963,2.9411764705882213,0,0,0,1
Laiyo,Jharkhand,CCL,0.0,0.0,,0.0,,,,0.0,0.0,2,2,,,0,0,1,1
Lajkura OCP,Odisha,MCL,,,4.5,,,,,4.5,,1,0,,,1,1,0,0
Lajkura Ocm,Odisha,MCL,4.5,4.5,,0.0,,0.0,,4.5,0.0,2,0,,,0,0,1,1
Lakhanpur OCP,Odisha,MCL,21.0,22.5,,1.5,,7.142857142857142,,21.75,1.0606601717798212,2,0,,,0,0,1,1
Lakhimata,Jharkhand,ECL,0.04,0.05,0.06,0.010000000000000002,0.009999999999999995,25.000000000000007,19.99999999999999,0.049999999999999996,0.009999999999999998,3,0,0.009999999999999995,19.99999999999999,0,0,0,1
Laxman Project,Chhattisgarh,SECL,0.0,,,,,,,0.0,,1,1,,,0,1,1,0
Lingaraj OCP,Odisha,MCL,14.46,16.51,17.54,2.0500000000000007,1.0299999999999976,14.177040110650074,6.238643246517247,16.17,1.5678966802694614,3,0,1.0299999999999976,6.238643246517247,0,0,0,1
Lower Kenda Colliery,West Bengal,ECL,0.05,0.05,0.05,0.0,0.0,0.0,0.0,0.05000000000000001,8.498374721940739e-18,3,0,0.0,0.0,0,0,0,1
Loyabad,Jharkhand,BCCL,0.0,,,,,,,0.0,,1,1,,,0,1,1,0
MKD-III OC MINE,Maharashtra,WCL,,3.0,,,,,,3.0,,1,0,,,1,0,1,0
Madhabpur & Madhabpur OC (H),West Bengal,ECL,0.02,0.03,,0.009999999999999998,,49.999999999999986,,0.025,0.007071067811865474,2,0,,,0,0,1,1
Madhabpur UG & Madhabpur OC,West Bengal,ECL,,,0.04,,,,,0.04,,1,0,,,1,1,0,0
Madhaipur Colliery,Jharkhand,ECL,0.17,0.07,,-0.1,,-58.82352941176471,,0.12000000000000001,0.07071067811865477,2,0,,,0,0,1,1
Madhaipur UG/Madhaipur OC,West Bengal,ECL,,,0.16,,,,,0.16,,1,0,,,1,1,0,0
Madhuban,Jharkhand,BCCL,0.0,,,,,,,0.0,,1,1,,,0,1,1,0
Madhusudanpur 7 Pit & Incline,West Bengal,ECL,,,0.02,,,,,0.02,,1,0,,,1,1,0,0
Madhusudanpur 7 Pit Colliery,West Bengal,ECL,0.05,0.03,,-0.020000000000000004,,-40.00000000000001,,0.04,0.014142135623730954,2,0,,,0,0,1,1
Magadh OCP,Jharkhand,CCL,11.5,15.58,20.0,4.08,4.42,35.47826086956522,28.369704749679077,15.693333333333333,4.251133182262505,3,0,4.42,28.369704749679077,0,0,0,1
Mahadeopuri,Madhya Pradesh,WCL,0.08,0.07,0.03,-0.009999999999999995,-0.04000000000000001,-12.499999999999993,-57.14285714285715,0.060000000000000005,0.026457513110645908,3,0,-0.04000000000000001,-57.14285714285715,0,0,0,1
Mahakali Colliery,Maharashtra,WCL,0.03,0.0,0.0,-0.03,0.0,-100.0,,0.01,0.017320508075688773,3,2,0.0,,0,0,0,1
Mahamaya,Chhattisgarh,SECL,0.0,,,,,,,0.0,,1,1,,,0,1,1,0
Mahan II,Chhattisgarh,SECL,0.26,,,,,,,0.26,,1,0,,,0,1,1,0
Mahan OC,Chhattisgarh,SECL,0.02,,,,,,,0.02,,1,0,,,0,1,1,0
Maheshpur,Jharkhand,BCCL,0.03,0.03,0.03,0.0,0.0,0.0,0.0,0.03,0.0,3,0,0.0,0.0,0,0,0,1
Makardhokra-I,Maharashtra,WCL,3.72,,,,,,,3.72,,1,0,,,0,1,1,0
Makardhokra-I OC Expansion Mine,Maharashtra,WCL,,4.2,4.2,,0.0,,0.0,4.2,0.0,2,0,0.0,0.0,1,0,0,1
Makardhokra-III,Maharashtra,WCL,1.13,,,,,,,1.13,,1,0,,,0,1,1,0
Makardhokra-III OC MINE,Maharashtra,WCL,,,4.43,,,,,4.43,,1,0,,,1,1,0,0
Malga,Madhya Pradesh,SECL,0.0,,,,,,,0.0,,1,1,,,0,1,1,0
Mandarboni,West Bengal,ECL,,,0.07,,,,,0.07,,1,0,,,1,1,0,0
Mandarboni & South Samla,West Bengal,ECL,0.06,0.06,,0.0,,0.0,,0.06,0.0,2,0,,,0,0,1,1
Manikpur,Chhattisgarh,SECL,4.9,5.25,5.25,0.34999999999999964,0.0,7.142857142857135,0.0,5.133333333333334,0.2020725942163688,3,0,0.0,0.0,0,0,0,1
Manki/Churi,Jharkhand,CCL,0.58,0.71,0.63,0.13,-0.07999999999999996,22.413793103448278,-11.26760563380281,0.64,0.06557438524302,3,0,-0.07999999999999996,-11.26760563380281,0,0,0,1
Manna Incline,Maharashtra,WCL,0.07,0.01,0.0,-0.060000000000000005,-0.01,-85.71428571428571,-100.0,0.02666666666666667,0.03785938897200183,3,1,-0.01,-100.0,0,0,0,1
Manoharpur Coal Mine,Odisha,OCPL,5.25,8.0,8.51,2.75,0.5099999999999998,52.38095238095239,6.374999999999997,7.253333333333333,1.7535772960817362,3,0,0.5099999999999998,6.374999999999997,0,0,0,1
Manuguru Opencast,Telangana,SCCL,,2.1,2.1,,0.0,,0.0,2.1,0.0,2,0,0.0,0.0,1,0,0,1
Manuguru' Opencast,Telangana,SCCL,2.1,,,,,,,2.1,,1,0,,,0,1,1,0
Marki Mangli - I Coal Mine,Maharashtra,TUML,,0.18,0.0,,-0.18,,-100.0,0.09,0.12727922061357855,2,1,-0.18,-100.0,1,0,0,1
Marki Mangli - I Coal Mine of,Maharashtra,TUML,0.24,,,,,,,0.24,,1,0,,,0,1,1,0
Marki Mangli -III,Maharashtra,BSIL,,0.2,0.11,,-0.09000000000000001,,-45.0,0.155,0.06363961030678929,2,0,-0.09000000000000001,-45.0,1,0,0,1
Marki Mangli III,Maharashtra,BSIL,0.13,,,,,,,0.13,,1,0,,,0,1,1,0
Mathani,Madhya Pradesh,WCL,0.07,0.01,0.09,-0.060000000000000005,0.08,-85.71428571428571,800.0,0.056666666666666664,0.041633319989322654,3,0,0.08,800.0,0,0,0,1
"Medpalli OCP,",Telangana,SCCL,0.72,,,,,,,0.72,,1,0,,,0,1,1,0
Meera,Madhya Pradesh,SECL,0.07,0.08,0.08,0.009999999999999995,0.0,14.285714285714276,0.0,0.07666666666666667,0.0057735026918962545,3,0,0.0,0.0,0,0,0,1
Methani Colliery,West Bengal,ECL,0.06,0.05,0.05,-0.009999999999999995,0.0,-16.66666666666666,0.0,0.05333333333333334,0.0057735026918962545,3,0,0.0,0.0,0,0,0,1
Metica Coal Mine,J & K,JKML,0.01,0.0,0.0,-0.01,0.0,-100.0,,0.0033333333333333335,0.005773502691896258,3,2,0.0,,0,0,0,1
Moghla Coal Mine,J & K,JKML,0.01,,,,,,,0.01,,1,0,,,0,1,1,0
Mohan (Mohan OC + Mouri UG),Madhya Pradesh,WCL,0.54,,,,,,,0.54,,1,0,,,0,1,1,0
Mohan (Mohan OC),Madhya Pradesh,WCL,,0.14,0.0,,-0.14,,-100.0,0.07,0.09899494936611666,2,1,-0.14,-100.0,1,0,0,1
Mohan (Mohan UG),Madhya Pradesh,WCL,,0.15,0.04,,-0.10999999999999999,,-73.33333333333333,0.095,0.07778174593052023,2,0,-0.10999999999999999,-73.33333333333333,1,0,0,1
Mohanpur (Expn),West Bengal,ECL,0.77,1.08,2.0,0.31000000000000005,0.9199999999999999,40.25974025974027,85.18518518518518,1.2833333333333334,0.6397134775298495,3,0,0.9199999999999999,85.18518518518518,0,0,0,1
Moher & Moher Amlohri Ext.,Madhya Pradesh,SPL,,,18.28,,,,,18.28,,1,0,,,1,1,0,0
Moher & Moher Amlohri Ext. OCP,Madhya Pradesh,SPL,,16.31,,,,,,16.31,,1,0,,,1,0,1,0
Moher & Moher Amlohri OCP,Madhya Pradesh,SPL,18.04,,,,,,,18.04,,1,0,,,0,1,1,0
Moonidih,Jharkhand,BCCL,0.59,0.55,0.48,-0.039999999999999925,-0.07000000000000006,-6.77966101694914,-12.727272727272737,0.54,0.05567764362830022,3,0,-0.07000000000000006,-12.727272727272737,0,0,0,1
Mudidih,Jharkhand,BCCL,0.0,0.67,0.82,0.67,0.1499999999999999,,22.388059701492523,0.49666666666666665,0.43661577311560024,3,1,0.1499999999999999,22.388059701492523,0,0,0,1
Mungoli Nirguda Extn Deep,Maharashtra,WCL,4.17,,,,,,,4.17,,1,0,,,0,1,1,0
Mungoli OCM,Maharashtra,WCL,,4.31,5.25,,0.9400000000000004,,21.809744779582378,4.779999999999999,0.664680374315355,2,0,0.9400000000000004,21.809744779582378,1,0,0,1
Muraidih OCP,Jharkhand,BCCL,0.0,,,,,,,0.0,,1,1,,,0,1,1,0
Murpar,Maharashtra,WCL,0.07,,,,,,,0.07,,1,0,,,0,1,1,0
Murpar UG,Maharashtra,WCL,,0.02,,,,,,0.02,,1,0,,,1,0,1,0
N.C.P.H. Colliery (NEW),Chhattisgarh,SECL,0.3,0.24,0.27,-0.06,0.030000000000000027,-20.0,12.50000000000001,0.27,0.03,3,0,0.030000000000000027,12.50000000000001,0,0,0,1
N.C.P.H. Colliery OLD,Chhattisgarh,SECL,0.0,,,,,,,0.0,,1,1,,,0,1,1,0
NAKC,Jharkhand,BCCL,0.5,0.62,0.71,0.12,0.08999999999999997,24.0,14.51612903225806,0.61,0.10535653752852736,3,0,0.08999999999999997,14.51612903225806,0,0,0,1
NEW SWANG COLLY.,Jharkhand,CCL,0.89,1.14,,0.2499999999999999,,28.089887640449422,,1.015,0.1767766952966368,2,0,,,0,0,1,1
NTST-Jeenagora,Jharkhand,BCCL,3.81,6.05,4.77,2.2399999999999998,-1.2800000000000002,58.79265091863516,-21.157024793388434,4.876666666666666,1.1238030669709587,3,0,-1.2800000000000002,-21.157024793388434,0,0,0,1
Naba Kajora Colliery,West Bengal,ECL,0.03,0.0,,-0.03,,-100.0,,0.015,0.021213203435596427,2,1,,,0,0,1,1
Nabakajora Colliery,West Bengal,ECL,,,0.0,,,,,0.0,,1,1,,,1,1,0,0
Naigaon OCM,Maharashtra,WCL,,1.25,1.25,,0.0,,0.0,1.25,0.0,2,0,0.0,0.0,1,0,0,1
Nakrakonda -Kumardihi 'B' UG,West Bengal,ECL,,,1.51,,,,,1.51,,1,0,,,1,1,0,0
Nakrakonda-Kumardihi-B,West Bengal,ECL,0.77,1.77,,1.0,,129.87012987012986,,1.27,0.7071067811865476,2,0,,,0,0,1,1
Nandan-2 UG Mine,Madhya Pradesh,WCL,0.0,,,,,,,0.0,,1,1,,,0,1,1,0
Nandgaon Incline,Maharashtra,WCL,0.08,,0.06,,,,,0.07,0.014142135623730954,2,0,,,0,1,0,1
Nandira Colliery,Odisha,MCL,0.06,0.06,0.06,0.0,0.0,0.0,0.0,0.06,0.0,3,0,0.0,0.0,0,0,0,1
Nangaon Incline,Maharashtra,WCL,,0.06,,,,,,0.06,,1,0,,,1,0,1,0
Narsamuda Colliery,West Bengal,ECL,0.03,0.05,0.05,0.020000000000000004,0.0,66.66666666666669,0.0,0.043333333333333335,0.011547005383792516,3,0,0.0,0.0,0,0,0,1
Navapara,Chhattisgarh,SECL,0.1,0.08,0.05,-0.020000000000000004,-0.03,-20.000000000000004,-37.5,0.07666666666666666,0.025166114784235832,3,0,-0.03,-37.5,0,0,0,1
Navgaon,Madhya Pradesh,SECL,0.0,,,,,,,0.0,,1,1,,,0,1,1,0
Navin Kunada OC (A),Maharashtra,WCL,0.0,,,,,,,0.0,,1,1,,,0,1,1,0
Neelijay OCM,Maharashtra,WCL,,4.45,4.5,,0.04999999999999982,,1.1235955056179736,4.475,0.03535533905932725,2,0,0.04999999999999982,1.1235955056179736,1,0,0,1
Nehariya,Madhya Pradesh,WCL,0.25,0.28,0.25,0.030000000000000027,-0.030000000000000027,12.00000000000001,-10.714285714285724,0.26,0.017320508075688787,3,0,-0.030000000000000027,-10.714285714285724,0,0,0,1
New Amlai,Madhya Pradesh,SECL,0.0,,,,,,,0.0,,1,1,,,0,1,1,0
New Godhur-Kusunda-Alkusa,Jharkhand,BCCL,1.02,1.03,1.21,0.010000000000000009,0.17999999999999994,0.980392156862746,17.475728155339798,1.0866666666666667,0.10692676621563624,3,0,0.17999999999999994,17.475728155339798,0,0,0,1
New Kenda,West Bengal,ECL,0.24,,,,,,,0.24,,1,0,,,0,1,1,0
New Kenda Colliery,West Bengal,ECL,,0.01,0.62,,0.61,,6100.0,0.315,0.43133513652379396,2,0,0.61,6100.0,1,0,0,1
New Majri - I(A) & II Extn. (A) OC,Maharashtra,WCL,,,2.5,,,,,2.5,,1,0,,,1,1,0,0
New Majri -II A OC,Maharashtra,WCL,1.67,2.4,,0.73,,43.712574850299404,,2.035,0.5161879502661797,2,0,,,0,0,1,1
New Majri Collery No.3,Maharashtra,WCL,0.0,,,,,,,0.0,,1,1,,,0,1,1,0
New Majri UG to OC,Maharashtra,WCL,1.93,,,,,,,1.93,,1,0,,,0,1,1,0
New Majri UG to OC Expn.,Maharashtra,WCL,,1.86,1.53,,-0.33000000000000007,,-17.74193548387097,1.695,0.23334523779156074,2,0,-0.33000000000000007,-17.74193548387097,1,0,0,1
New Moghla Coal Mine,J & K,JKML,,0.01,0.01,,0.0,,0.0,0.01,0.0,2,0,0.0,0.0,1,0,0,1
"New Select Dhori,",Jharkhand,CCL,0.0,,,,,,,0.0,,1,1,,,0,1,1,0
New Sethia,Madhya Pradesh,WCL,0.05,0.02,,-0.030000000000000002,,-60.0,,0.035,0.021213203435596427,2,0,,,0,0,1,1
Nichitpur,Jharkhand,BCCL,1.73,1.73,1.79,0.0,0.06000000000000005,0.0,3.4682080924855523,1.75,0.03464101615137758,3,0,0.06000000000000005,3.4682080924855523,0,0,0,1
Nigahi Project,Madhya Pradesh,NCL,21.0,22.5,22.5,1.5,0.0,7.142857142857142,0.0,22.0,0.8660254037844386,3,0,0.0,0.0,0,0,0,1
Niljai Expansion Deep,Maharashtra,WCL,3.75,,,,,,,3.75,,1,0,,,0,1,1,0
Nimcha Colliery & Nimcha OC(Amkola)(H),West Bengal,ECL,0.34,0.39,,0.04999999999999999,,14.705882352941172,,0.365,0.03535533905932737,2,0,,,0,0,1,1
"Nimcha Colliery , Nimcha OC (Amkola) & Nimcha Highwall",West Bengal,ECL,,,0.59,,,,,0.59,,1,0,,,1,1,0,0
Ningah Colliery,West Bengal,ECL,0.02,0.02,0.02,0.0,0.0,0.0,0.0,0.02,0.0,3,0,0.0,0.0,0,0,0,1
Ningha (SSI) OC,West Bengal,ECL,,0.02,0.2,,0.18000000000000002,,900.0,0.11,0.12727922061357855,2,0,0.18000000000000002,900.0,1,0,0,1
Nirsha,Jharkhand,ECL,0.22,0.3,0.15,0.07999999999999999,-0.15,36.36363636363636,-50.0,0.22333333333333336,0.07505553499465134,3,0,-0.15,-50.0,0,0,0,1
Noonodih Jitpur Colliery,Jharkhand,IISCO,0.08,,,,,,,0.08,,1,0,,,0,1,1,0
North Chirimiri,Chhattisgarh,SECL,0.0,,,,,,,0.0,,1,1,,,0,1,1,0
North Jhagrakhand,Chhattisgarh,SECL,0.0,,,,,,,0.0,,1,1,,,0,1,1,0
North Searsole OC Colliery,West Bengal,ECL,0.2,0.37,1.06,0.16999999999999998,0.6900000000000001,84.99999999999999,186.4864864864865,0.5433333333333333,0.45544849690533984,3,0,0.6900000000000001,186.4864864864865,0,0,0,1
North Urimari/Birsa-OC,Jharkhand,CCL,3.6,4.2,4.2,0.6000000000000001,0.0,16.666666666666668,0.0,4.0,0.3464101615137755,3,0,0.0,0.0,0,0,0,1
Nowrozabad (E),Madhya Pradesh,SECL,0.0,,,,,,,0.0,,1,1,,,0,1,1,0
Nowrozabad (W),Madhya Pradesh,SECL,0.09,0.1,0.1,0.010000000000000009,0.0,11.111111111111121,0.0,0.09666666666666668,0.005773502691896263,3,0,0.0,0.0,0,0,0,1
Orient Colliery 1 & 2,Odisha,MCL,0.23,0.19,,-0.04000000000000001,,-17.39130434782609,,0.21000000000000002,0.02828427124746191,2,0,,,0,0,1,1
Orient Mine No. 1 & 2,Odisha,MCL,,,0.2,,,,,0.2,,1,0,,,1,1,0,0
P.B.Project,Jharkhand,BCCL,0.0,,,,,,,0.0,,1,1,,,0,1,1,0
PALI,Madhya Pradesh,SECL,0.13,0.11,,-0.020000000000000004,,-15.384615384615389,,0.12,0.014142135623730954,2,0,,,0,0,1,1
"PVK-5 Incline,",Telangana,SCCL,0.21,0.21,,0.0,,0.0,,0.21,0.0,2,0,,,0,0,1,1
Pacchwara North Coal Mine,Jharkhand,WBPDCL,9.04,,,,,,,9.04,,1,0,,,0,1,1,0
Pacchwara North Coal Mine,Jharkhand,WBPDCL_PN,,15.0,13.71,,-1.2899999999999991,,-8.599999999999994,14.355,0.9121677477306457,2,0,-1.2899999999999991,-8.599999999999994,1,0,0,1
Pachhwara Central Coal Mine,Jharkhand,PSPCL,,0.51,4.63,,4.12,,807.8431372549019,2.57,2.9132799384885755,2,0,4.12,807.8431372549019,1,0,0,1
Padampur OC,Maharashtra,WCL,0.19,0.01,,-0.18,,-94.73684210526315,,0.1,0.12727922061357855,2,0,,,0,0,1,1
Padmavathi Khani No.5 Incline,Telangana,SCCL,,,0.21,,,,,0.21,,1,0,,,1,1,0,0
Pakri Barwadih,Jharkhand,NTPC,8.32,,,,,,,8.32,,1,0,,,0,1,1,0
Pakri Barwadih,Jharkhand,NTPC_PB,,13.23,16.31,,3.0799999999999983,,23.280423280423268,14.77,2.177888886054565,2,0,3.0799999999999983,23.280423280423268,1,0,0,1
Pali,Madhya Pradesh,SECL,,,0.09,,,,,0.09,,1,0,,,1,1,0,0
Palkimara,Chhattisgarh,SECL,0.0,,,,,,,0.0,,1,1,,,0,1,1,0
Pandaveswar UG,West Bengal,ECL,0.08,0.08,0.08,0.0,0.0,0.0,0.0,0.08,0.0,3,0,0.0,0.0,0,0,0,1
Pandavpara Colliery,Chhattisgarh,SECL,0.23,0.22,0.25,-0.010000000000000009,0.03,-4.347826086956525,13.636363636363635,0.2333333333333333,0.015275252316519465,3,0,0.03,13.636363636363635,0,0,0,1
Paoni II OCM,Maharashtra,WCL,3.25,3.25,3.25,0.0,0.0,0.0,0.0,3.25,0.0,3,0,0.0,0.0,0,0,0,1
Paoni OCM,Maharashtra,WCL,0.0,,,,,,,0.0,,1,1,,,0,1,1,0
Parasea Colliery,West Bengal,ECL,0.11,0.11,0.11,0.0,0.0,0.0,0.0,0.11,0.0,3,0,0.0,0.0,0,0,0,1
Parbelia Colliery,West Bengal,ECL,0.05,0.05,0.04,0.0,-0.010000000000000002,0.0,-20.000000000000004,0.04666666666666667,0.005773502691896259,3,0,-0.010000000000000002,-20.000000000000004,0,0,0,1
Parej East OCP,Jharkhand,CCL,0.4,0.42,0.4,0.019999999999999962,-0.019999999999999962,4.99999999999999,-4.761904761904753,0.40666666666666673,0.011547005383792493,3,0,-0.019999999999999962,-4.761904761904753,0,0,0,1
Parsa East and Kanta Basan,Chhattisgarh,RRVUNL,15.0,,,,,,,15.0,,1,0,,,0,1,1,0
Parsa East and Kanta Basan OCM,Chhattisgarh,RRVUNL,,11.8,6.7,,-5.1000000000000005,,-43.22033898305085,9.25,3.606244584051393,2,0,-5.1000000000000005,-43.22033898305085,1,0,0,1
Patansaongi Colliery,Maharashtra,WCL,0.05,0.04,0.04,-0.010000000000000002,0.0,-20.000000000000004,0.0,0.043333333333333335,0.005773502691896258,3,0,0.0,0.0,0,0,0,1
Patmohana Colliery,West Bengal,ECL,0.03,0.04,0.05,0.010000000000000002,0.010000000000000002,33.33333333333334,25.000000000000007,0.04,0.010000000000000002,3,0,0.010000000000000002,25.000000000000007,0,0,0,1
Pawan Incline,Chhattisgarh,SECL,0.0,,,,,,,0.0,,1,1,,,0,1,1,0
Penganga OC,Maharashtra,WCL,6.3,5.71,4.81,-0.5899999999999999,-0.9000000000000004,-9.365079365079364,-15.761821366024526,5.6066666666666665,0.7503554713156515,3,0,-0.9000000000000004,-15.761821366024526,0,0,0,1
Phularitand,Jharkhand,BCCL,0.0,0.0,,0.0,,,,0.0,0.0,2,2,,,0,0,1,1
"Pimpalgaon,",Maharashtra,WCL,0.0,0.0,,0.0,,,,0.0,0.0,2,2,,,0,0,1,1
Pindra Colliery,Jharkhand,CCL,0.0,0.0,0.0,0.0,0.0,,,0.0,0.0,3,3,0.0,,0,0,0,1
Pinoura,Madhya Pradesh,SECL,0.0,,,,,,,0.0,,1,1,,,0,1,1,0
Piparia,Madhya Pradesh,SECL,0.09,0.11,0.08,0.020000000000000004,-0.03,22.222222222222225,-27.27272727272727,0.09333333333333334,0.015275252316519466,3,0,-0.03,-27.27272727272727,0,0,0,1
Piparwar,Jharkhand,CCL,0.0,,,,,,,0.0,,1,1,,,0,1,1,0
Porascol East Colliery,West Bengal,ECL,0.06,0.08,0.07,0.020000000000000004,-0.009999999999999995,33.33333333333334,-12.499999999999993,0.07,0.010000000000000002,3,0,-0.009999999999999995,-12.499999999999993,0,0,0,1
Porascol West Colliery,West Bengal,ECL,0.08,0.07,0.06,-0.009999999999999995,-0.010000000000000009,-12.499999999999993,-14.285714285714295,0.07,0.010000000000000002,3,0,-0.010000000000000009,-14.285714285714295,0,0,0,1
Prakasham Khani OC,Telangana,SCCL,9.75,9.75,10.45,0.0,0.6999999999999993,0.0,7.179487179487172,9.983333333333333,0.4041451884327376,3,0,0.6999999999999993,7.179487179487172,0,0,0,1
Pundi,Jharkhand,CCL,0.0,0.0,0.0,0.0,0.0,,,0.0,0.0,3,3,0.0,,0,0,0,1
Pure Searsole Colliery,West Bengal,ECL,0.04,0.04,0.04,0.0,0.0,0.0,0.0,0.04,0.0,3,0,0.0,0.0,0,0,0,1
Purnadih,Jharkhand,CCL,0.4,0.73,0.59,0.32999999999999996,-0.14,82.49999999999999,-19.178082191780824,0.5733333333333333,0.16563010998406458,3,0,-0.14,-19.178082191780824,0,0,0,1
ROCP/S. Jharia,Jharkhand,BCCL,1.09,1.64,2.16,0.5499999999999998,0.5200000000000002,50.45871559633025,31.70731707317075,1.6300000000000001,0.5350700888668698,3,0,0.5200000000000002,31.70731707317075,0,0,0,1
Rajendra,Madhya Pradesh,SECL,0.16,0.16,0.16,0.0,0.0,0.0,0.0,0.16,0.0,3,0,0.0,0.0,0,0,0,1
Rajgamar 4 & 5,Chhattisgarh,SECL,0.05,,,,,,,0.05,,1,0,,,0,1,1,0
Rajgamar 6 & 7,Chhattisgarh,SECL,0.0,,,,,,,0.0,,1,1,,,0,1,1,0
Rajgamar- 4&5,Chhattisgarh,SECL,,,0.01,,,,,0.01,,1,0,,,1,1,0,0
Rajgamar- 6 & 7,Chhattisgarh,SECL,,0.03,,,,,,0.03,,1,0,,,1,0,1,0
Rajhara,Jharkhand,CCL,0.0,0.0,0.0,0.0,0.0,,,0.0,0.0,3,3,0.0,,0,0,0,1
Rajmahal OCP,Jharkhand,ECL,5.47,5.38,12.05,-0.08999999999999986,6.670000000000001,-1.6453382084095038,123.97769516728627,7.633333333333333,3.825210233873863,3,0,6.670000000000001,123.97769516728627,0,0,0,1
Rajnagar,Madhya Pradesh,SECL,0.0,0.0,0.63,0.0,0.63,,,0.21,0.3637306695894642,3,2,0.63,,0,0,0,1
Rajnagar RO,Madhya Pradesh,SECL,0.21,0.19,0.13,-0.01999999999999999,-0.06,-9.523809523809518,-31.57894736842105,0.17666666666666667,0.04163331998932265,3,0,-0.06,-31.57894736842105,0,0,0,1
Rajpura,Jharkhand,ECL,0.15,0.07,0.08,-0.07999999999999999,0.009999999999999995,-53.333333333333336,14.285714285714276,0.09999999999999999,0.04358898943540673,3,0,0.009999999999999995,14.285714285714276,0,0,0,1
Rajrappa Project,Jharkhand,CCL,0.88,1.33,1.3,0.45000000000000007,-0.030000000000000027,51.13636363636365,-2.2556390977443628,1.17,0.2515949125081825,3,0,-0.030000000000000027,-2.2556390977443628,0,0,0,1
Rajur UG,Maharashtra,WCL,,0.05,0.06,,0.009999999999999995,,19.99999999999999,0.055,0.007071067811865472,2,0,0.009999999999999995,19.99999999999999,1,0,0,1
Rajur/Bhandewada Inc,Maharashtra,WCL,0.05,,,,,,,0.05,,1,0,,,0,1,1,0
Ramagundam OC-I Extn. Ph-II,Telangana,SCCL,3.3,3.3,3.7,0.0,0.40000000000000036,0.0,12.121212121212132,3.4333333333333336,0.23094010767585052,3,0,0.40000000000000036,12.121212121212132,0,0,0,1
Ramagundam OC-II Extn,Telangana,SCCL,3.24,2.41,2.22,-0.8300000000000001,-0.18999999999999995,-25.617283950617285,-7.883817427385889,2.6233333333333335,0.5424327915358117,3,0,-0.18999999999999995,-7.883817427385889,0,0,0,1
Ramagundam-OC 3 & OC III,Telangana,SCCL,8.16,8.16,9.5,0.0,1.3399999999999999,0.0,16.421568627450977,8.606666666666667,0.7736493607140985,3,0,1.3399999999999999,16.421568627450977,0,0,0,1
Ramakrishnapur OC,Telangana,SCCL,2.2,1.88,1.87,-0.3200000000000003,-0.009999999999999787,-14.545454545454556,-0.5319148936170099,1.9833333333333334,0.1877054430040146,3,0,-0.009999999999999787,-0.5319148936170099,0,0,0,1
Ramnagar Colliery,West Bengal,IISCO,0.02,,,,,,,0.02,,1,0,,,0,1,1,0
Ramnagar Colliery,West Bengal,IISCOR,,0.02,0.08,,0.06,,300.0,0.05,0.042426406871192854,2,0,0.06,300.0,1,0,0,1
Rampur Batura,Madhya Pradesh,SECL,,0.05,1.22,,1.17,,2340.0,0.635,0.8273149339882605,2,0,1.17,2340.0,1,0,0,1
Raniatari,Chhattisgarh,SECL,0.41,0.48,0.48,0.07,0.0,17.073170731707318,0.0,0.4566666666666666,0.04041451884327381,3,0,0.0,0.0,0,0,0,1
Ravindra Khani-1A Incline,Telangana,SCCL,,0.07,0.02,,-0.05,,-71.42857142857143,0.045000000000000005,0.03535533905932738,2,0,-0.05,-71.42857142857143,1,0,0,1
"Ravindra Khani-1A,",Telangana,SCCL,0.09,,,,,,,0.09,,1,0,,,0,1,1,0
Ravindra Khani-5 Incline,Telangana,SCCL,0.29,0.3,0.28,0.010000000000000009,-0.019999999999999962,3.448275862068969,-6.666666666666654,0.29,0.009999999999999981,3,0,-0.019999999999999962,-6.666666666666654,0,0,0,1
Ravindra Khani-6 Incline,Telangana,SCCL,0.3,0.21,0.2,-0.09,-0.009999999999999981,-30.0,-4.761904761904753,0.23666666666666666,0.05507570547286101,3,0,-0.009999999999999981,-4.761904761904753,0,0,0,1
"Ravindra Khani-7,Incline",Telangana,SCCL,0.32,0.34,0.34,0.020000000000000018,0.0,6.250000000000005,0.0,0.3333333333333333,0.011547005383792525,3,0,0.0,0.0,0,0,0,1
"Ravindra Khani-New Tech,",Telangana,SCCL,0.27,0.18,0.16,-0.09000000000000002,-0.01999999999999999,-33.33333333333334,-11.111111111111107,0.20333333333333334,0.05859465277082316,3,0,-0.01999999999999999,-11.111111111111107,0,0,0,1
Rehar,Chhattisgarh,SECL,0.1,0.07,0.03,-0.03,-0.04000000000000001,-30.0,-57.14285714285715,0.06666666666666667,0.035118845842842465,3,0,-0.04000000000000001,-57.14285714285715,0,0,0,1
Religara,Jharkhand,CCL,0.5,0.5,0.5,0.0,0.0,0.0,0.0,0.5,0.0,3,0,0.0,0.0,0,0,0,1
Rohini,Jharkhand,CCL,0.68,0.31,0.04,-0.37000000000000005,-0.27,-54.41176470588236,-87.0967741935484,0.3433333333333333,0.3212994449626911,3,0,-0.27,-87.0967741935484,0,0,0,1
SD OC Mine,Jharkhand,CCL,1.95,1.38,1.58,-0.5700000000000001,0.20000000000000018,-29.230769230769234,14.49275362318842,1.6366666666666667,0.28919428302325295,3,0,0.20000000000000018,14.49275362318842,0,0,0,1
Salanpur,Jharkhand,BCCL,0.02,,,,,,,0.02,,1,0,,,0,1,1,0
Samleswari OCP,Odisha,MCL,5.19,6.44,8.06,1.25,1.62,24.084778420038532,25.15527950310559,6.5633333333333335,1.438969538709327,3,0,1.62,25.15527950310559,0,0,0,1
Sankarpur Colliery,West Bengal,ECL,0.25,0.22,0.19,-0.03,-0.03,-12.0,-13.636363636363635,0.21999999999999997,0.03,3,0,-0.03,-13.636363636363635,0,0,0,1
Saoner Mine - II,Maharashtra,WCL,0.13,0.15,0.18,0.01999999999999999,0.03,15.384615384615378,20.0,0.15333333333333335,0.02516611478423583,3,0,0.03,20.0,0,0,0,1
Saoner Mine - III,Maharashtra,WCL,0.12,0.13,0.14,0.010000000000000009,0.010000000000000009,8.333333333333341,7.692307692307699,0.13,0.010000000000000009,3,0,0.010000000000000009,7.692307692307699,0,0,0,1
Saoner Mine-I,Maharashtra,WCL,0.21,0.16,0.19,-0.04999999999999999,0.03,-23.809523809523807,18.75,0.18666666666666668,0.025166114784235825,3,0,0.03,18.75,0,0,0,1
Saraipali,Chhattisgarh,SECL,1.4,1.57,1.68,0.17000000000000015,0.10999999999999988,12.142857142857153,7.006369426751584,1.5499999999999998,0.14106735979665888,3,0,0.10999999999999988,7.006369426751584,0,0,0,1
Sarisatolli Coal Mine,West Bengal,CESC,1.64,1.8,1.29,0.16000000000000014,-0.51,9.756097560975618,-28.333333333333332,1.5766666666666669,0.2608320021265284,3,0,-0.51,-28.333333333333332,0,0,0,1
Sarni Mine,Madhya Pradesh,WCL,0.0,0.0,,0.0,,,,0.0,0.0,2,2,,,0,0,1,1
Sarubera Colliery,Jharkhand,CCL,0.0,0.0,,0.0,,,,0.0,0.0,2,2,,,0,0,1,1
Sasti Colliery,Maharashtra,WCL,0.04,,,,,,,0.04,,1,0,,,0,1,1,0
Sasti Expn. OCM,Maharashtra,WCL,,2.45,1.89,,-0.5600000000000003,,-22.85714285714287,2.17,0.3959797974644668,2,0,-0.5600000000000003,-22.85714285714287,1,0,0,1
Sasti OCM,Maharashtra,WCL,1.46,,,,,,,1.46,,1,0,,,0,1,1,0
Satgram Incline,West Bengal,ECL,0.03,0.03,0.03,0.0,0.0,0.0,0.0,0.03,0.0,3,0,0.0,0.0,0,0,0,1
Satgram Project,West Bengal,ECL,0.05,0.05,0.03,0.0,-0.020000000000000004,0.0,-40.00000000000001,0.043333333333333335,0.011547005383792518,3,0,-0.020000000000000004,-40.00000000000001,0,0,0,1
Saunda (Ncdc),Jharkhand,CCL,0.0,0.0,,0.0,,,,0.0,0.0,2,2,,,0,0,1,1
Saunda-D,Jharkhand,CCL,0.0,,,,,,,0.0,,1,1,,,0,1,1,0
Sawang Colliery,Jharkhand,CCL,0.0,,,,,,,0.0,,1,1,,,0,1,1,0
Sayal `D',Jharkhand,CCL,0.0,0.17,1.01,0.17,0.84,,494.1176470588235,0.3933333333333333,0.5407710544521899,3,1,0.84,494.1176470588235,0,0,0,1
Sel.Dhori OC(Q.N.1),Jharkhand,CCL,0.0,,,,,,,0.0,,1,1,,,0,1,1,0
"Sel.Dhori OC(SDQ-1, OC)",Jharkhand,CCL,0.0,,,,,,,0.0,,1,1,,,0,1,1,0
Sendra Bansjora,Jharkhand,BCCL,1.21,0.73,0.6,-0.48,-0.13,-39.66942148760331,-17.808219178082194,0.8466666666666667,0.321299444962691,3,0,-0.13,-17.808219178082194,0,0,0,1
Shampur A,Jharkhand,ECL,0.0,,,,,,,0.0,,1,1,,,0,1,1,0
Shampur B,Jharkhand,ECL,0.04,0.05,0.05,0.010000000000000002,0.0,25.000000000000007,0.0,0.04666666666666667,0.005773502691896258,3,0,0.0,0.0,0,0,0,1
Shanthi Khani,Telangana,SCCL,,,0.07,,,,,0.07,,1,0,,,1,1,0,0
"Shanthi Khani,",Telangana,SCCL,0.09,0.07,,-0.01999999999999999,,-22.222222222222214,,0.08,0.014142135623730944,2,0,,,0,0,1,1
Sharda,Madhya Pradesh,SECL,0.0,,,,,,,0.0,,1,1,,,0,1,1,0
Sharda Highwall,Madhya Pradesh,SECL,0.32,0.66,0.71,0.34,0.04999999999999993,106.25,7.575757575757565,0.5633333333333334,0.21221058723196007,3,0,0.04999999999999993,7.575757575757565,0,0,0,1
Sharda UG,Madhya Pradesh,WCL,,,0.04,,,,,0.04,,1,0,,,1,1,0,0
Shivani,Chhattisgarh,SECL,0.2,0.18,0.23,-0.020000000000000018,0.05000000000000002,-10.000000000000009,27.77777777777779,0.20333333333333334,0.02516611478423584,3,0,0.05000000000000002,27.77777777777779,0,0,0,1
Shivpuri,Madhya Pradesh,WCL,0.0,,,,,,,0.0,,1,1,,,0,1,1,0
Shobhapur Mine,Madhya Pradesh,WCL,0.02,,,,,,,0.02,,1,0,,,0,1,1,0
Shyam Sundarpur Colliery,West Bengal,ECL,0.65,0.66,0.72,0.010000000000000009,0.05999999999999994,1.5384615384615397,9.090909090909081,0.6766666666666667,0.03785938897200179,3,0,0.05999999999999994,9.090909090909081,0,0,0,1
Sial Ghogri Coal Mine,Madhya Pradesh,RCCPL,0.21,0.35,0.33,0.13999999999999999,-0.019999999999999962,66.66666666666666,-5.714285714285704,0.29666666666666663,0.07571877794400365,3,0,-0.019999999999999962,-5.714285714285704,0,0,0,1
Siarmal OCP,Odisha,MCL,,,7.24,,,,,7.24,,1,0,,,1,1,0,0
Siduli Colliery,West Bengal,ECL,0.07,0.06,0.05,-0.010000000000000009,-0.009999999999999995,-14.285714285714295,-16.66666666666666,0.06,0.010000000000000002,3,0,-0.009999999999999995,-16.66666666666666,0,0,0,1
"Sijua Colliery,",Jharkhand,TSL,0.23,,,,,,,0.23,,1,0,,,0,1,1,0
"Sijua Colliery,",Jharkhand,TSLJH,,0.25,0.25,,0.0,,0.0,0.25,0.0,2,0,0.0,0.0,1,0,0,1
Sikni Open Cast Mine,Jharkhand,JSMDCL,0.05,0.31,0.34,0.26,0.030000000000000027,520.0,9.677419354838717,0.2333333333333333,0.15947831618540914,3,0,0.030000000000000027,9.677419354838717,0,0,0,1
Silewara Colliery,Maharashtra,WCL,0.08,0.05,0.07,-0.03,0.020000000000000004,-37.5,40.00000000000001,0.06666666666666667,0.015275252316519466,3,0,0.020000000000000004,40.00000000000001,0,0,0,1
Simlong OC (Hired),Jharkhand,ECL,0.0,,,,,,,0.0,,1,1,,,0,1,1,0
Singhali Colliery,Chhattisgarh,SECL,0.18,0.13,0.12,-0.04999999999999999,-0.010000000000000009,-27.777777777777775,-7.692307692307699,0.14333333333333334,0.03214550253664318,3,0,-0.010000000000000009,-7.692307692307699,0,0,0,1
Singori OC,Maharashtra,WCL,1.2,1.2,1.2,0.0,0.0,0.0,0.0,1.2,0.0,3,0,0.0,0.0,0,0,0,1
Sirka,Jharkhand,CCL,0.0,0.0,0.12,0.0,0.12,,,0.04,0.06928203230275508,3,2,0.12,,0,0,0,1
Somna,Madhya Pradesh,SECL,0.0,,,,,,,0.0,,1,1,,,0,1,1,0
Sonepur Bazari Project,West Bengal,ECL,9.62,12.0,,2.380000000000001,,24.74012474012475,,10.809999999999999,1.6829141392239837,2,0,,,0,0,1,1
Sonepur Bazari Project OCM,West Bengal,ECL,,,12.37,,,,,12.37,,1,0,,,1,1,0,0
South Samla,West Bengal,ECL,,,0.0,,,,,0.0,,1,1,,,1,1,0,0
Srirampur OC,Telangana,SCCL,2.78,3.1,3.17,0.3200000000000003,0.06999999999999984,11.510791366906487,2.2580645161290267,3.016666666666667,0.20792626898334268,3,0,0.06999999999999984,2.2580645161290267,0,0,0,1
"Srirampur-1, Incline",Telangana,SCCL,0.15,0.3,0.11,0.15,-0.19,100.0,-63.33333333333334,0.18666666666666665,0.10016652800877812,3,0,-0.19,-63.33333333333334,0,0,0,1
Srirampur-3 & 3A Incline,Telangana,SCCL,,0.4,0.23,,-0.17,,-42.5,0.315,0.12020815280171308,2,0,-0.17,-42.5,1,0,0,1
"Srirampur-3 & 3A,",Telangana,SCCL,0.26,,,,,,,0.26,,1,0,,,0,1,1,0
Subhas Incline,Madhya Pradesh,SECL,0.0,,,,,,,0.0,,1,1,,,0,1,1,0
Suliyari,Madhya Pradesh,APMDCL,0.02,,,,,,,0.02,,1,0,,,0,1,1,0
Suliyari Coal Mine,Madhya Pradesh,APMDCL,,1.95,5.0,,3.05,,156.4102564102564,3.475,2.15667568261897,2,0,3.05,156.4102564102564,1,0,0,1
Surakachhar,Chhattisgarh,SECL,0.17,0.06,0.03,-0.11000000000000001,-0.03,-64.70588235294117,-50.0,0.08666666666666667,0.07371114795831994,3,0,-0.03,-50.0,0,0,0,1
Tadicherla 1 OCM,Telangana,TGGENCO,,,2.5,,,,,2.5,,1,0,,,1,1,0,0
Tadicherla 1 OCM,Telangana,TSPGCL,,2.5,,,,,,2.5,,1,0,,,1,0,1,0
Tadicherla I OCM,Telangana,TSPGCL,2.21,,,,,,,2.21,,1,0,,,0,1,1,0
Takli Jena Bellora North & South,Maharashtra,AIPL,,,0.09,,,,,0.09,,1,0,,,1,1,0,0
Talabira 1 Coal Mine,Odisha,GMR,0.0,,,,,,,0.0,,1,1,,,0,1,1,0
Talabira I,Odisha,GMR,,0.0,,,,,,0.0,,1,1,,,1,0,1,0
Talabira II & III,Odisha,NLCIL,6.36,,,,,,,6.36,,1,0,,,0,1,1,0
Talabira II & III,Odisha,NLCIL_T-II&III,,10.03,,,,,,10.03,,1,0,,,1,0,1,0
Talabira II & III,Odisha,NLCL_II&III,,,12.64,,,,,12.64,,1,0,,,1,1,0,0
Talaipalli Coal Mine,Chhattisgarh,NTPC_TP,,2.4,7.54,,5.140000000000001,,214.1666666666667,4.97,3.6345288552988544,2,0,5.140000000000001,214.1666666666667,1,0,0,1
Talaipalli Coal Mining Project,Chhattisgarh,NTPC,0.41,,,,,,,0.41,,1,0,,,0,1,1,0
Talcher(W) UG,Odisha,MCL,0.0,,,,,,,0.0,,1,1,,,0,1,1,0
Tandsi,Madhya Pradesh,WCL,0.16,0.09,0.04,-0.07,-0.049999999999999996,-43.75000000000001,-55.55555555555556,0.09666666666666666,0.060277137733417085,3,0,-0.049999999999999996,-55.55555555555556,0,0,0,1
Tapin North,Jharkhand,CCL,1.5,2.06,2.22,0.56,0.16000000000000014,37.333333333333336,7.766990291262142,1.9266666666666667,0.37806525010020875,3,0,0.16000000000000014,7.766990291262142,0,0,0,1
Tapin South,Jharkhand,CCL,0.85,1.1,1.43,0.2500000000000001,0.32999999999999985,29.411764705882366,29.999999999999982,1.1266666666666667,0.2909180869821148,3,0,0.32999999999999985,29.999999999999982,0,0,0,1
Tara(E&W),West Bengal,WBPDCL_T,,,0.11,,,,,0.11,,1,0,,,1,1,0,0
Tarmi,Jharkhand,CCL,0.0,0.0,0.28,0.0,0.28,,,0.09333333333333334,0.16165807537309523,3,2,0.28,,0,0,0,1
Tasra Colliery,Jharkhand,SAIL,0.34,0.3,0.33,-0.040000000000000036,0.030000000000000027,-11.764705882352951,10.000000000000009,0.3233333333333333,0.020816659994661344,3,0,0.030000000000000027,10.000000000000009,0,0,0,1
Tawa,Madhya Pradesh,WCL,0.33,,,,,,,0.33,,1,0,,,0,1,1,0
Tawa Mine,Madhya Pradesh,WCL,,0.29,0.28,,-0.009999999999999953,,-3.4482758620689493,0.28500000000000003,0.007071067811865442,2,0,-0.009999999999999953,-3.4482758620689493,1,0,0,1
Tawa-II,Madhya Pradesh,WCL,0.35,0.46,0.42,0.11000000000000004,-0.040000000000000036,31.428571428571445,-8.69565217391305,0.41,0.055677643628300244,3,0,-0.040000000000000036,-8.69565217391305,0,0,0,1
Telwasa OC,Maharashtra,WCL,0.0,,,,,,,0.0,,1,1,,,0,1,1,0
Tetaria Khar,Jharkhand,CCL,1.02,0.91,1.03,-0.10999999999999999,0.12,-10.784313725490195,13.186813186813188,0.9866666666666667,0.06658328118479392,3,0,0.12,13.186813186813188,0,0,0,1
Tetulmari,Jharkhand,BCCL,0.24,0.28,0.32,0.040000000000000036,0.03999999999999998,16.666666666666682,14.285714285714276,0.28,0.04000000000000001,3,0,0.03999999999999998,14.285714285714276,0,0,0,1
Tikak Colliery,Assam,NEC,,0.2,0.2,,0.0,,0.0,0.2,0.0,2,0,0.0,0.0,1,0,0,1
Tilaboni Colliery,West Bengal,ECL,0.13,0.13,0.12,0.0,-0.010000000000000009,0.0,-7.692307692307699,0.12666666666666668,0.005773502691896263,3,0,-0.010000000000000009,-7.692307692307699,0,0,0,1
Tirap Colliery,Assam,NEC,0.03,,0.0,,,,,0.015,0.021213203435596427,2,1,,,0,1,0,1
Topa Colliery,Jharkhand,CCL,0.0,,,,,,,0.0,,1,1,,,0,1,1,0
Topa Marginal Scheme,Jharkhand,CCL,0.44,0.82,0.82,0.37999999999999995,0.0,86.36363636363636,0.0,0.6933333333333334,0.21939310229205777,3,0,0.0,0.0,0,0,0,1
Trans Damodar Coal Mine,West Bengal,DPL,0.51,0.55,1.0,0.040000000000000036,0.44999999999999996,7.843137254901968,81.8181818181818,0.6866666666666666,0.2720906711619002,3,0,0.44999999999999996,81.8181818181818,0,0,0,1
Ukni Deep OC,Maharashtra,WCL,1.5,,,,,,,1.5,,1,0,,,0,1,1,0
Ukni OC,Maharashtra,WCL,,1.75,1.84,,0.09000000000000008,,5.142857142857148,1.795,0.06363961030678934,2,0,0.09000000000000008,5.142857142857148,1,0,0,1
Umaria,Madhya Pradesh,SECL,0.11,0.13,0.12,0.020000000000000004,-0.010000000000000009,18.181818181818183,-7.692307692307699,0.12,0.010000000000000002,3,0,-0.010000000000000009,-7.692307692307699,0,0,0,1
Umrer,Maharashtra,WCL,3.55,,,,,,,3.55,,1,0,,,0,1,1,0
Umrer OC Mine,Maharashtra,WCL,,3.81,3.11,,-0.7000000000000002,,-18.372703412073495,3.46,0.4949747468305834,2,0,-0.7000000000000002,-18.372703412073495,1,0,0,1
Urdhan,Madhya Pradesh,WCL,0.5,0.7,0.7,0.19999999999999996,0.0,39.99999999999999,0.0,0.6333333333333333,0.11547005383792512,3,0,0.0,0.0,0,0,0,1
Urimari,Jharkhand,CCL,0.75,0.76,0.79,0.010000000000000009,0.030000000000000027,1.3333333333333344,3.947368421052635,0.7666666666666666,0.020816659994661344,3,0,0.030000000000000027,3.947368421052635,0,0,0,1
"Utkal C Coal Mine,",Odisha,JSPL_UC,,,1.03,,,,,1.03,,1,0,,,1,1,0,0
Utkal D,Odisha,NALCO,,,2.0,,,,,2.0,,1,0,,,1,1,0,0
Vakilpalli,Telangana,SCCL,0.21,0.35,0.35,0.13999999999999999,0.0,66.66666666666666,0.0,0.3033333333333333,0.0808290376865476,3,0,0.0,0.0,0,0,0,1
Vijay West,Chhattisgarh,SECL,0.49,0.5,0.5,0.010000000000000009,0.0,2.040816326530614,0.0,0.49666666666666665,0.005773502691896262,3,0,0.0,0.0,0,0,0,1
Vindhya,Madhya Pradesh,SECL,0.51,0.49,0.47,-0.020000000000000018,-0.020000000000000018,-3.921568627450984,-4.081632653061228,0.49,0.020000000000000018,3,0,-0.020000000000000018,-4.081632653061228,0,0,0,1
Vishnupuri-II,Madhya Pradesh,WCL,0.07,0.1,0.09,0.03,-0.010000000000000009,42.85714285714285,-10.000000000000009,0.08666666666666667,0.015275252316519465,3,0,-0.010000000000000009,-10.000000000000009,0,0,0,1
W. Chirimiri Patch,Chhattisgarh,SECL,0.0,,,,,,,0.0,,1,1,,,0,1,1,0
Waghoda,Maharashtra,WCL,0.0,,,,,,,0.0,,1,1,,,0,1,1,0
West Bokaro OC Quarry-AB,Jharkhand,TSL,0.0,,,,,,,0.0,,1,1,,,0,1,1,0
West Bokaro OC Quarry-AB,Jharkhand,TSLWB,,0.11,0.33,,0.22000000000000003,,200.00000000000006,0.22,0.15556349186104046,2,0,0.22000000000000003,200.00000000000006,1,0,0,1
West Bokaro OC Quarry-E,Jharkhand,TSL,3.94,,,,,,,3.94,,1,0,,,0,1,1,0
West Bokaro OC Quarry-E,Jharkhand,TSLWB,,0.12,0.25,,0.13,,108.33333333333334,0.185,0.09192388155425119,2,0,0.13,108.33333333333334,1,0,0,1
West Bokaro OC Quarry-SE,Jharkhand,TSL,0.0,,,,,,,0.0,,1,1,,,0,1,1,0
West Bokaro OC Quarry-SE,Jharkhand,TSLWB,,4.86,4.83,,-0.03000000000000025,,-0.617283950617289,4.845000000000001,0.0212132034355966,2,0,-0.03000000000000025,-0.617283950617289,1,0,0,1
West Chirimiri,Chhattisgarh,SECL,0.0,,,,,,,0.0,,1,1,,,0,1,1,0
West Jhagrakhand,Chhattisgarh,SECL,0.12,0.12,0.08,0.0,-0.039999999999999994,0.0,-33.33333333333333,0.10666666666666667,0.023094010767585025,3,0,-0.039999999999999994,-33.33333333333333,0,0,0,1
