Year,State,Company,Producing Mine,Production (in MT)
2021-22,Chhattisgarh,AMBUJA,GP-IV-8 Coal Mine,0.78
2021-22,Madhya Pradesh,APMDCL,Suliyari,0.02
2021-22,Maharashtra,BSIL,Marki Mangli III,0.13
2021-22,Chhattisgarh,BALCO,Chotia Coal Mine,0.00
2021-22,Jharkhand,BCCL,Damoda,0.45
2021-22,Jharkhand,BCCL,AMP Colliery,1.49
2021-22,Jharkhand,BCCL,Phularitand,0.00
2021-22,Jharkhand,BCCL,Madhuban,0.00
2021-22,Jharkhand,BCCL,Muraidih OCP,0.00
2021-22,Jharkhand,BCCL,Amalgamated B OCP,3.70
2021-22,Jharkhand,BCCL,Kharkharee,0.00
2021-22,Jharkhand,BCCL,Maheshpur,0.03
2021-22,Jharkhand,BCCL,Jogidih,0.02
2021-22,Jharkhand,BCCL,ABGC,0.24
2021-22,Jharkhand,BCCL,NAKC,0.50
2021-22,Jharkhand,BCCL,Dharmabandh/S.Govindpur/Teturiya,0.00
2021-22,Jharkhand,BCCL,Salanpur,0.02
2021-22,Jharkhand,BCCL,AKWMC,4.20
2021-22,Jharkhand,BCCL,E.Katras,0.00
2021-22,Jharkhand,BCCL,AGKCC,0.03
2021-22,Jharkhand,BCCL,Mudidih,0.00
2021-22,Jharkhand,BCCL,Kankanee,0.04
2021-22,Jharkhand,BCCL,Sendra Bansjora,1.21
2021-22,Jharkhand,BCCL,Nichitpur,1.73
2021-22,Jharkhand,BCCL,Tetulmari,0.24
2021-22,Jharkhand,BCCL,Bansdeopur,0.21
2021-22,Jharkhand,BCCL,Mudidih,0.00
2021-22,Jharkhand,BCCL,Loyabad,0.00
2021-22,Jharkhand,BCCL,E. Bassuriya,0.16
2021-22,Jharkhand,BCCL,Gondudih/K.Kusunda,2.32
2021-22,Jharkhand,BCCL,New Godhur-Kusunda-Alkusa,1.02
2021-22,Jharkhand,BCCL,Amagamated Dhansar-Industry,0.55
2021-22,Jharkhand,BCCL,Ena,1.00
2021-22,Jharkhand,BCCL,Basuriya,0.00
2021-22,Jharkhand,BCCL,KB-10/12 Pit,0.00
2021-22,Jharkhand,BCCL,P.B.Project,0.00
2021-22,Jharkhand,BCCL,Gopalichuck,0.23
2021-22,Jharkhand,BCCL,Bhagabandh,0.00
2021-22,Jharkhand,BCCL,Kenduadih,0.00
2021-22,Jharkhand,BCCL,Buragarh,0.00
2021-22,Jharkhand,BCCL,Hurrlidih,0.00
2021-22,Jharkhand,BCCL,5/6 Pit KB,0.00
2021-22,Jharkhand,BCCL,Bastacolla,1.42
2021-22,Jharkhand,BCCL,Bera,0.01
2021-22,Jharkhand,BCCL,Kuya,2.59
2021-22,Jharkhand,BCCL,ROCP/S. Jharia,1.09
2021-22,Jharkhand,BCCL,AEB Simlabhal,0.00
2021-22,Jharkhand,BCCL,Dobari,0.00
2021-22,Jharkhand,BCCL,Ghanoodih,0.00
2021-22,Jharkhand,BCCL,NTST-Jeenagora,3.81
2021-22,Jharkhand,BCCL,Kujama,0.00
2021-22,Jharkhand,BCCL,Joyrampur,0.00
2021-22,Jharkhand,BCCL,Bararee,0.00
2021-22,Jharkhand,BCCL,Bagdigi,0.00
2021-22,Jharkhand,BCCL,Bhowra(S),0.26
2021-22,Jharkhand,BCCL,Bhowra(N),0.00
2021-22,Jharkhand,BCCL,Amalgameted Sudamdih-Patherdih,0.41
2021-22,Jharkhand,BCCL,Amlabad,0.00
2021-22,Jharkhand,BCCL,Basantimata -Dahibari,0.78
2021-22,West Bengal,BCCL,Damagoria OCP,0.16
2021-22,Jharkhand,BCCL,Moonidih,0.59
2021-22,Jharkhand,CCL,Bhurkunda,0.00
2021-22,Jharkhand,CCL,Bhurkunda (Sangum),0.00
2021-22,Jharkhand,CCL,Saunda-D,0.00
2021-22,Jharkhand,CCL,Saunda-D,0.00
2021-22,Jharkhand,CCL,Central Saunda,0.00
2021-22,Jharkhand,CCL,Saunda (Ncdc),0.00
2021-22,Jharkhand,CCL,Sayal `D',0.00
2021-22,Jharkhand,CCL,Urimari,0.00
2021-22,Jharkhand,CCL,Urimari,0.75
2021-22,Jharkhand,CCL,North Urimari/Birsa-OC,3.60
2021-22,Jharkhand,CCL,Gidi `A',0.23
2021-22,Jharkhand,CCL,Gidi `C',0.33
2021-22,Jharkhand,CCL,Religara,0.50
2021-22,Jharkhand,CCL,Religara,0.00
2021-22,Jharkhand,CCL,Sirka,0.00
2021-22,Jharkhand,CCL,Sirka,0.00
2021-22,Jharkhand,CCL,Argada,0.00
2021-22,Jharkhand,CCL,Manki/Churi,0.58
2021-22,Jharkhand,CCL,Dakra Bukbuka,0.55
2021-22,Jharkhand,CCL,K. Dewarkhand,0.95
2021-22,Jharkhand,CCL,Purnadih,0.40
2021-22,Jharkhand,CCL,Karkatta,0.00
2021-22,Jharkhand,CCL,Rohini,0.68
2021-22,Jharkhand,CCL,Rajhara,0.00
2021-22,Jharkhand,CCL,Tetaria Khar,1.02
2021-22,Jharkhand,CCL,Hutar Tetaria Khar,0.00
2021-22,Jharkhand,CCL,Bachra,0.00
2021-22,Jharkhand,CCL,Piparwar,0.00
2021-22,Jharkhand,CCL,Ashoka,13.13
2021-22,Jharkhand,CCL,Magadh OCP,11.50
2021-22,Jharkhand,CCL,Amrapali OCP,16.59
2021-22,Jharkhand,CCL,Rajrappa Project,0.88
2021-22,Jharkhand,CCL,Sarubera Colliery,0.00
2021-22,Jharkhand,CCL,Chainpur(Sarubera) Colly.,0.00
2021-22,Jharkhand,CCL,ARA,0.00
2021-22,Jharkhand,CCL,ARA Reorganisation,0.00
2021-22,Jharkhand,CCL,Kuju Colliery,0.00
2021-22,Jharkhand,CCL,Kuju Colliery,0.00
2021-22,Jharkhand,CCL,Hesagoda,0.00
2021-22,Jharkhand,CCL,Topa Marginal Scheme,0.44
2021-22,Jharkhand,CCL,Topa Colliery,0.00
2021-22,Jharkhand,CCL,Pindra Colliery,0.00
2021-22,Jharkhand,CCL,Pindra Colliery,0.00
2021-22,Jharkhand,CCL,Pundi,0.00
2021-22,Jharkhand,CCL,Karma,0.83
2021-22,Jharkhand,CCL,Parej East OCP,0.40
2021-22,Jharkhand,CCL,Kedla,0.01
2021-22,Jharkhand,CCL,Kedla,0.00
2021-22,Jharkhand,CCL,Tapin North,1.50
2021-22,Jharkhand,CCL,Tapin South,0.85
2021-22,Jharkhand,CCL,Jharkhand OCP,0.50
2021-22,Jharkhand,CCL,Laiyo,0.00
2021-22,Jharkhand,CCL,Bokaro OC (Bermo),0.15
2021-22,Jharkhand,CCL,Kargali OC,0.00
2021-22,Jharkhand,CCL,B.S.I. UG,0.00
2021-22,Jharkhand,CCL,Karo-I OC,2.75
2021-22,Jharkhand,CCL,AKK OCP,4.24
2021-22,Jharkhand,CCL,Karo-I UG(Karo Seam),0.00
2021-22,Jharkhand,CCL,Khasmahal OC,0.00
2021-22,Jharkhand,CCL,Khasmahal UG,0.00
2021-22,Jharkhand,CCL,Karo SPL UG,0.00
2021-22,Jharkhand,CCL,Kabribad OC,0.00
2021-22,Jharkhand,CCL,Giridih OC,0.10
2021-22,Jharkhand,CCL,Konar OCP,0.00
2021-22,Jharkhand,CCL,Giridih UG,0.00
2021-22,Jharkhand,CCL,Aadocm,1.88
2021-22,Jharkhand,CCL,Amlo,0.00
2021-22,Jharkhand,CCL,Dhore East OC,0.00
2021-22,Jharkhand,CCL,SD OC Mine,1.95
2021-22,Jharkhand,CCL,Tarmi,0.00
2021-22,Jharkhand,CCL,"New Select Dhori,",0.00
2021-22,Jharkhand,CCL,Sel.Dhori OC(Q.N.1),0.00
2021-22,Jharkhand,CCL,"Sel.Dhori OC(SDQ-1, OC)",0.00
2021-22,Jharkhand,CCL,Dhori Khas(OC),0.00
2021-22,Jharkhand,CCL,Dhori Khas(UG),0.13
2021-22,Jharkhand,CCL,Kathara Colly.,0.14
2021-22,Jharkhand,CCL,Jarangdih OC.,0.37
2021-22,Jharkhand,CCL,Jarangdih UG.,0.00
2021-22,Jharkhand,CCL,NEW SWANG COLLY.,0.89
2021-22,Jharkhand,CCL,Sawang Colliery,0.00
2021-22,Jharkhand,CCL,"Govindpur,",0.03
2021-22,West Bengal,CESC,Sarisatolli Coal Mine,1.64
2021-22,Chhattisgarh,CSPGCL,Gare Palma Sector III,3.27
2021-22,West Bengal,DPL,Trans Damodar Coal Mine,0.51
2021-22,Jharkhand,DVC,DVC Bermo Mines,0.00
2021-22,Jharkhand,ECL,Madhaipur Colliery,0.17
2021-22,West Bengal,ECL,Pandaveswar UG,0.08
2021-22,West Bengal,ECL,Mandarboni & South Samla,0.06
2021-22,West Bengal,ECL,Khottadih,0.40
2021-22,West Bengal,ECL,Khottadih,0.62
2021-22,West Bengal,ECL,Dalurband OC Patch,0.19
2021-22,West Bengal,ECL,Khandra Colliery,0.08
2021-22,West Bengal,ECL,Bankola Colliery,0.17
2021-22,West Bengal,ECL,Shyam Sundarpur Colliery,0.65
2021-22,West Bengal,ECL,Kumardihi-A Colliery,0.08
2021-22,West Bengal,ECL,Nakrakonda-Kumardihi-B,0.77
2021-22,West Bengal,ECL,Tilaboni Colliery,0.13
2021-22,West Bengal,ECL,Sankarpur Colliery,0.25
2021-22,West Bengal,ECL,Jhanjra Project,3.63
2021-22,West Bengal,ECL,Madhusudanpur 7 Pit Colliery,0.05
2021-22,West Bengal,ECL,Naba Kajora Colliery,0.03
2021-22,West Bengal,ECL,Porascol East Colliery,0.06
2021-22,West Bengal,ECL,Porascol West Colliery,0.08
2021-22,West Bengal,ECL,Jambad UG Colliery,0.14
2021-22,West Bengal,ECL,Khas Kajora Colliery,0.16
2021-22,West Bengal,ECL,Central Kajora Colliery,0.08
2021-22,West Bengal,ECL,Jambad OCP,0.30
2021-22,West Bengal,ECL,Madhabpur & Madhabpur OC (H),0.02
2021-22,West Bengal,ECL,Sonepur Bazari Project,9.62
2021-22,West Bengal,ECL,New Kenda,0.24
2021-22,West Bengal,ECL,Bahula Colliery,0.11
2021-22,West Bengal,ECL,Lower Kenda Colliery,0.05
2021-22,West Bengal,ECL,Chora 7&9 Pits Colliery,0.07
2021-22,West Bengal,ECL,Chora 10 Pit Colliery,0.03
2021-22,West Bengal,ECL,Chora Block Incline UG & Shankarpur OC (D) & Banbahal(H),0.36
2021-22,West Bengal,ECL,Siduli Colliery,0.07
2021-22,West Bengal,ECL,C L Jambad Colliery,0.04
2021-22,West Bengal,ECL,Amritnagar Colliery,0.09
2021-22,West Bengal,ECL,Kunustoria Colliery,0.10
2021-22,West Bengal,ECL,Belbaid Colliery,0.05
2021-22,West Bengal,ECL,Parasea Colliery,0.11
2021-22,West Bengal,ECL,Bansra Colliery,0.26
2021-22,West Bengal,ECL,North Searsole OC Colliery,0.20
2021-22,West Bengal,ECL,Nimcha Colliery & Nimcha OC(Amkola)(H),0.34
2021-22,West Bengal,ECL,J. K. Nagar Colliery,0.17
2021-22,West Bengal,ECL,Pure Searsole Colliery,0.04
2021-22,West Bengal,ECL,Satgram Project,0.05
2021-22,West Bengal,ECL,Satgram Incline,0.03
2021-22,West Bengal,ECL,Chapuikhas Colliery,0.02
2021-22,West Bengal,ECL,Kalidaspur Project,0.07
2021-22,West Bengal,ECL,Ningah Colliery,0.02
2021-22,West Bengal,ECL,Bhanora West Block colliery & Bhanora OC patch (H),0.06
2021-22,West Bengal,ECL,Kalipahari OC (H) A,0.08
2021-22,West Bengal,ECL,Bonjemihari (Extn),0.07
2021-22,West Bengal,ECL,Dabor Ph-II & III OC,0.50
2021-22,West Bengal,ECL,Mohanpur (Expn),0.77
2021-22,West Bengal,ECL,Gourangdhi Extn OC,0.29
2021-22,West Bengal,ECL,Gourandi Begunia,1.46
2021-22,West Bengal,ECL,Itapara OC Patch,0.52
2021-22,West Bengal,ECL,Parbelia Colliery,0.05
2021-22,West Bengal,ECL,Chinakuri - III Colliery,0.05
2021-22,West Bengal,ECL,Bejdih Colliery,0.03
2021-22,West Bengal,ECL,Methani Colliery,0.06
2021-22,West Bengal,ECL,Patmohana Colliery,0.03
2021-22,West Bengal,ECL,Dhemomain Incl Colliery,0.02
2021-22,West Bengal,ECL,Dhemomain Pit Colliery,0.02
2021-22,West Bengal,ECL,Narsamuda Colliery,0.03
2021-22,West Bengal,ECL,Dubeswari Colliery,0.07
2021-22,Jharkhand,ECL,Badjna Colliery,0.05
2021-22,Jharkhand,ECL,Hariajam,0.03
2021-22,Jharkhand,ECL,Khoodia,0.00
2021-22,Jharkhand,ECL,Lakhimata,0.04
2021-22,Jharkhand,ECL,Shampur B,0.04
2021-22,Jharkhand,ECL,Kumardhubi Colliery,0.03
2021-22,Jharkhand,ECL,Nirsha,0.22
2021-22,Jharkhand,ECL,Kapasara,0.32
2021-22,Jharkhand,ECL,Rajpura,0.15
2021-22,Jharkhand,ECL,Barmuri,0.41
2021-22,Jharkhand,ECL,Gopinathpur,0.10
2021-22,Jharkhand,ECL,Chapapur-II,0.19
2021-22,Jharkhand,ECL,Shampur A,0.00
2021-22,Jharkhand,ECL,Chitra East OCP,0.99
2021-22,Jharkhand,ECL,Rajmahal OCP,5.47
2021-22,Jharkhand,ECL,Simlong OC (Hired),0.00
2021-22,Jharkhand,ECL,Hura C,0.00
2021-22,Odisha,GMR,Talabira 1 Coal Mine,0.00
2021-22,Chhattisgarh,HIL,Gare Palma IV/4 Coal Mine,0.56
2021-22,Chhattisgarh,HIL,Gare Palma IV/5 Coal Mine,0.00
2021-22,Jharkhand,HIL,Kathautia Open Cast Coal Mine,0.37
2021-22,Jharkhand,IISCO,Noonodih Jitpur Colliery,0.08
2021-22,Jharkhand,IISCO,Chasnalla Colliery,0.00
2021-22,West Bengal,IISCO,Ramnagar Colliery,0.02
2021-22,J & K,JKML,Metica Coal Mine,0.01
2021-22,J & K,JKML,Moghla Coal Mine,0.01
2021-22,Chhattisgarh,JPL,Gare Palma 1,0.36
2021-22,Madhya Pradesh,JPVL,Amelia (North ) Coal Mine,2.80
2021-22,Jharkhand,JSMDCL,Sikni Open Cast Mine,0.05
2021-22,Maharashtra,KPCL,Baranj,1.26
2021-22,Odisha,MCL,Jagannath OCP,7.03
2021-22,Odisha,MCL,Ananta OCP,13.58
2021-22,Odisha,MCL,Bhubaneswari OCP,28.00
2021-22,Odisha,MCL,Talcher(W) UG,0.00
2021-22,Odisha,MCL,Jagannath UG,0.00
2021-22,Odisha,MCL,Balanda Colliery,0.00
2021-22,Odisha,MCL,Bharatpur,9.25
2021-22,Odisha,MCL,Chendipada OCP,0.00
2021-22,Odisha,MCL,Lingaraj OCP,14.46
2021-22,Odisha,MCL,Kaniha OCP,10.10
2021-22,Odisha,MCL,Balram OCP,6.53
2021-22,Odisha,MCL,Hingula OCP,7.74
2021-22,Odisha,MCL,Nandira Colliery,0.06
2021-22,Odisha,MCL,Lajkura Ocm,4.50
2021-22,Odisha,MCL,Samleswari OCP,5.19
2021-22,Odisha,MCL,Belpahar OCP,7.25
2021-22,Odisha,MCL,Lakhanpur OCP,21.00
2021-22,Odisha,MCL,Basundhara (West),1.00
2021-22,Odisha,MCL,Kulda OCP Balinga,18.50
2021-22,Odisha,MCL,Garjanbahal OCP,13.55
2021-22,Odisha,MCL,Hirakhand Bundia Mine,0.21
2021-22,Odisha,MCL,Orient Colliery 1 & 2,0.23
2021-22,Madhya Pradesh,NCL,Amlohri,14.00
2021-22,Uttar Pradesh,NCL,Bina Extn,9.00
2021-22,Uttar Pradesh,NCL,Dudhichua OCP,22.06
2021-22,Madhya Pradesh,NCL,Jayant OCP,24.75
2021-22,Madhya Pradesh,NCL,Jhingurda OCP,2.74
2021-22,Uttar Pradesh,NCL,Kakri OCP,2.41
2021-22,Uttar Pradesh,NCL,Khadia OCP,14.00
2021-22,Madhya Pradesh,NCL,Nigahi Project,21.00
2021-22,Uttar Pradesh,NCL,Krishnshila OCP,7.00
2021-22,Madhya Pradesh,NCL,Block-B OCP,5.47
2021-22,Assam,NEC,Tirap Colliery,0.03
2021-22,Odisha,NLCIL,Talabira II & III,6.36
2021-22,Jharkhand,NTPC,Pakri Barwadih,8.32
2021-22,Odisha,NTPC,Dulanga Coal Mining Project,5.29
2021-22,Chhattisgarh,NTPC,Talaipalli Coal Mining Project,0.41
2021-22,Odisha,OCPL,Manoharpur Coal Mine,5.25
2021-22,Madhya Pradesh,RCCPL,Sial Ghogri Coal Mine,0.21
2021-22,Chhattisgarh,RRVUNL,Parsa East and Kanta Basan,15.00
2021-22,Jharkhand,SAIL,Tasra Colliery,0.34
2021-22,Telangana,SCCL,"PVK-5 Incline,",0.21
2021-22,Telangana,SCCL,"Gautham Khani,",3.60
2021-22,Telangana,SCCL,Jalagam Vengala Rao OC-2,7.35
2021-22,Telangana,SCCL,Kistaram OC,2.00
2021-22,Telangana,SCCL,Koya Gundem OC II,3.44
2021-22,Telangana,SCCL,"Jawahar Khani-5,",2.50
2021-22,Telangana,SCCL,Prakasham Khani OC,9.75
2021-22,Telangana,SCCL,Manuguru' Opencast,2.10
2021-22,Telangana,SCCL,Kondapuram,0.10
2021-22,Telangana,SCCL,Godavari Khani-1 & 3,0.17
2021-22,Telangana,SCCL,Godavari Khani-2 & 2A,0.27
2021-22,Telangana,SCCL,Godavari Khani-11,0.49
2021-22,Telangana,SCCL,"Medpalli OCP,",0.72
2021-22,Telangana,SCCL,Godavarikhani v OC,0.41
2021-22,Telangana,SCCL,Vakilpalli,0.21
2021-22,Telangana,SCCL,Godavari Khani-7 LEP,0.06
2021-22,Telangana,SCCL,Ramagundam-OC 3 & OC III,8.16
2021-22,Telangana,SCCL,Ramagundam OC-II Extn,3.24
2021-22,Telangana,SCCL,Ramagundam OC-I Extn. Ph-II,3.30
2021-22,Telangana,SCCL,Kakatiya Khani-1 & 1A,0.26
2021-22,Telangana,SCCL,Kakatiya Khani-5 Incline,0.24
2021-22,Telangana,SCCL,"Kakatiya Khani-6, Incline",0.14
2021-22,Telangana,SCCL,Kakatiya Khani-8 & 8A,0.21
2021-22,Telangana,SCCL,Kakatiya Khani-OC II,1.18
2021-22,Telangana,SCCL,Kakatiya Khani-OC-III,0.36
2021-22,Telangana,SCCL,Adriyala Project Area,1.15
2021-22,Telangana,SCCL,Khairagura OC,2.36
2021-22,Telangana,SCCL,Belampalli OC-II,0.09
2021-22,Telangana,SCCL,"Shanthi Khani,",0.09
2021-22,Telangana,SCCL,Kalyan Khani-1,0.18
2021-22,Telangana,SCCL,Kalyan Khani-5,0.16
2021-22,Telangana,SCCL,Kasipet 1 Incline,0.13
2021-22,Telangana,SCCL,"Ravindra Khani-1A,",0.09
2021-22,Telangana,SCCL,Kasipet 2 Incline,0.07
2021-22,Telangana,SCCL,Ramakrishnapur OC,2.20
2021-22,Telangana,SCCL,Kalyan Khani OC,1.76
2021-22,Telangana,SCCL,Ravindra Khani-5 Incline,0.29
2021-22,Telangana,SCCL,Ravindra Khani-6 Incline,0.30
2021-22,Telangana,SCCL,"Ravindra Khani-7,Incline",0.32
2021-22,Telangana,SCCL,"Ravindra Khani-New Tech,",0.27
2021-22,Telangana,SCCL,"Srirampur-1, Incline",0.15
2021-22,Telangana,SCCL,"Srirampur-3 & 3A,",0.26
2021-22,Telangana,SCCL,"Indaram Khani-1A, Incline",0.45
2021-22,Telangana,SCCL,Srirampur OC,2.78
2021-22,Telangana,SCCL,Indaram Khani-OC,1.50
2021-22,Madhya Pradesh,SECL,Dhanpuri,0.00
2021-22,Madhya Pradesh,SECL,Subhas Incline,0.00
2021-22,Madhya Pradesh,SECL,Amlai UG,0.00
2021-22,Madhya Pradesh,SECL,New Amlai,0.00
2021-22,Madhya Pradesh,SECL,Chachai,0.00
2021-22,Madhya Pradesh,SECL,Bangwar,0.65
2021-22,Madhya Pradesh,SECL,Navgaon,0.00
2021-22,Madhya Pradesh,SECL,Rajendra,0.16
2021-22,Madhya Pradesh,SECL,Sharda Highwall,0.32
2021-22,Madhya Pradesh,SECL,Baiga,0.00
2021-22,Madhya Pradesh,SECL,Dhanpuri,0.45
2021-22,Madhya Pradesh,SECL,Sharda,0.00
2021-22,Madhya Pradesh,SECL,Amlai OC,1.32
2021-22,Madhya Pradesh,SECL,Damini,0.30
2021-22,Madhya Pradesh,SECL,Khairaha,0.82
2021-22,Madhya Pradesh,SECL,Nowrozabad (E),0.00
2021-22,Madhya Pradesh,SECL,Nowrozabad (W),0.09
2021-22,Madhya Pradesh,SECL,Birsinghpur,0.00
2021-22,Madhya Pradesh,SECL,PALI,0.13
2021-22,Madhya Pradesh,SECL,Umaria,0.11
2021-22,Madhya Pradesh,SECL,Piparia,0.09
2021-22,Madhya Pradesh,SECL,Pinoura,0.00
2021-22,Madhya Pradesh,SECL,Vindhya,0.51
2021-22,Madhya Pradesh,SECL,Kanchan OC,0.75
2021-22,Madhya Pradesh,SECL,Jamuna RO,0.09
2021-22,Madhya Pradesh,SECL,Jamuna 9 & 10,0.17
2021-22,Madhya Pradesh,SECL,Kotma West,0.00
2021-22,Madhya Pradesh,SECL,Kotma,0.00
2021-22,Madhya Pradesh,SECL,Govinda,0.00
2021-22,Madhya Pradesh,SECL,Meera,0.07
2021-22,Madhya Pradesh,SECL,Bhadra,0.10
2021-22,Madhya Pradesh,SECL,Harad Incline,0.00
2021-22,Madhya Pradesh,SECL,Bartarai,0.17
2021-22,Madhya Pradesh,SECL,Amadand,0.00
2021-22,Madhya Pradesh,SECL,Jamuna OC,0.00
2021-22,Madhya Pradesh,SECL,Kotma OC,0.00
2021-22,Madhya Pradesh,SECL,Amanand OC,1.67
2021-22,Chhattisgarh,SECL,North Jhagrakhand,0.00
2021-22,Chhattisgarh,SECL,West Jhagrakhand,0.12
2021-22,Chhattisgarh,SECL,B' - Seam,0.00
2021-22,Chhattisgarh,SECL,Palkimara,0.00
2021-22,Chhattisgarh,SECL,Hakdibari,0.60
2021-22,Madhya Pradesh,SECL,Rajnagar,0.00
2021-22,Madhya Pradesh,SECL,Rajnagar RO,0.21
2021-22,Madhya Pradesh,SECL,Jhiria South Jhimar,0.18
2021-22,Madhya Pradesh,SECL,Malga,0.00
2021-22,Madhya Pradesh,SECL,Bijuri,0.12
2021-22,Madhya Pradesh,SECL,Somna,0.00
2021-22,Madhya Pradesh,SECL,Behraband,0.42
2021-22,Madhya Pradesh,SECL,Kurja/Sheetaldhara,0.54
2021-22,Madhya Pradesh,SECL,Kapildhara,0.14
2021-22,Madhya Pradesh,SECL,Rajnagar,0.00
2021-22,Chhattisgarh,SECL,N.C.P.H. Colliery (NEW),0.30
2021-22,Chhattisgarh,SECL,N.C.P.H. Colliery OLD,0.00
2021-22,Chhattisgarh,SECL,North Chirimiri,0.00
2021-22,Chhattisgarh,SECL,Duman Hill,0.00
2021-22,Chhattisgarh,SECL,Korea,0.00
2021-22,Chhattisgarh,SECL,West Chirimiri,0.00
2021-22,Chhattisgarh,SECL,Chirimiri Bartunga Hill,0.13
2021-22,Chhattisgarh,SECL,Chirimiri Anjan Hill,0.00
2021-22,Chhattisgarh,SECL,Raniatari,0.41
2021-22,Chhattisgarh,SECL,Kurasia UG & Kurasia OC,0.21
2021-22,Chhattisgarh,SECL,Chirimiri,0.92
2021-22,Chhattisgarh,SECL,W. Chirimiri Patch,0.00
2021-22,Chhattisgarh,SECL,Vijay West,0.49
2021-22,Chhattisgarh,SECL,Churcha,1.29
2021-22,Chhattisgarh,SECL,Churcha West,0.00
2021-22,Chhattisgarh,SECL,Katkona 1& 2,0.23
2021-22,Chhattisgarh,SECL,Katkona 3 & 4,0.00
2021-22,Chhattisgarh,SECL,Pandavpara Colliery,0.23
2021-22,Chhattisgarh,SECL,Jhilimili,0.33
2021-22,Chhattisgarh,SECL,Jainagar 3 & 4 ( Old),0.00
2021-22,Chhattisgarh,SECL,Jainagar 5 & 6 ( New),0.00
2021-22,Chhattisgarh,SECL,Kumda 1 & 2,0.00
2021-22,Chhattisgarh,SECL,Kumda 7 & 8,0.02
2021-22,Chhattisgarh,SECL,Balrampur,0.04
2021-22,Chhattisgarh,SECL,Rehar,0.10
2021-22,Chhattisgarh,SECL,"Bisrampur,",0.00
2021-22,Chhattisgarh,SECL,Gayatri,0.13
2021-22,Chhattisgarh,SECL,Amera,0.00
2021-22,Chhattisgarh,SECL,Amgaon,0.00
2021-22,Chhattisgarh,SECL,Ketki,0.00
2021-22,Chhattisgarh,SECL,Bhatgaon,0.27
2021-22,Chhattisgarh,SECL,Mahamaya,0.00
2021-22,Chhattisgarh,SECL,Kalyani,0.00
2021-22,Chhattisgarh,SECL,Shivani,0.20
2021-22,Chhattisgarh,SECL,Navapara,0.10
2021-22,Chhattisgarh,SECL,Dugga,0.00
2021-22,Chhattisgarh,SECL,Mahan OC,0.02
2021-22,Chhattisgarh,SECL,Mahan II,0.26
2021-22,Chhattisgarh,SECL,Jaganathpur,1.78
2021-22,Chhattisgarh,SECL,Manikpur,4.90
2021-22,Chhattisgarh,SECL,Rajgamar 6 & 7,0.00
2021-22,Chhattisgarh,SECL,Rajgamar 4 & 5,0.05
2021-22,Chhattisgarh,SECL,Pawan Incline,0.00
2021-22,Chhattisgarh,SECL,Banki,0.00
2021-22,Chhattisgarh,SECL,Surakachhar,0.17
2021-22,Chhattisgarh,SECL,Balgi,0.08
2021-22,Chhattisgarh,SECL,Dhelwadih Colliery,0.13
2021-22,Chhattisgarh,SECL,Singhali Colliery,0.18
2021-22,Chhattisgarh,SECL,Bagadeva,0.37
2021-22,Chhattisgarh,SECL,Saraipali,1.40
2021-22,Chhattisgarh,SECL,Gevra,40.45
2021-22,Chhattisgarh,SECL,Dipka,34.38
2021-22,Chhattisgarh,SECL,Kusmunda Project,29.90
2021-22,Chhattisgarh,SECL,Laxman Project,0.00
2021-22,Chhattisgarh,SECL,Baroud,2.52
2021-22,Chhattisgarh,SECL,Chhal,3.34
2021-22,Chhattisgarh,SECL,Dharam Incline,0.00
2021-22,Chhattisgarh,SECL,Jampali,3.00
2021-22,Chhattisgarh,SECL,Chhal Incline,0.00
2021-22,Chhattisgarh,SECL,Bijari OC,1.03
2021-22,Chhattisgarh,SECL,Gare Palma IV/2&3,2.91
2021-22,Chhattisgarh,SECL,Gare Palma IV/1,0.00
2021-22,Chhattisgarh,SEML,Gare Palma IV/7,0.79
2021-22,Maharashtra,SIL,Belgaon UG Coal Mine,0.17
2021-22,Madhya Pradesh,SPL,Moher & Moher Amlohri OCP,18.04
2021-22,Jharkhand,TSL,West Bokaro OC Quarry-AB,0.00
2021-22,Jharkhand,TSL,West Bokaro OC Quarry-E,3.94
2021-22,Jharkhand,TSL,West Bokaro OC Quarry-SE,0.00
2021-22,Jharkhand,TSL,"Jamadoba Colliery,",0.26
2021-22,Jharkhand,TSL,"6 & 7 Pits Colliery,",0.00
2021-22,Jharkhand,TSL,"Digwadih Colliery,",0.00
2021-22,Jharkhand,TSL,"Sijua Colliery,",0.23
2021-22,Jharkhand,TSL,"Bhelatand 'A' Colliery,",0.26
2021-22,Telangana,TSPGCL,Tadicherla I OCM,2.21
2021-22,Maharashtra,TUML,Marki Mangli - I Coal Mine of,0.24
2021-22,Madhya Pradesh,UTCL,Bicharpur,0.02
2021-22,West Bengal,WBPDCL,Barjora Coal Mine,0.32
2021-22,West Bengal,WBPDCL,Barjora (North) Coal Mine,1.03
2021-22,Jharkhand,WBPDCL,Pacchwara North Coal Mine,9.04
2021-22,West Bengal,WBPDCL,Gangaramchak Bhadulia,1.00
2021-22,Maharashtra,WCL,Hindustan Lalpeth Colliery No.1,0.00
2021-22,Maharashtra,WCL,Manna Incline,0.07
2021-22,Maharashtra,WCL,Nandgaon Incline,0.08
2021-22,Maharashtra,WCL,Chanda Rayatwari Colly.,0.00
2021-22,Maharashtra,WCL,Durgapur Rayatwari Colly,0.11
2021-22,Maharashtra,WCL,Mahakali Colliery,0.03
2021-22,Maharashtra,WCL,Hindustan Lalpeth OC,0.46
2021-22,Maharashtra,WCL,Durgapur OC,1.84
2021-22,Maharashtra,WCL,Padampur OC,0.19
2021-22,Maharashtra,WCL,Bhatadi OC Mine,1.30
2021-22,Maharashtra,WCL,Ballarpur 3 & 4 Pits,0.09
2021-22,Maharashtra,WCL,Sasti Colliery,0.04
2021-22,Maharashtra,WCL,Ballarpur OCM,0.27
2021-22,Maharashtra,WCL,Sasti OCM,1.46
2021-22,Maharashtra,WCL,Gouri Exp(A),0.94
2021-22,Maharashtra,WCL,Gouri Deep,0.60
2021-22,Maharashtra,WCL,Paoni OCM,0.00
2021-22,Maharashtra,WCL,Paoni II OCM,3.25
2021-22,Maharashtra,WCL,New Majri UG to OC,1.93
2021-22,Maharashtra,WCL,New Majri -II A OC,1.67
2021-22,Maharashtra,WCL,Telwasa OC,0.00
2021-22,Maharashtra,WCL,Navin Kunada OC (A),0.00
2021-22,Maharashtra,WCL,Junakunada OC,0.00
2021-22,Maharashtra,WCL,Dhorwasa OC,0.00
2021-22,Maharashtra,WCL,New Majri Collery No.3,0.00
2021-22,Maharashtra,WCL,Amalgamated Yekona I & II,2.42
2021-22,Maharashtra,WCL,Bellora Naigaon Deep,0.94
2021-22,Maharashtra,WCL,Niljai Expansion Deep,3.75
2021-22,Maharashtra,WCL,Mungoli Nirguda Extn Deep,4.17
2021-22,Maharashtra,WCL,Kolgaon OC,0.60
2021-22,Maharashtra,WCL,Penganga OC,6.30
2021-22,Maharashtra,WCL,Rajur/Bhandewada Inc,0.05
2021-22,Maharashtra,WCL,Kumberkhani,0.00
2021-22,Maharashtra,WCL,Ukni Deep OC,1.50
2021-22,Maharashtra,WCL,"Pimpalgaon,",0.00
2021-22,Maharashtra,WCL,"Kolarpimpri,",0.51
2021-22,Maharashtra,WCL,"Junad,",0.74
2021-22,Maharashtra,WCL,"Ghonsa,",0.43
2021-22,Maharashtra,WCL,Silewara Colliery,0.08
2021-22,Maharashtra,WCL,Patansaongi Colliery,0.05
2021-22,Maharashtra,WCL,Saoner Mine-I,0.21
2021-22,Maharashtra,WCL,Saoner Mine - II,0.13
2021-22,Maharashtra,WCL,Saoner Mine - III,0.12
2021-22,Maharashtra,WCL,Adasa,0.61
2021-22,Maharashtra,WCL,Waghoda,0.00
2021-22,Maharashtra,WCL,Inder UG to OC,2.00
2021-22,Maharashtra,WCL,Kamptee UG to OC,0.23
2021-22,Maharashtra,WCL,Gondegaon,3.42
2021-22,Maharashtra,WCL,Bhanegaon,0.63
2021-22,Maharashtra,WCL,Singori OC,1.20
2021-22,Maharashtra,WCL,Umrer,3.55
2021-22,Maharashtra,WCL,Makardhokra-I,3.72
2021-22,Maharashtra,WCL,Makardhokra-III,1.13
2021-22,Maharashtra,WCL,Gokul Mine,1.88
2021-22,Maharashtra,WCL,Murpar,0.07
2021-22,Madhya Pradesh,WCL,Shobhapur Mine,0.02
2021-22,Madhya Pradesh,WCL,Sarni Mine,0.00
2021-22,Madhya Pradesh,WCL,Tawa,0.33
2021-22,Madhya Pradesh,WCL,Tawa-II,0.35
2021-22,Madhya Pradesh,WCL,Chhatarpur 1,0.33
2021-22,Madhya Pradesh,WCL,Chhatarpur -II,0.07
2021-22,Madhya Pradesh,WCL,Mahadeopuri,0.08
2021-22,Madhya Pradesh,WCL,Nehariya,0.25
2021-22,Madhya Pradesh,WCL,Vishnupuri-II,0.07
2021-22,Madhya Pradesh,WCL,Mathani,0.07
2021-22,Madhya Pradesh,WCL,New Sethia,0.05
2021-22,Madhya Pradesh,WCL,Shivpuri,0.00
2021-22,Madhya Pradesh,WCL,Chhinda,0.00
2021-22,Madhya Pradesh,WCL,Bhajipani,0.00
2021-22,Madhya Pradesh,WCL,Barkui,0.13
2021-22,Madhya Pradesh,WCL,Urdhan,0.50
2021-22,Madhya Pradesh,WCL,Mohan (Mohan OC + Mouri UG),0.54
2021-22,Madhya Pradesh,WCL,Ghorawari-1,0.00
2021-22,Madhya Pradesh,WCL,Ghorawari-2/Bharat OC,0.00
2021-22,Madhya Pradesh,WCL,Tandsi,0.16
2021-22,Madhya Pradesh,WCL,Nandan-2 UG Mine,0.00
All India Total Production,All India Total Production,All India Total Production,All India Total Production,778.21
2022-23,Chhattisgarh,AMBUJA,GP-IV-8 Coal Mine,1.20
2022-23,Madhya Pradesh,APMDCL,Suliyari Coal Mine,1.95
2022-23,Chhattisgarh,BALCO,Chotia Coal Mine,1.00
2022-23,Jharkhand,BCCL,Damoda,0.52
2022-23,Jharkhand,BCCL,AMP Colliery,1.93
2022-23,Jharkhand,BCCL,Phularitand,0.00
2022-23,Jharkhand,BCCL,Amalgamated B OCP,4.68
2022-23,Jharkhand,BCCL,Kharkharee,0.01
2022-23,Jharkhand,BCCL,Maheshpur,0.03
2022-23,Jharkhand,BCCL,Jogidih,0.01
2022-23,Jharkhand,BCCL,ABGC,0.18
2022-23,Jharkhand,BCCL,NAKC,0.62
2022-23,Jharkhand,BCCL,AKWMC,3.81
2022-23,Jharkhand,BCCL,AGKCC,0.14
2022-23,Jharkhand,BCCL,Mudidih,0.67
2022-23,Jharkhand,BCCL,Kankanee,0.21
2022-23,Jharkhand,BCCL,Sendra Bansjora,0.73
2022-23,Jharkhand,BCCL,Nichitpur,1.73
2022-23,Jharkhand,BCCL,Tetulmari,0.28
2022-23,Jharkhand,BCCL,Basdeopur,0.14
2022-23,Jharkhand,BCCL,Gondudih/K.Kusunda,1.92
2022-23,Jharkhand,BCCL,New Godhur-Kusunda-Alkusa,1.03
2022-23,Jharkhand,BCCL,Amagamated Dhansar-Industry,0.64
2022-23,Jharkhand,BCCL,Ena,2.55
2022-23,Jharkhand,BCCL,Gopalichuck,0.17
2022-23,Jharkhand,BCCL,Bastacolla,1.81
2022-23,Jharkhand,BCCL,Kuya,2.72
2022-23,Jharkhand,BCCL,ROCP/S. Jharia,1.64
2022-23,Jharkhand,BCCL,NTST-Jeenagora,6.05
2022-23,Jharkhand,BCCL,Bhowra(S),0.36
2022-23,Jharkhand,BCCL,Bhowra(N),0.00
2022-23,Jharkhand,BCCL,Amalgameted Sudamdih-Patherdih,0.43
2022-23,Jharkhand,BCCL,Basantimata -Dahibari,0.63
2022-23,Jharkhand,BCCL,Moonidih,0.55
2022-23,West Bengal,BCCL,Damagoria OCP,0.00
2022-23,Maharashtra,BSIL,Marki Mangli -III,0.20
2022-23,Madhya Pradesh,BSMPL,Gotitoria (East & West),0.02
2022-23,Jharkhand,CCL,Bhurkunda,0.00
2022-23,Jharkhand,CCL,Bhurkunda (Sangum),0.41
2022-23,Jharkhand,CCL,Central Saunda,0.00
2022-23,Jharkhand,CCL,Saunda (Ncdc),0.00
2022-23,Jharkhand,CCL,Sayal `D',0.17
2022-23,Jharkhand,CCL,Urimari,0.00
2022-23,Jharkhand,CCL,Urimari,0.76
2022-23,Jharkhand,CCL,North Urimari/Birsa-OC,4.20
2022-23,Jharkhand,CCL,Gidi `A',0.23
2022-23,Jharkhand,CCL,Gidi `C',0.48
2022-23,Jharkhand,CCL,Religara,0.50
2022-23,Jharkhand,CCL,Sirka,0.00
2022-23,Jharkhand,CCL,Manki/Churi,0.71
2022-23,Jharkhand,CCL,Dakra Bukbuka,0.48
2022-23,Jharkhand,CCL,K. Dewarkhand,0.43
2022-23,Jharkhand,CCL,Purnadih,0.73
2022-23,Jharkhand,CCL,Rohini,0.31
2022-23,Jharkhand,CCL,Rajhara,0.00
2022-23,Jharkhand,CCL,Tetaria Khar,0.91
2022-23,Jharkhand,CCL,Ashoka,10.72
2022-23,Jharkhand,CCL,Magadh OCP,15.58
2022-23,Jharkhand,CCL,Amrapali OCP,18.00
2022-23,Jharkhand,CCL,Rajrappa Project,1.33
2022-23,Jharkhand,CCL,Sarubera Colliery,0.00
2022-23,Jharkhand,CCL,Chainpur(Sarubera) Colly.,0.00
2022-23,Jharkhand,CCL,ARA Reorganisation,0.00
2022-23,Jharkhand,CCL,Kuju Colliery,0.00
2022-23,Jharkhand,CCL,Hesagoda,0.00
2022-23,Jharkhand,CCL,Topa Marginal Scheme,0.82
2022-23,Jharkhand,CCL,Pindra Colliery,0.00
2022-23,Jharkhand,CCL,Pundi,0.00
2022-23,Jharkhand,CCL,Karma,0.72
2022-23,Jharkhand,CCL,Parej East OCP,0.42
2022-23,Jharkhand,CCL,Kedla UG,0.00
2022-23,Jharkhand,CCL,Kedla (OC),0.00
2022-23,Jharkhand,CCL,Tapin North,2.06
2022-23,Jharkhand,CCL,Tapin South,1.10
2022-23,Jharkhand,CCL,Jharkhand OCP,0.37
2022-23,Jharkhand,CCL,Laiyo,0.00
2022-23,Jharkhand,CCL,Bokaro OC (Bermo),0.31
2022-23,Jharkhand,CCL,Kargali OC,0.00
2022-23,Jharkhand,CCL,Karo-I OC,1.52
2022-23,Jharkhand,CCL,AKK OCP,6.32
2022-23,Jharkhand,CCL,Kabribad OC,0.00
2022-23,Jharkhand,CCL,Giridih OC,0.20
2022-23,Jharkhand,CCL,Aadocm,2.47
2022-23,Jharkhand,CCL,SD OC Mine,1.38
2022-23,Jharkhand,CCL,Tarmi,0.00
2022-23,Jharkhand,CCL,Dhori Khas(UG),0.13
2022-23,Jharkhand,CCL,Kathara Colly.,0.29
2022-23,Jharkhand,CCL,Jarangdih OC.,0.87
2022-23,Jharkhand,CCL,NEW SWANG COLLY.,1.14
2022-23,Jharkhand,CCL,"Govindpur,",0.03
2022-23,West Bengal,CESC,Sarisatolli Coal Mine,1.80
2022-23,Chhattisgarh,CSPGCL,Gare Palma Sector III,3.62
2022-23,West Bengal,DPL,Trans Damodar Coal Mine,0.55
2022-23,Jharkhand,DVC_B,DVC Bermo Mines,0.00
2022-23,Jharkhand,DVC_T,DVC Tubed Mines,0.03
2022-23,Jharkhand,ECL,Madhaipur Colliery,0.07
2022-23,Jharkhand,ECL,Badjna Colliery,0.09
2022-23,Jharkhand,ECL,Hariajam,0.04
2022-23,Jharkhand,ECL,Khoodia,0.00
2022-23,Jharkhand,ECL,Lakhimata,0.05
2022-23,Jharkhand,ECL,Shampur B,0.05
2022-23,Jharkhand,ECL,Kumardhubi Colliery,0.02
2022-23,Jharkhand,ECL,Nirsha,0.30
2022-23,Jharkhand,ECL,Kapasara,0.13
2022-23,Jharkhand,ECL,Rajpura,0.07
2022-23,Jharkhand,ECL,Barmuri,0.50
2022-23,Jharkhand,ECL,Gopinathpur,0.01
2022-23,Jharkhand,ECL,Chapapur-II,0.39
2022-23,Jharkhand,ECL,Chitra East OCP,1.03
2022-23,Jharkhand,ECL,Rajmahal OCP,5.38
2022-23,Jharkhand,ECL,Hurra'C',0.24
2022-23,West Bengal,ECL,Pandaveswar UG,0.08
2022-23,West Bengal,ECL,Mandarboni & South Samla,0.06
2022-23,West Bengal,ECL,Khottadih UG,0.54
2022-23,West Bengal,ECL,Khottadih OCP,0.53
2022-23,West Bengal,ECL,Dalurband OC Patch,0.16
2022-23,West Bengal,ECL,Khandra Colliery,0.10
2022-23,West Bengal,ECL,Bankola Colliery,0.19
2022-23,West Bengal,ECL,Shyam Sundarpur Colliery,0.66
2022-23,West Bengal,ECL,Kumardihi-A Colliery,0.09
2022-23,West Bengal,ECL,Nakrakonda-Kumardihi-B,1.77
2022-23,West Bengal,ECL,Tilaboni Colliery,0.13
2022-23,West Bengal,ECL,Sankarpur Colliery,0.22
2022-23,West Bengal,ECL,Jhanjra Project,2.92
2022-23,West Bengal,ECL,Madhusudanpur 7 Pit Colliery,0.03
2022-23,West Bengal,ECL,Naba Kajora Colliery,0.00
2022-23,West Bengal,ECL,Porascol East Colliery,0.08
2022-23,West Bengal,ECL,Porascol West Colliery,0.07
2022-23,West Bengal,ECL,Jambad UG Colliery,0.14
2022-23,West Bengal,ECL,Khas Kajora Colliery,0.17
2022-23,West Bengal,ECL,Central Kajora Colliery,0.09
2022-23,West Bengal,ECL,Jambad OCP,0.58
2022-23,West Bengal,ECL,Madhabpur & Madhabpur OC (H),0.03
2022-23,West Bengal,ECL,Sonepur Bazari Project,12.00
2022-23,West Bengal,ECL,New Kenda Colliery,0.01
2022-23,West Bengal,ECL,Bahula Colliery,0.05
2022-23,West Bengal,ECL,Lower Kenda Colliery,0.05
2022-23,West Bengal,ECL,Chora 7&9 Pits Colliery,0.06
2022-23,West Bengal,ECL,Chora 10 Pit Colliery,0.04
2022-23,West Bengal,ECL,Chora Block Incline UG & Shankarpur OC (D) & Banbahal(H),0.38
2022-23,West Bengal,ECL,Siduli Colliery,0.06
2022-23,West Bengal,ECL,C L Jambad Colliery,0.01
2022-23,West Bengal,ECL,Amritnagar Colliery,0.06
2022-23,West Bengal,ECL,Kunustoria Colliery,0.10
2022-23,West Bengal,ECL,Belbaid Colliery,0.04
2022-23,West Bengal,ECL,Parasea Colliery,0.11
2022-23,West Bengal,ECL,Bansra Colliery,0.17
2022-23,West Bengal,ECL,North Searsole OC Colliery,0.37
2022-23,West Bengal,ECL,Nimcha Colliery & Nimcha OC(Amkola)(H),0.39
2022-23,West Bengal,ECL,J. K. Nagar Colliery,0.16
2022-23,West Bengal,ECL,Pure Searsole Colliery,0.04
2022-23,West Bengal,ECL,Satgram Project,0.05
2022-23,West Bengal,ECL,Satgram Incline,0.03
2022-23,West Bengal,ECL,Chapuikhas Colliery,0.02
2022-23,West Bengal,ECL,Kalidaspur Project,0.06
2022-23,West Bengal,ECL,Ningah Colliery,0.02
2022-23,West Bengal,ECL,Ningha (SSI) OC,0.02
2022-23,West Bengal,ECL,Bhanora West Block colliery & Bhanora OC patch (H),0.03
2022-23,West Bengal,ECL,Kalipahari OC (H) A,0.08
2022-23,West Bengal,ECL,Bonjemihari (Extn),0.14
2022-23,West Bengal,ECL,Dabor Ph-II & III OC,0.17
2022-23,West Bengal,ECL,Mohanpur (Expn),1.08
2022-23,West Bengal,ECL,Gourangdhi Extn OC,0.20
2022-23,West Bengal,ECL,Gourandi Begunia,1.32
2022-23,West Bengal,ECL,Itapara OC Patch,0.30
2022-23,West Bengal,ECL,Parbelia Colliery,0.05
2022-23,West Bengal,ECL,Chinakuri - III Colliery,0.07
2022-23,West Bengal,ECL,Bejdih Colliery,0.04
2022-23,West Bengal,ECL,Methani Colliery,0.05
2022-23,West Bengal,ECL,Patmohana Colliery,0.04
2022-23,West Bengal,ECL,Dhemomain Incl Colliery,0.02
2022-23,West Bengal,ECL,Dhemomain Pit Colliery,0.03
2022-23,West Bengal,ECL,Narsamuda Colliery,0.05
2022-23,West Bengal,ECL,Dubeswari Colliery,0.05
2022-23,Odisha,GMR,Talabira I,NA
2022-23,Chhattisgarh,HIL_GP_IV/4,Gare Palma IV/4 Coal Mine,0.56
2022-23,Chhattisgarh,HIL_GP_IV/5,Gare Palma IV/5 Coal Mine,0.00
2022-23,Jharkhand,HIL_KOC,Kathautia Open Cast Coal Mine,0.13
2022-23,Jharkhand,IISCOC,Chasnalla Colliery,0.06
2022-23,Jharkhand,IISCOJ,Jitpur Colliery,0.01
2022-23,West Bengal,IISCOR,Ramnagar Colliery,0.02
2022-23,J & K,JKML,Metica Coal Mine,0.00
2022-23,J & K,JKML,New Moghla Coal Mine,0.01
2022-23,Chhattisgarh,JPL,Gare Palma IV/1,6.00
2022-23,Madhya Pradesh,JPVL,Amelia (North ) Coal Mine,3.36
2022-23,Jharkhand,JSMDCL,Sikni Open Cast Mine,0.31
2022-23,Maharashtra,KPCL,Baranj,1.61
2022-23,Odisha,MCL,Jagannath OCP,7.50
2022-23,Odisha,MCL,Ananta OCP,17.10
2022-23,Odisha,MCL,Bhubaneswari OCP,30.00
2022-23,Odisha,MCL,Bharatpur,9.25
2022-23,Odisha,MCL,Lingaraj OCP,16.51
2022-23,Odisha,MCL,Kaniha OCP,12.15
2022-23,Odisha,MCL,Balram OCP,7.74
2022-23,Odisha,MCL,Hingula OCP,12.38
2022-23,Odisha,MCL,Nandira Colliery,0.06
2022-23,Odisha,MCL,Lajkura Ocm,4.50
2022-23,Odisha,MCL,Samleswari OCP,6.44
2022-23,Odisha,MCL,Belpahar OCP,7.51
2022-23,Odisha,MCL,Lakhanpur OCP,22.50
2022-23,Odisha,MCL,Basundhara (West),0.95
2022-23,Odisha,MCL,Kulda OCP Balinga,21.00
2022-23,Odisha,MCL,Garjanbahal OCP,17.29
2022-23,Odisha,MCL,Hirakhand Bundia Mine,0.19
2022-23,Odisha,MCL,Orient Colliery 1 & 2,0.19
2022-23,Madhya Pradesh,NCL,Amlohri,15.00
2022-23,Madhya Pradesh,NCL,Jayant Project,26.66
2022-23,Madhya Pradesh,NCL,Jhingurda Project,3.25
2022-23,Madhya Pradesh,NCL,Nigahi Project,22.50
2022-23,Madhya Pradesh,NCL,Block-B Project,5.47
2022-23,Uttar Pradesh,NCL,Bina Extn,10.50
2022-23,Uttar Pradesh,NCL,Dudhichua Project,23.03
2022-23,Uttar Pradesh,NCL,Kakri Project,2.26
2022-23,Uttar Pradesh,NCL,Khadia Project,15.00
2022-23,Uttar Pradesh,NCL,Krishnshila OCP,7.50
2022-23,Assam,NEC,Tikak Colliery,0.20
2022-23,Odisha,NLCIL_T-II&III,Talabira II & III,10.03
2022-23,Chhattisgarh,NTPC_CB,Chatti Bariatu Coal Mining Project,0.58
2022-23,Odisha,NTPC_DG,Dulanga Coal Mining Project,7.00
2022-23,Jharkhand,NTPC_PB,Pakri Barwadih,13.23
2022-23,Chhattisgarh,NTPC_TP,Talaipalli Coal Mine,2.40
2022-23,Odisha,OCL,Ardhagram,NA
2022-23,Odisha,OCPL,Manoharpur Coal Mine,8.00
2022-23,Jharkhand,PSPCL,Pachhwara Central Coal Mine,0.51
2022-23,Madhya Pradesh,RCCPL,Sial Ghogri Coal Mine,0.35
2022-23,Chhattisgarh,RRVUNL,Parsa East and Kanta Basan OCM,11.80
2022-23,Jharkhand,SAIL,Tasra Colliery,0.30
2022-23,Telangana,SCCL,Gouthampur Khani OCP,0.59
2022-23,Telangana,SCCL,Jalagam Vengala Rao OC-2,10.00
2022-23,Telangana,SCCL,Kistaram OC,2.00
2022-23,Telangana,SCCL,Koya Gundem OC II,3.00
2022-23,Telangana,SCCL,"Jawahar Khani OC-5,",1.88
2022-23,Telangana,SCCL,Prakasham Khani OC,9.75
2022-23,Telangana,SCCL,Manuguru Opencast,2.10
2022-23,Telangana,SCCL,Kondapuram,0.04
2022-23,Telangana,SCCL,Godavari Khani-1 & 3,0.18
2022-23,Telangana,SCCL,Godavari Khani-2 & 2A,0.24
2022-23,Telangana,SCCL,Godavari Khani-11 Incline,0.84
2022-23,Telangana,SCCL,Godavarikhani v OC,3.46
2022-23,Telangana,SCCL,Vakilpalli,0.35
2022-23,Telangana,SCCL,Ramagundam-OC 3 & OC III,8.16
2022-23,Telangana,SCCL,Ramagundam OC-II Extn,2.41
2022-23,Telangana,SCCL,Ramagundam OC-I Extn. Ph-II,3.30
2022-23,Telangana,SCCL,Kakatiya Khani-1 & 1A Incline,0.25
2022-23,Telangana,SCCL,Kakatiya Khani-5 Incline,0.22
2022-23,Telangana,SCCL,"Kakatiya Khani-6, Incline",0.15
2022-23,Telangana,SCCL,Kakatiya Khani-8 & 8A Incline,0.19
2022-23,Telangana,SCCL,Kakatiya Khani-OC II,1.26
2022-23,Telangana,SCCL,Kakatiya Khani-OC-III,0.78
2022-23,Telangana,SCCL,Adriyala Saft Project,1.71
2022-23,Telangana,SCCL,Khairagura OC,2.92
2022-23,Telangana,SCCL,"Shanthi Khani,",0.07
2022-23,Telangana,SCCL,Kalyan Khani-1 Incline,0.13
2022-23,Telangana,SCCL,Kalyan Khani-5 Incline,0.17
2022-23,Telangana,SCCL,Kasipet 1 Incline,0.11
2022-23,Telangana,SCCL,Ravindra Khani-1A Incline,0.07
2022-23,Telangana,SCCL,Kasipet 2 Incline,0.07
2022-23,Telangana,SCCL,Ramakrishnapur OC,1.88
2022-23,Telangana,SCCL,Kalyan Khani OC,1.85
2022-23,Telangana,SCCL,Ravindra Khani-5 Incline,0.30
2022-23,Telangana,SCCL,Ravindra Khani-6 Incline,0.21
2022-23,Telangana,SCCL,"Ravindra Khani-7,Incline",0.34
2022-23,Telangana,SCCL,"Ravindra Khani-New Tech,",0.18
2022-23,Telangana,SCCL,"Srirampur-1, Incline",0.30
2022-23,Telangana,SCCL,Srirampur-3 & 3A Incline,0.40
2022-23,Telangana,SCCL,"Indaram Khani-1A, Incline",0.48
2022-23,Telangana,SCCL,Srirampur OC,3.10
2022-23,Telangana,SCCL,Indaram Khani-OC,1.50
2022-23,Telangana,SCCL,"PVK-5 Incline,",0.21
2022-23,Chhattisgarh,SECL,West Jhagrakhand,0.12
2022-23,Chhattisgarh,SECL,Hakdibari,0.66
2022-23,Chhattisgarh,SECL,N.C.P.H. Colliery (NEW),0.24
2022-23,Chhattisgarh,SECL,Chirimiri Bartunga Hill,0.11
2022-23,Chhattisgarh,SECL,Raniatari,0.48
2022-23,Chhattisgarh,SECL,Kurasia UG,0.19
2022-23,Chhattisgarh,SECL,Chirimiri,0.70
2022-23,Chhattisgarh,SECL,Vijay West,0.50
2022-23,Chhattisgarh,SECL,Churcha West,1.03
2022-23,Chhattisgarh,SECL,Katkona 1& 2,0.25
2022-23,Chhattisgarh,SECL,Pandavpara Colliery,0.22
2022-23,Chhattisgarh,SECL,Jhilimili Colliery,0.31
2022-23,Chhattisgarh,SECL,Kumda 7 & 8,0.02
2022-23,Chhattisgarh,SECL,Balrampur,0.10
2022-23,Chhattisgarh,SECL,Rehar,0.07
2022-23,Chhattisgarh,SECL,Gayatri,0.19
2022-23,Chhattisgarh,SECL,Amera,0.00
2022-23,Chhattisgarh,SECL,Amgaon,0.74
2022-23,Chhattisgarh,SECL,Ketki,0.00
2022-23,Chhattisgarh,SECL,Bhatgaon,0.23
2022-23,Chhattisgarh,SECL,Shivani,0.18
2022-23,Chhattisgarh,SECL,Navapara,0.08
2022-23,Chhattisgarh,SECL,Jaganathpur,2.26
2022-23,Chhattisgarh,SECL,Manikpur,5.25
2022-23,Chhattisgarh,SECL,Rajgamar- 6 & 7,0.03
2022-23,Chhattisgarh,SECL,Surakachhar,0.06
2022-23,Chhattisgarh,SECL,Balgi,0.07
2022-23,Chhattisgarh,SECL,Dhelwadih Colliery,0.12
2022-23,Chhattisgarh,SECL,Singhali Colliery,0.13
2022-23,Chhattisgarh,SECL,Bagdeva,0.34
2022-23,Chhattisgarh,SECL,Saraipali,1.57
2022-23,Chhattisgarh,SECL,Gevra,52.50
2022-23,Chhattisgarh,SECL,Dipka,32.15
2022-23,Chhattisgarh,SECL,Kusmunda Project,43.05
2022-23,Chhattisgarh,SECL,Baroud OC,3.50
2022-23,Chhattisgarh,SECL,Chhal,3.85
2022-23,Chhattisgarh,SECL,Jampali,3.00
2022-23,Chhattisgarh,SECL,Bijari OC,0.76
2022-23,Madhya Pradesh,SECL,Bangwar,0.65
2022-23,Madhya Pradesh,SECL,Rajendra,0.16
2022-23,Madhya Pradesh,SECL,Sharda Highwall,0.66
2022-23,Madhya Pradesh,SECL,Dhanpuri,0.52
2022-23,Madhya Pradesh,SECL,Amlai OC,2.03
2022-23,Madhya Pradesh,SECL,Damini,0.28
2022-23,Madhya Pradesh,SECL,Khairaha,0.88
2022-23,Madhya Pradesh,SECL,Rampur Batura,0.05
2022-23,Madhya Pradesh,SECL,Nowrozabad (W),0.10
2022-23,Madhya Pradesh,SECL,PALI,0.11
2022-23,Madhya Pradesh,SECL,Umaria,0.13
2022-23,Madhya Pradesh,SECL,Piparia,0.11
2022-23,Madhya Pradesh,SECL,Vindhya,0.49
2022-23,Madhya Pradesh,SECL,Kanchan OC,0.51
2022-23,Madhya Pradesh,SECL,Jamuna RO,0.06
2022-23,Madhya Pradesh,SECL,Jamuna 9 & 10,0.13
2022-23,Madhya Pradesh,SECL,Meera,0.08
2022-23,Madhya Pradesh,SECL,Bhadra,0.13
2022-23,Madhya Pradesh,SECL,Bartarai,0.16
2022-23,Madhya Pradesh,SECL,Amadand,0.87
2022-23,Madhya Pradesh,SECL,Rajnagar RO,0.19
2022-23,Madhya Pradesh,SECL,Jhiria,0.15
2022-23,Madhya Pradesh,SECL,Bijuri,0.14
2022-23,Madhya Pradesh,SECL,Behraband,0.56
2022-23,Madhya Pradesh,SECL,Kurja/Sheetaldhara,0.64
2022-23,Madhya Pradesh,SECL,Kapildhara,0.13
2022-23,Madhya Pradesh,SECL,Rajnagar,0.00
2022-23,Chhattisgarh,SECL(GP 2&3),Gare Palma IV/2&3,2.05
2022-23,Chhattisgarh,SEML,Gare Palma IV/7,1.20
2022-23,Maharashtra,SIL,Belgaon Coal Mine,0.19
2022-23,Madhya Pradesh,SPL,Moher & Moher Amlohri Ext. OCP,16.31
2022-23,Madhya Pradesh,THDC,Amelia Coal Block,0.31
2022-23,Jharkhand,TSLJH,"Jamadoba Colliery,",0.20
2022-23,Jharkhand,TSLJH,"6 & 7 Pits Colliery,",0.00
2022-23,Jharkhand,TSLJH,"Digwadih Colliery,",0.00
2022-23,Jharkhand,TSLJH,"Sijua Colliery,",0.25
2022-23,Jharkhand,TSLJH,"Bhelatand Colliery,",0.23
2022-23,Jharkhand,TSLWB,West Bokaro OC Quarry-AB,0.11
2022-23,Jharkhand,TSLWB,West Bokaro OC Quarry-E,0.12
2022-23,Jharkhand,TSLWB,West Bokaro OC Quarry-SE,4.86
2022-23,Telangana,TSPGCL,Tadicherla 1 OCM,2.50
2022-23,Maharashtra,TUML,Marki Mangli - I Coal Mine,0.18
2022-23,Madhya Pradesh,UTCL,Bicharpur,0.36
2022-23,Odisha,Vedanta,Jamkhani Coal Mine,0.69
2022-23,West Bengal,WBPDCL_B,Barjora Coal Mine,0.50
2022-23,West Bengal,WBPDCL_BN,Barjora (North) Coal Mine,2.01
2022-23,West Bengal,WBPDCL_GB,G & G B Coal Mine,1.20
2022-23,Jharkhand,WBPDCL_PN,Pacchwara North Coal Mine,15.00
2022-23,Madhya Pradesh,WCL,Sarni Mine,0.00
2022-23,Madhya Pradesh,WCL,Tawa Mine,0.29
2022-23,Madhya Pradesh,WCL,Tawa-II,0.46
2022-23,Madhya Pradesh,WCL,Chhatarpur 1,0.41
2022-23,Madhya Pradesh,WCL,Chhatarpur -II,0.13
2022-23,Madhya Pradesh,WCL,Mahadeopuri,0.07
2022-23,Madhya Pradesh,WCL,Nehariya,0.28
2022-23,Madhya Pradesh,WCL,Vishnupuri-II,0.10
2022-23,Madhya Pradesh,WCL,Mathani,0.01
2022-23,Madhya Pradesh,WCL,Dhankasa & Jamunia,0.00
2022-23,Madhya Pradesh,WCL,New Sethia,0.02
2022-23,Madhya Pradesh,WCL,Urdhan,0.70
2022-23,Madhya Pradesh,WCL,Mohan (Mohan OC),0.14
2022-23,Madhya Pradesh,WCL,Mohan (Mohan UG),0.15
2022-23,Madhya Pradesh,WCL,Tandsi,0.09
2022-23,Maharashtra,WCL,Hindustan Lalpeth Colliery No.1,0.00
2022-23,Maharashtra,WCL,Manna Incline,0.01
2022-23,Maharashtra,WCL,Nangaon Incline,0.06
2022-23,Maharashtra,WCL,Durgapur Rayatwari Colly,0.10
2022-23,Maharashtra,WCL,Mahakali Colliery,0.00
2022-23,Maharashtra,WCL,Hindustan Lalpeth OC,1.00
2022-23,Maharashtra,WCL,Durgapur Open Cast,1.73
2022-23,Maharashtra,WCL,Padampur OC,0.01
2022-23,Maharashtra,WCL,Bhatadi OC Mine,1.47
2022-23,Maharashtra,WCL,Ballarpur 3 & 4 Pits,0.11
2022-23,Maharashtra,WCL,Dhoptala OC (Sasti Colliery),0.70
2022-23,Maharashtra,WCL,Ballarpur OCM,0.10
2022-23,Maharashtra,WCL,Sasti Expn. OCM,2.45
2022-23,Maharashtra,WCL,Gouri -Pauni(A) OCM,0.87
2022-23,Maharashtra,WCL,Gouri Deep,0.56
2022-23,Maharashtra,WCL,Paoni II OCM,3.25
2022-23,Maharashtra,WCL,New Majri UG to OC Expn.,1.86
2022-23,Maharashtra,WCL,New Majri -II A OC,2.40
2022-23,Maharashtra,WCL,Amalgamated Yekona I & II,2.75
2022-23,Maharashtra,WCL,Naigaon OCM,1.25
2022-23,Maharashtra,WCL,Neelijay OCM,4.45
2022-23,Maharashtra,WCL,Mungoli OCM,4.31
2022-23,Maharashtra,WCL,Kolgaon OC,0.60
2022-23,Maharashtra,WCL,Penganga OC,5.71
2022-23,Maharashtra,WCL,Ghugus OCM,0.00
2022-23,Maharashtra,WCL,Rajur UG,0.05
2022-23,Maharashtra,WCL,Ukni OC,1.75
2022-23,Maharashtra,WCL,"Pimpalgaon,",0.00
2022-23,Maharashtra,WCL,"Kolarpimpri,",1.50
2022-23,Maharashtra,WCL,"Junad,",0.63
2022-23,Maharashtra,WCL,"Ghonsa,",0.46
2022-23,Maharashtra,WCL,Silewara Colliery,0.05
2022-23,Maharashtra,WCL,Patansaongi Colliery,0.04
2022-23,Maharashtra,WCL,Saoner Mine-I,0.16
2022-23,Maharashtra,WCL,Saoner Mine - II,0.15
2022-23,Maharashtra,WCL,Saoner Mine - III,0.13
2022-23,Maharashtra,WCL,Adasa,0.24
2022-23,Maharashtra,WCL,Amalgamated Inder Kamptee OCM,2.51
2022-23,Maharashtra,WCL,Kamptee UG to OC,0.00
2022-23,Maharashtra,WCL,Amalgamated Gondegaon Ghatrohana,3.50
2022-23,Maharashtra,WCL,Bhanegaon OCM,0.40
2022-23,Maharashtra,WCL,Singori OC,1.20
2022-23,Maharashtra,WCL,MKD-III OC MINE,3.00
2022-23,Maharashtra,WCL,Umrer OC Mine,3.81
2022-23,Maharashtra,WCL,Makardhokra-I OC Expansion Mine,4.20
2022-23,Maharashtra,WCL,Gokul OC Mine + Gokul Extn.,1.88
2022-23,Maharashtra,WCL,Murpar UG,0.02
All India Total Production,All India Total Production,All India Total Production,All India Total Production,893.19
2023-24,West Bengal,ECL,Madhaipur UG/Madhaipur OC,0.16
2023-24,West Bengal,ECL,Pandaveswar UG,0.08
2023-24,West Bengal,ECL,Mandarboni,0.07
2023-24,West Bengal,ECL,South Samla,NA
2023-24,West Bengal,ECL,Khottadih UG,0.52
2023-24,West Bengal,ECL,Khottadih OCP,0.44
2023-24,West Bengal,ECL,Dalurband OC,0.73
2023-24,West Bengal,ECL,Khandra Colliery,0.09
2023-24,West Bengal,ECL,Bankola Colliery,0.16
2023-24,West Bengal,ECL,Shyam Sundarpur Colliery,0.72
2023-24,West Bengal,ECL,Kumardihi-A Colliery,0.09
2023-24,West Bengal,ECL,Nakrakonda -Kumardihi 'B' UG,1.51
2023-24,West Bengal,ECL,Tilaboni Colliery,0.12
2023-24,West Bengal,ECL,Sankarpur Colliery,0.19
2023-24,West Bengal,ECL,Jhanjra Project Colliery,2.66
2023-24,West Bengal,ECL,Madhusudanpur 7 Pit & Incline,0.02
2023-24,West Bengal,ECL,Nabakajora Colliery,0.00
2023-24,West Bengal,ECL,Porascol East Colliery,0.07
2023-24,West Bengal,ECL,Porascol West Colliery,0.06
2023-24,West Bengal,ECL,Jambad UG Colliery,0.11
2023-24,West Bengal,ECL,Khas Kajora Colliery,0.14
2023-24,West Bengal,ECL,Central Kajora Colliery,0.07
2023-24,West Bengal,ECL,Jambad OCP,0.47
2023-24,West Bengal,ECL,Madhabpur UG & Madhabpur OC,0.04
2023-24,West Bengal,ECL,Sonepur Bazari Project OCM,12.37
2023-24,West Bengal,ECL,New Kenda Colliery,0.62
2023-24,West Bengal,ECL,Bahula Colliery,0.05
2023-24,West Bengal,ECL,Lower Kenda Colliery,0.05
2023-24,West Bengal,ECL,Chora 7&9 Pits Colliery,0.06
2023-24,West Bengal,ECL,Chora 10 Pit Colliery,0.04
2023-24,West Bengal,ECL,Chora Block Incline UG & Shankarpur OC & Banbahal OC,0.28
2023-24,West Bengal,ECL,Siduli Colliery,0.05
2023-24,West Bengal,ECL,C L Jambad Colliery,0.03
2023-24,West Bengal,ECL,Amritnagar Colliery,0.05
2023-24,West Bengal,ECL,Kunustoria Colliery,0.08
2023-24,West Bengal,ECL,Belbaid Colliery,0.04
2023-24,West Bengal,ECL,Parasea Colliery,0.11
2023-24,West Bengal,ECL,Bansra Colliery,0.13
2023-24,West Bengal,ECL,North Searsole OC Colliery,1.06
2023-24,West Bengal,ECL,"Nimcha Colliery , Nimcha OC (Amkola) & Nimcha Highwall",0.59
2023-24,West Bengal,ECL,J. K. Nagar Colliery,0.14
2023-24,West Bengal,ECL,Pure Searsole Colliery,0.04
2023-24,West Bengal,ECL,Satgram Project,0.03
2023-24,West Bengal,ECL,Satgram Incline,0.03
2023-24,West Bengal,ECL,Chapuikhas Colliery,0.02
2023-24,West Bengal,ECL,Kalidaspur Project,0.08
2023-24,West Bengal,ECL,Ningah Colliery,0.02
2023-24,West Bengal,ECL,Ningha (SSI) OC,0.20
2023-24,West Bengal,ECL,Bhanora West Block colliery & Bhanora OC patch (H),0.03
2023-24,West Bengal,ECL,Charanpur OCP,0.05
2023-24,West Bengal,ECL,Bonjemehari OC (Extn),0.32
2023-24,West Bengal,ECL,Dabor Ph-II & III OC,0.34
2023-24,West Bengal,ECL,Mohanpur (Expn),2.00
2023-24,West Bengal,ECL,Gourangdih Extn OC,0.74
2023-24,West Bengal,ECL,Gourandi Begunia,1.41
2023-24,West Bengal,ECL,Itapara OC Patch,0.21
2023-24,West Bengal,ECL,Parbelia Colliery,0.04
2023-24,West Bengal,ECL,Chinakuri Mine III,0.07
2023-24,West Bengal,ECL,Bejdih Colliery,0.04
2023-24,West Bengal,ECL,Methani Colliery,0.05
2023-24,West Bengal,ECL,Patmohana Colliery,0.05
2023-24,West Bengal,ECL,Dhemomain Incl Colliery,0.02
2023-24,West Bengal,ECL,Dhemomain Pit Colliery,0.03
2023-24,West Bengal,ECL,Narsamuda Colliery,0.05
2023-24,West Bengal,ECL,Dubeswari Colliery,0.05
2023-24,Jharkhand,ECL,Badjna Colliery,0.11
2023-24,Jharkhand,ECL,Hariajam,0.05
2023-24,Jharkhand,ECL,Khoodia,0.03
2023-24,Jharkhand,ECL,Lakhimata,0.06
2023-24,Jharkhand,ECL,Shampur B,0.05
2023-24,Jharkhand,ECL,Kumardhubi Colliery,0.02
2023-24,Jharkhand,ECL,Nirsha,0.15
2023-24,Jharkhand,ECL,Kapasara,0.04
2023-24,Jharkhand,ECL,Rajpura,0.08
2023-24,Jharkhand,ECL,Barmuri,0.51
2023-24,Jharkhand,ECL,Gopinathpur,0.00
2023-24,Jharkhand,ECL,Chapapur-II & Chappapur 10 Quarry (OC),0.45
2023-24,Jharkhand,ECL,Chitra East OCP,1.76
2023-24,Jharkhand,ECL,Rajmahal OCP,12.05
2023-24,Jharkhand,ECL,Hurra'C',2.07
2023-24,Jharkhand,BCCL,Damoda,0.56
2023-24,Jharkhand,BCCL,AMP Colliery,4.86
2023-24,Jharkhand,BCCL,Amalgamated BOCP,5.36
2023-24,Jharkhand,BCCL,Kharkharee,0.01
2023-24,Jharkhand,BCCL,Maheshpur,0.03
2023-24,Jharkhand,BCCL,Jogidih,0.01
2023-24,Jharkhand,BCCL,ABGC,0.23
2023-24,Jharkhand,BCCL,NAKC,0.71
2023-24,Jharkhand,BCCL,AKWMC,3.10
2023-24,Jharkhand,BCCL,AGKCC,0.02
2023-24,Jharkhand,BCCL,Mudidih,0.82
2023-24,Jharkhand,BCCL,Kankanee,0.33
2023-24,Jharkhand,BCCL,Sendra Bansjora,0.60
2023-24,Jharkhand,BCCL,Nichitpur,1.79
2023-24,Jharkhand,BCCL,Tetulmari,0.32
2023-24,Jharkhand,BCCL,Basdeopur,0.14
2023-24,Jharkhand,BCCL,E.Basuria,0.14
2023-24,Jharkhand,BCCL,Gondudih/Khas Kusunda,1.45
2023-24,Jharkhand,BCCL,New Godhur-Kusunda-Alkusa,1.21
2023-24,Jharkhand,BCCL,Amagamated Dhansar-Industry,0.79
2023-24,Jharkhand,BCCL,Ena,3.00
2023-24,Jharkhand,BCCL,Gopalichuck,0.36
2023-24,Jharkhand,BCCL,Bastacolla,2.10
2023-24,Jharkhand,BCCL,Kuya,2.80
2023-24,Jharkhand,BCCL,ROCP/S. Jharia,2.16
2023-24,Jharkhand,BCCL,NTST-Jeenagora,4.77
2023-24,Jharkhand,BCCL,Joyrampur,0.71
2023-24,Jharkhand,BCCL,Kujama,0.59
2023-24,Jharkhand,BCCL,Bhowra(S),0.71
2023-24,Jharkhand,BCCL,Amalgameted Sudamdih-Patherdih,0.41
2023-24,Jharkhand,BCCL,Basantimata -Dahibari,0.55
2023-24,Jharkhand,BCCL,Moonidih,0.48
2023-24,Jharkhand,CCL,Bhurkunda (Sangum),0.14
2023-24,Jharkhand,CCL,Sayal `D',1.01
2023-24,Jharkhand,CCL,Urimari,0.79
2023-24,Jharkhand,CCL,North Urimari/Birsa-OC,4.20
2023-24,Jharkhand,CCL,Gidi `A',0.49
2023-24,Jharkhand,CCL,Gidi `C',0.60
2023-24,Jharkhand,CCL,Religara,0.50
2023-24,Jharkhand,CCL,Sirka,0.12
2023-24,Jharkhand,CCL,Manki/Churi,0.63
2023-24,Jharkhand,CCL,Dakra Bukbuka,0.29
2023-24,Jharkhand,CCL,K. Dewarkhand,0.86
2023-24,Jharkhand,CCL,Purnadih,0.59
2023-24,Jharkhand,CCL,Rohini,0.04
2023-24,Jharkhand,CCL,Rajhara,0.00
2023-24,Jharkhand,CCL,Tetaria Khar,1.03
2023-24,Jharkhand,CCL,Ashoka,9.85
2023-24,Jharkhand,CCL,Magadh OCP,20.00
2023-24,Jharkhand,CCL,Amrapali OCP,22.58
2023-24,Jharkhand,CCL,Rajrappa Project,1.30
2023-24,Jharkhand,CCL,Chainpur(Sarubera) Colly.,0.00
2023-24,Jharkhand,CCL,Topa Marginal Scheme,0.82
2023-24,Jharkhand,CCL,Pindra Colliery,0.00
2023-24,Jharkhand,CCL,Pundi,0.00
2023-24,Jharkhand,CCL,Karma,0.86
2023-24,Jharkhand,CCL,Parej East OCP,0.40
2023-24,Jharkhand,CCL,Kedla (OC),0.00
2023-24,Jharkhand,CCL,Tapin North,2.22
2023-24,Jharkhand,CCL,Tapin South,1.43
2023-24,Jharkhand,CCL,Jharkhand OCP,0.41
2023-24,Jharkhand,CCL,Bokaro OC (Bermo),0.33
2023-24,Jharkhand,CCL,Karo-I OC,1.32
2023-24,Jharkhand,CCL,AKK OCP,5.36
2023-24,Jharkhand,CCL,Kabribad OC,0.41
2023-24,Jharkhand,CCL,Giridih OC,0.00
2023-24,Jharkhand,CCL,Aadocm,2.61
2023-24,Jharkhand,CCL,SD OC Mine,1.58
2023-24,Jharkhand,CCL,Tarmi,0.28
2023-24,Jharkhand,CCL,Dhori Khas(UG),0.14
2023-24,Jharkhand,CCL,Kathara Colly.,0.42
2023-24,Jharkhand,CCL,Jarangdih OC.,1.48
2023-24,Jharkhand,CCL,Govindpur Ph-II OCP,0.94
2023-24,Jharkhand,CCL,"Govindpur,",0.02
2023-24,Madhya Pradesh,NCL,Amlohri,15.00
2023-24,Uttar Pradesh,NCL,Bina Extn,10.50
2023-24,Uttar Pradesh,NCL,Dudhichua Project,25.00
2023-24,Madhya Pradesh,NCL,Jayant Project,30.00
2023-24,Madhya Pradesh,NCL,Jhingurda Project,3.34
2023-24,Uttar Pradesh,NCL,Kakri Project,1.84
2023-24,Uttar Pradesh,NCL,Khadia Project,15.00
2023-24,Madhya Pradesh,NCL,Nigahi Project,22.50
2023-24,Uttar Pradesh,NCL,Krishnshila OCP,7.50
2023-24,Madhya Pradesh,NCL,Block-B Project,5.47
2023-24,Maharashtra,WCL,Hindustan Lalpeth Colliery No.1,0.00
2023-24,Maharashtra,WCL,Manna Incline,0.00
2023-24,Maharashtra,WCL,Nandgaon Incline,0.06
2023-24,Maharashtra,WCL,Durgapur Rayatwari Colly,0.10
2023-24,Maharashtra,WCL,Mahakali Colliery,0.00
2023-24,Maharashtra,WCL,Hindustan Lalpeth OC,1.00
2023-24,Maharashtra,WCL,Durgapur Open Cast,2.50
2023-24,Maharashtra,WCL,Bhatadi OC Mine,0.85
2023-24,Maharashtra,WCL,Ballarpur 3 & 4 Pits,0.07
2023-24,Maharashtra,WCL,Dhoptala OC (Sasti Colliery),1.68
2023-24,Maharashtra,WCL,Ballarpur OCM,0.63
2023-24,Maharashtra,WCL,Sasti Expn. OCM,1.89
2023-24,Maharashtra,WCL,Gouri -Pauni(A) OCM,2.57
2023-24,Maharashtra,WCL,Gouri Deep,0.38
2023-24,Maharashtra,WCL,Paoni II OCM,3.25
2023-24,Maharashtra,WCL,New Majri UG to OC Expn.,1.53
2023-24,Maharashtra,WCL,New Majri - I(A) & II Extn. (A) OC,2.50
2023-24,Maharashtra,WCL,Amalgamated Yekona I & II,2.75
2023-24,Maharashtra,WCL,Naigaon OCM,1.25
2023-24,Maharashtra,WCL,Neelijay OCM,4.50
2023-24,Maharashtra,WCL,Mungoli OCM,5.25
2023-24,Maharashtra,WCL,Kolgaon OC,0.60
2023-24,Maharashtra,WCL,Penganga OC,4.81
2023-24,Maharashtra,WCL,Rajur UG,0.06
2023-24,Maharashtra,WCL,Ukni OC,1.84
2023-24,Maharashtra,WCL,"Kolarpimpri,",1.50
2023-24,Maharashtra,WCL,"Junad,",0.46
2023-24,Maharashtra,WCL,"Ghonsa,",0.60
2023-24,Maharashtra,WCL,Silewara Colliery,0.07
2023-24,Maharashtra,WCL,Patansaongi Colliery,0.04
2023-24,Maharashtra,WCL,Saoner Mine-I,0.19
2023-24,Maharashtra,WCL,Saoner Mine - II,0.18
2023-24,Maharashtra,WCL,Saoner Mine - III,0.14
2023-24,Maharashtra,WCL,Adasa (UG to OC),0.72
2023-24,Maharashtra,WCL,Amalgamated Inder Kamptee OCM,3.09
2023-24,Maharashtra,WCL,Amalgamated Gondegaon Ghatrohana,3.50
2023-24,Maharashtra,WCL,Bhanegaon OCM,1.15
2023-24,Maharashtra,WCL,Singori OC,1.20
2023-24,Maharashtra,WCL,Makardhokra-III OC MINE,4.43
2023-24,Maharashtra,WCL,Umrer OC Mine,3.11
2023-24,Maharashtra,WCL,Makardhokra-I OC Expansion Mine,4.20
2023-24,Maharashtra,WCL,Gokul OC Mine + Gokul Extn.,1.81
2023-24,Madhya Pradesh,WCL,Tawa Mine,0.28
2023-24,Madhya Pradesh,WCL,Tawa-II,0.42
2023-24,Madhya Pradesh,WCL,Chhatarpur 1,0.65
2023-24,Madhya Pradesh,WCL,Chhatarpur -II,0.05
2023-24,Madhya Pradesh,WCL,Mahadeopuri,0.03
2023-24,Madhya Pradesh,WCL,Nehariya,0.25
2023-24,Madhya Pradesh,WCL,Vishnupuri-II,0.09
2023-24,Madhya Pradesh,WCL,Mathani,0.09
2023-24,Madhya Pradesh,WCL,Dhankasa & Jamunia,0.00
2023-24,Madhya Pradesh,WCL,Chhinda,0.00
2023-24,Madhya Pradesh,WCL,Urdhan,0.70
2023-24,Madhya Pradesh,WCL,Mohan (Mohan OC),0.00
2023-24,Madhya Pradesh,WCL,Mohan (Mohan UG),0.04
2023-24,Madhya Pradesh,WCL,Tandsi,0.04
2023-24,Madhya Pradesh,WCL,Sharda UG,0.04
2023-24,Madhya Pradesh,SECL,Bangwar,0.65
2023-24,Madhya Pradesh,SECL,Rajendra,0.16
2023-24,Madhya Pradesh,SECL,Sharda Highwall,0.71
2023-24,Madhya Pradesh,SECL,Dhanpuri,0.13
2023-24,Madhya Pradesh,SECL,Amlai OC,2.03
2023-24,Madhya Pradesh,SECL,Damini,0.27
2023-24,Madhya Pradesh,SECL,Khairaha,0.88
2023-24,Madhya Pradesh,SECL,Rampur Batura,1.22
2023-24,Madhya Pradesh,SECL,Nowrozabad (W),0.10
2023-24,Madhya Pradesh,SECL,Pali,0.09
2023-24,Madhya Pradesh,SECL,Umaria,0.12
2023-24,Madhya Pradesh,SECL,Piparia,0.08
2023-24,Madhya Pradesh,SECL,Vindhya,0.47
2023-24,Madhya Pradesh,SECL,Kanchan OC,0.91
2023-24,Madhya Pradesh,SECL,Jamuna RO,0.01
2023-24,Madhya Pradesh,SECL,Jamuna 9 & 10,0.13
2023-24,Madhya Pradesh,SECL,Meera,0.08
2023-24,Madhya Pradesh,SECL,Bhadra,0.10
2023-24,Madhya Pradesh,SECL,Bartarai,0.17
2023-24,Madhya Pradesh,SECL,Amadand,1.38
2023-24,Chhattisgarh,SECL,West Jhagrakhand,0.08
2023-24,Chhattisgarh,SECL,Haldibari,0.59
2023-24,Madhya Pradesh,SECL,Rajnagar RO,0.13
2023-24,Madhya Pradesh,SECL,Jhiria,0.19
2023-24,Madhya Pradesh,SECL,Bijuri,0.09
2023-24,Madhya Pradesh,SECL,Behraband,0.60
2023-24,Madhya Pradesh,SECL,Kurja/Sheetaldhara,0.78
2023-24,Madhya Pradesh,SECL,Kapildhara,0.03
2023-24,Madhya Pradesh,SECL,Rajnagar,0.63
2023-24,Chhattisgarh,SECL,N.C.P.H. Colliery (NEW),0.27
2023-24,Chhattisgarh,SECL,Bartunga Hill,0.08
2023-24,Chhattisgarh,SECL,Raniatari,0.48
2023-24,Chhattisgarh,SECL,Kurasia UG,0.20
2023-24,Chhattisgarh,SECL,Chirimiri,0.96
2023-24,Chhattisgarh,SECL,Vijay West,0.50
2023-24,Chhattisgarh,SECL,Churcha RO,1.41
2023-24,Chhattisgarh,SECL,Katkona 1 & 2,0.22
2023-24,Chhattisgarh,SECL,Pandavpara Colliery,0.25
2023-24,Chhattisgarh,SECL,Jhilimili Colliery,0.37
2023-24,Chhattisgarh,SECL,Kumda 7 & 8,0.01
2023-24,Chhattisgarh,SECL,Balrampur,0.12
2023-24,Chhattisgarh,SECL,Rehar,0.03
2023-24,Chhattisgarh,SECL,Gayatri,0.58
2023-24,Chhattisgarh,SECL,Amera,0.28
2023-24,Chhattisgarh,SECL,Amgaon,1.00
2023-24,Chhattisgarh,SECL,Ketki,0.03
2023-24,Chhattisgarh,SECL,Bhatgaon,0.19
2023-24,Chhattisgarh,SECL,Shivani,0.23
2023-24,Chhattisgarh,SECL,Navapara,0.05
2023-24,Chhattisgarh,SECL,Jaganathpur,2.83
2023-24,Chhattisgarh,SECL,Manikpur,5.25
2023-24,Chhattisgarh,SECL,Rajgamar- 4&5,0.01
2023-24,Chhattisgarh,SECL,Surakachhar,0.03
2023-24,Chhattisgarh,SECL,Balgi,0.05
2023-24,Chhattisgarh,SECL,Dhelwadih Colliery,0.13
2023-24,Chhattisgarh,SECL,Singhali Colliery,0.12
2023-24,Chhattisgarh,SECL,Bagdeva,0.29
2023-24,Chhattisgarh,SECL,Saraipali,1.68
2023-24,Chhattisgarh,SECL,Gevra,59.11
2023-24,Chhattisgarh,SECL,Dipka,33.42
2023-24,Chhattisgarh,SECL,Kusmunda Project,50.13
2023-24,Chhattisgarh,SECL,Baroud OC,4.20
2023-24,Chhattisgarh,SECL,Chhal OC,5.51
2023-24,Chhattisgarh,SECL,Jampali,3.00
2023-24,Chhattisgarh,SECL,Bijari OC,1.61
2023-24,Chhattisgarh,SECL(GP 2&3),Gare Palma IV/2&3,0.16
2023-24,Odisha,MCL,Jagannath Re-org OCP,7.50
2023-24,Odisha,MCL,Ananta OCP,20.00
2023-24,Odisha,MCL,Bhubaneswari OCP,24.24
2023-24,Odisha,MCL,Bharatpur OCP,11.12
2023-24,Odisha,MCL,Lingaraj OCP,17.54
2023-24,Odisha,MCL,Kaniha OCP,11.81
2023-24,Odisha,MCL,Balram OCP,7.74
2023-24,Odisha,MCL,Hingula OCP,13.06
2023-24,Odisha,MCL,Nandira Colliery,0.06
2023-24,Odisha,MCL,Lajkura OCP,4.50
2023-24,Odisha,MCL,Samleswari OCP,8.06
2023-24,Odisha,MCL,Int. Lakhanpur-Belpahar-Lilari OCP,32.20
2023-24,Odisha,MCL,Basundhara (West) OCP,1.43
2023-24,Odisha,MCL,Siarmal OCP,7.24
2023-24,Odisha,MCL,Kulda OCP Balinga,21.00
2023-24,Odisha,MCL,Garjanbahal OCP,18.20
2023-24,Odisha,MCL,Hirakhand Bundia Mine,0.20
2023-24,Odisha,MCL,Orient Mine No. 1 & 2,0.20
2023-24,Assam,NEC,Tikak Colliery,0.20
2023-24,Assam,NEC,Tirap Colliery,0.00
2023-24,Telangana,SCCL,Padmavathi Khani No.5 Incline,0.21
2023-24,Telangana,SCCL,Gouthampur Khani OCP,0.13
2023-24,Telangana,SCCL,Jalagam Vengala Rao OC-2,11.07
2023-24,Telangana,SCCL,Kistaram OC,2.40
2023-24,Telangana,SCCL,Koya Gundem OC II,3.00
2023-24,Telangana,SCCL,"Jawahar Khani OC-5,",1.37
2023-24,Telangana,SCCL,Prakasham Khani OC,10.45
2023-24,Telangana,SCCL,Manuguru Opencast,2.10
2023-24,Telangana,SCCL,Kondapuram,0.14
2023-24,Telangana,SCCL,Godavari Khani-1 & 3,0.17
2023-24,Telangana,SCCL,Godavari Khani-2 & 2A,0.22
2023-24,Telangana,SCCL,Godavari Khani-11 Incline,0.61
2023-24,Telangana,SCCL,Godavarikhani V OC,3.51
2023-24,Telangana,SCCL,Vakilpalli,0.35
2023-24,Telangana,SCCL,Ramagundam-OC 3 & OC III,9.50
2023-24,Telangana,SCCL,Ramagundam OC-II Extn,2.22
2023-24,Telangana,SCCL,Ramagundam OC-I Extn. Ph-II,3.70
2023-24,Telangana,SCCL,Kakatiya Khani-1 & 1A Incline,0.22
2023-24,Telangana,SCCL,Kakatiya Khani-5 Incline,0.21
2023-24,Telangana,SCCL,"Kakatiya Khani-6, Incline",0.12
2023-24,Telangana,SCCL,Kakatiya Khani-8 & 8A Incline,0.17
2023-24,Telangana,SCCL,Kakatiya Khani-OC II,1.50
2023-24,Telangana,SCCL,Kakatiya Khani-OC-III,1.37
2023-24,Telangana,SCCL,Adriyala Saft Project,1.47
2023-24,Telangana,SCCL,Khairagura OC,3.75
2023-24,Telangana,SCCL,Shanthi Khani,0.07
2023-24,Telangana,SCCL,Kalyan Khani-1 Incline,0.02
2023-24,Telangana,SCCL,Kalyan Khani-5 Incline,0.20
2023-24,Telangana,SCCL,Kasipet 1 Incline,0.15
2023-24,Telangana,SCCL,Ravindra Khani-1A Incline,0.02
2023-24,Telangana,SCCL,Kasipet 2 Incline,0.10
2023-24,Telangana,SCCL,Ramakrishnapur OC,1.87
2023-24,Telangana,SCCL,Kalyan Khani OC,1.78
2023-24,Telangana,SCCL,Ravindra Khani-5 Incline,0.28
2023-24,Telangana,SCCL,Ravindra Khani-6 Incline,0.20
2023-24,Telangana,SCCL,"Ravindra Khani-7,Incline",0.34
2023-24,Telangana,SCCL,"Ravindra Khani-New Tech,",0.16
2023-24,Telangana,SCCL,"Srirampur-1, Incline",0.11
2023-24,Telangana,SCCL,Srirampur-3 & 3A Incline,0.23
2023-24,Telangana,SCCL,"Indaram Khani-1A, Incline",0.20
2023-24,Telangana,SCCL,Srirampur OC,3.17
2023-24,Telangana,SCCL,Indaram Khani-OC,1.22
2023-24,Jharkhand,JSMDCL,Sikni Open Cast Mine,0.34
2023-24,Jharkhand,DVC_T,DVC Tubed Mines,1.52
2023-24,J & K,JKML,Metica Coal Mine,0.00
2023-24,J & K,JKML,New Moghla Coal Mine,0.01
2023-24,Jharkhand,IISCOJ,Jitpur Colliery,0.03
2023-24,Jharkhand,IISCOC,Chasnalla Colliery,0.10
2023-24,West Bengal,IISCOR,Ramnagar Colliery,0.08
2023-24,West Bengal,IISCOR,Ramnagar Colliery,0.00
2023-24,Jharkhand,SAIL,Tasra Colliery,0.33
2023-24,Jharkhand,NTPC_PB,Pakri Barwadih,16.31
2023-24,Odisha,NTPC_DG,Dulanga Coal Mining Project,7.00
2023-24,Chhattisgarh,NTPC_TP,Talaipalli Coal Mine,7.54
2023-24,Jharkhand,NTPC_CB,Chatti Bariatu Coal Mining Project,3.30
2023-24,Jharkhand,NTPC_KD,Kerandari Coal field,0.24
2023-24,Chhattisgarh,CSPGCL,Gare Palma Sector III,4.00
2023-24,Telangana,TGGENCO,Tadicherla 1 OCM,2.50
2023-24,West Bengal,WBPDCL_B,Barjora Coal Mine,0.50
2023-24,West Bengal,WBPDCL_BN,Barjora (North) Coal Mine,1.12
2023-24,Jharkhand,WBPDCL_PN,Pacchwara North Coal Mine,13.71
2023-24,West Bengal,WBPDCL_GB,G & G B Coal Mine,3.00
2023-24,West Bengal,WBPDCL_T,Tara(E&W),0.11
2023-24,Odisha,NLCL_II&III,Talabira II & III,12.64
2023-24,Chhattisgarh,RRVUNL,Parsa East and Kanta Basan OCM,6.70
2023-24,Odisha,OCPL,Manoharpur Coal Mine,8.51
2023-24,West Bengal,DPL,Trans Damodar Coal Mine,1.00
2023-24,Jharkhand,TSLWB,West Bokaro OC Quarry-AB,0.33
2023-24,Jharkhand,TSLWB,West Bokaro OC Quarry-E,0.25
2023-24,Jharkhand,TSLWB,West Bokaro OC Quarry-SE,4.83
2023-24,Jharkhand,TSLJH,"Jamadoba Colliery,",0.05
2023-24,Jharkhand,TSLJH,"6 & 7 Pits Colliery,",0.00
2023-24,Jharkhand,TSLJH,"Digwadih Colliery,",0.00
2023-24,Jharkhand,TSLJH,"Sijua Colliery,",0.25
2023-24,Jharkhand,TSLJH,"Bhelatand Colliery,",0.22
2023-24,West Bengal,CESC,Sarisatolli Coal Mine,1.29
2023-24,Chhattisgarh,BALCO,Chotia Coal Mine,1.00
2023-24,Madhya Pradesh,JPVL,Amelia (North ) Coal Mine,3.92
2023-24,Madhya Pradesh,SPL,Moher & Moher Amlohri Ext.,18.28
2023-24,Maharashtra,TUML,Marki Mangli - I Coal Mine,0.00
2023-24,Madhya Pradesh,RCCPL,Sial Ghogri Coal Mine,0.33
2023-24,Chhattisgarh,HIL_GP_IV/4,Gare Palma IV/4 Coal Mine,0.47
2023-24,Chhattisgarh,HIL_GP_IV/5,Gare Palma IV/5 Coal Mine,0.00
2023-24,Jharkhand,HIL_KOC,Kathautia Open Cast Coal Mine,0.18
2023-24,Maharashtra,SIL,Belgaon Coal Mine,0.15
2023-24,Chhattisgarh,AMBUJA,GP-IV-8 Coal Mine,0.95
2023-24,Maharashtra,BSIL,Marki Mangli -III,0.11
2023-24,Madhya Pradesh,APMDCL,Suliyari Coal Mine,5.00
2023-24,Maharashtra,KPCL,Baranj,2.50
2023-24,Madhya Pradesh,UTCL,Bicharpur,0.75
2023-24,Chhattisgarh,SEML,Gare Palma IV/7,1.44
2023-24,Jharkhand,PSPCL,Pachhwara Central Coal Mine,4.63
2023-24,Odisha,Vedanta,Jamkhani Coal Mine,2.13
2023-24,Madhya Pradesh,THDC,Amelia Coal Block,1.25
2023-24,Madhya Pradesh,BSMPL,Gotitoria (East) & Gotitora (West),0.30
2023-24,Chhattisgarh,JPL_IV/1,Gare Palma IV/1,7.20
2023-24,Chhattisgarh,JPL_IV/2 & 3,Gare Palma IV/2 &3,0.71
2023-24,Maharashtra,AIPL,Takli Jena Bellora North & South,0.09
2023-24,Odisha,JSPL_UC,"Utkal C Coal Mine,",1.03
2023-24,Chhattisgarh,JSPL_GP IV/6,Gare palma IV/6 vill- Kenjemura,1.80
2023-24,Odisha,NALCO,Utkal D,2.00
All India Total Production,All India Total Production,All India Total Production,All India Total Production,997.83
